date,area,avg_price,baseload_price,peak_price,daytime_price,night_price,solar_crush_price,max_price,min_price
2025/04/01,chubu,13.29,13.29,11.07,12.4,12.81,10.11,18,4.76
2025/04/01,chugoku,12.78,12.78,9.4,11.18,12.81,8.09,18,4.76
2025/04/01,hokkaido,14.54,14.54,10.42,13.04,14.41,8.77,20.3,7.11
2025/04/01,hokuriku,13.27,13.27,10.99,12.35,12.81,10.11,18,4.76
2025/04/01,kansai,13.27,13.27,10.99,12.35,12.81,10.11,18,4.76
2025/04/01,kyushu,12.78,12.78,9.4,11.18,12.81,8.09,18,4.76
2025/04/01,shikoku,4.64,4.64,0.01,0.41,7.77,0.01,7.84,0.01
2025/04/01,system,14.37,14.37,13.39,14.31,13.41,12.69,18.42,8.01
2025/04/01,tohoku,16.5,16.5,17.12,17.73,14.41,16.57,20.3,13.42
2025/04/01,tokyo,16.87,16.87,18.37,18.61,14.41,18.09,20.3,13.42
2025/04/02,chubu,11.47,11.47,10.28,10.54,11.79,9.11,15.73,4.69
2025/04/02,chugoku,10.8,10.8,8.31,9.16,11.53,7.16,14.73,4.69
2025/04/02,hokkaido,15.97,15.97,16.74,17.04,14.3,16.36,19.03,11.28
2025/04/02,hokuriku,11.37,11.37,10.28,10.54,11.53,9.11,15.73,4.69
2025/04/02,kansai,11.37,11.37,10.28,10.54,11.53,9.11,15.73,4.69
2025/04/02,kyushu,10.27,10.27,6.5,7.9,11.53,5.45,14.73,0.01
2025/04/02,shikoku,9.46,9.46,4.76,6.04,11.53,3.52,14.73,0.01
2025/04/02,system,12.62,12.62,10.67,11.64,12.85,9.57,15.17,7.53
2025/04/02,tohoku,16.13,16.13,17.26,17.4,14.3,17.07,19.03,13.63
2025/04/02,tokyo,16.13,16.13,17.26,17.4,14.3,17.07,19.03,13.63
2025/04/03,chubu,11.78,11.78,9.69,10.04,13,8.39,15.03,4.61
2025/04/03,chugoku,10.77,10.77,7.49,8.32,12.22,7.31,14.67,4.61
2025/04/03,hokkaido,17.56,17.56,17.11,17.83,16.38,16.29,20.96,11.19
2025/04/03,hokuriku,11.49,11.49,9.69,10.04,12.22,8.39,15.03,4.61
2025/04/03,kansai,11.49,11.49,9.69,10.04,12.22,8.39,15.03,4.61
2025/04/03,kyushu,9.13,9.13,2.17,4.38,12.22,0.01,14.67,0.01
2025/04/03,shikoku,10.13,10.13,5.53,6.81,12.22,4.56,14.67,0.01
2025/04/03,system,13.45,13.45,10.43,11.74,13.72,9.24,18.23,7
2025/04/03,tohoku,17.24,17.24,17.24,17.92,15.41,16.48,20.42,14.35
2025/04/03,tokyo,17.24,17.24,17.24,17.92,15.41,16.48,20.42,14.35
2025/04/04,chubu,11.35,11.35,7.73,8.53,13.02,6.67,16.32,1
2025/04/04,chugoku,10.95,10.95,6.72,7.82,12.74,5.98,16.32,1
2025/04/04,hokkaido,13.2,13.2,9.81,11.23,14.7,8.77,17.17,6.55
2025/04/04,hokuriku,11.24,11.24,7.73,8.53,12.74,6.67,16.32,1
2025/04/04,kansai,11.24,11.24,7.73,8.53,12.74,6.67,16.32,1
2025/04/04,kyushu,8.97,8.97,0.36,3.07,12.74,0.01,16.32,0.01
2025/04/04,shikoku,10.13,10.13,4.46,5.92,12.74,3.45,16.32,0.01
2025/04/04,system,11.62,11.62,6.79,8.4,13.65,5.73,16.04,0.1
2025/04/04,tohoku,13.19,13.19,9.77,11.2,14.7,8.63,17.17,6.55
2025/04/04,tokyo,14.07,14.07,12.23,12.93,14.82,11.74,17.17,10.39
2025/04/05,chubu,10.03,10.03,7.52,8.31,11.21,6.69,13.1,3.61
2025/04/05,chugoku,10.01,10.01,7.43,8.25,11.21,6.69,13.1,3.61
2025/04/05,hokkaido,10.62,10.62,5,6.74,13.6,4.48,16.57,0.02
2025/04/05,hokuriku,10.01,10.01,7.43,8.25,11.21,6.69,13.1,3.61
2025/04/05,kansai,10.01,10.01,7.43,8.25,11.21,6.69,13.1,3.61
2025/04/05,kyushu,9.82,9.82,6.9,7.8,11.21,6.52,13.1,3.61
2025/04/05,shikoku,9.86,9.86,7.43,7.9,11.21,6.69,13.1,3.61
2025/04/05,system,10.43,10.43,6.76,7.85,12.41,6.13,13.38,3
2025/04/05,tohoku,9.79,9.79,2.14,4.73,13.6,1.24,16.57,0.01
2025/04/05,tokyo,11.79,11.79,8.07,9.17,13.6,7.46,16.57,7
2025/04/06,chubu,9.04,9.04,5.82,6.58,10.52,5.92,12.46,5.56
2025/04/06,chugoku,7.38,7.38,3.39,3.53,9.54,3.64,12.46,0.01
2025/04/06,hokkaido,11.71,11.71,8.49,9.59,13.61,8.37,16.47,5.56
2025/04/06,hokuriku,7.38,7.38,3.39,3.53,9.54,3.64,12.46,0.01
2025/04/06,kansai,7.38,7.38,3.39,3.53,9.54,3.64,12.46,0.01
2025/04/06,kyushu,6.35,6.35,0.01,1.07,9.54,0.01,12.46,0.01
2025/04/06,shikoku,6.57,6.57,0.8,1.61,9.54,0.01,12.46,0.01
2025/04/06,system,9,9,3.35,4.97,11.95,2.89,12.93,0.1
2025/04/06,tohoku,11.62,11.62,8.31,9.4,13.61,8.11,16.47,5.56
2025/04/06,tokyo,11.81,11.81,8.89,9.81,13.61,8.92,16.47,5.56
2025/04/07,chubu,9.4,9.4,4.96,6.17,11.19,4.62,16,0.99
2025/04/07,chugoku,9.4,9.4,4.96,6.17,11.19,4.62,16,0.99
2025/04/07,hokkaido,10.95,10.95,7.27,8.91,12.14,6.8,16.31,3
2025/04/07,hokuriku,9.4,9.4,4.96,6.17,11.19,4.62,16,0.99
2025/04/07,kansai,9.4,9.4,4.96,6.17,11.19,4.62,16,0.99
2025/04/07,kyushu,7.91,7.91,0.01,2.58,11.19,0.01,16,0.01
2025/04/07,shikoku,8.42,8.42,1.9,3.81,11.19,0.36,16,0.01
2025/04/07,system,9.65,9.65,3.91,5.88,12.02,2.48,15.67,0.01
2025/04/07,tohoku,10.58,10.58,6.07,8.07,12.14,5.13,16.31,0.01
2025/04/07,tokyo,12.25,12.25,10.24,11.38,12.51,9.47,16.31,7.26
2025/04/08,chubu,9.6,9.6,6.18,7.17,11.18,5.74,13.62,1
2025/04/08,chugoku,9.55,9.55,6.18,7.17,11.04,5.74,13.62,1
2025/04/08,hokkaido,11.23,11.23,8.35,9.34,12.29,7.69,15,6.17
2025/04/08,hokuriku,9.6,9.6,6.18,7.17,11.18,5.74,13.62,1
2025/04/08,kansai,9.55,9.55,6.18,7.17,11.04,5.74,13.62,1
2025/04/08,kyushu,7.65,7.65,0.08,2.62,11.04,0.01,13.62,0.01
2025/04/08,shikoku,8.93,8.93,4.52,5.7,11.04,3.41,13.62,0.01
2025/04/08,system,9.95,9.95,5.08,6.81,12.05,3.84,14.18,1
2025/04/08,tohoku,11.25,11.25,8.37,9.38,12.29,7.72,15,6.17
2025/04/08,tokyo,12.11,12.11,9.28,10.44,12.72,8.29,15,7.31
2025/04/09,chubu,9.73,9.73,5.32,6.39,11.84,5.29,14.64,1
2025/04/09,chugoku,9.44,9.44,5.32,6.39,11.04,5.29,14.64,1
2025/04/09,hokkaido,10.56,10.56,5.36,7.44,12.7,4.33,14.64,0.01
2025/04/09,hokuriku,9.73,9.73,5.32,6.39,11.84,5.29,14.64,1
2025/04/09,kansai,9.44,9.44,5.32,6.39,11.04,5.29,14.64,1
2025/04/09,kyushu,7.73,7.73,0.01,2.29,11.04,0.01,14.64,0.01
2025/04/09,shikoku,8.81,8.81,3.55,4.97,11.04,2.81,14.64,0.01
2025/04/09,system,9.92,9.92,4.25,6.23,12.28,3.14,14.64,0.01
2025/04/09,tohoku,10.46,10.46,5,7.19,12.7,3.83,14.64,0.01
2025/04/09,tokyo,12.12,12.12,9.64,10.62,13.05,9.2,14.64,7.92
2025/04/10,chubu,12.12,12.12,12.67,12.69,11.2,12.6,15,8.21
2025/04/10,chugoku,12.09,12.09,12.67,12.69,11.17,12.6,15,8.21
2025/04/10,hokkaido,11.13,11.13,7.93,9.55,12.22,7.35,17,6.75
2025/04/10,hokuriku,12.12,12.12,12.67,12.69,11.2,12.6,15,8.21
2025/04/10,kansai,12.09,12.09,12.67,12.69,11.17,12.6,15,8.21
2025/04/10,kyushu,12.09,12.09,12.67,12.69,11.17,12.6,15,8.21
2025/04/10,shikoku,12.07,12.07,12.58,12.63,11.17,12.48,15,8.21
2025/04/10,system,12.72,12.72,12.31,12.75,12.26,12.02,15.32,10.71
2025/04/10,tohoku,12.11,12.11,9.44,10.96,12.8,8.53,17,6.75
2025/04/10,tokyo,13.41,13.41,12.83,13.37,13.05,12.67,17,12.07
2025/04/11,chubu,10.33,10.33,6.06,7.13,12.64,6.05,15,4.25
2025/04/11,chugoku,9.69,9.69,5.65,6.77,11.41,5.65,15,3.07
2025/04/11,hokkaido,11.79,11.79,8.73,9.97,12.69,8.13,15.67,6.81
2025/04/11,hokuriku,10.33,10.33,6.06,7.13,12.64,6.05,15,4.25
2025/04/11,kansai,9.69,9.69,5.65,6.77,11.41,5.65,15,3.07
2025/04/11,kyushu,8.13,8.13,0.55,3.07,11.41,0.01,15,0.01
2025/04/11,shikoku,9.22,9.22,4.42,5.65,11.41,3.94,15,0.01
2025/04/11,system,10.5,10.5,6.04,7.62,12.26,5.1,15.05,3
2025/04/11,tohoku,11.87,11.87,8.76,10.16,12.69,8.13,15.67,6.81
2025/04/11,tokyo,12.88,12.88,12.07,12.48,12.73,11.9,15.67,10.68
2025/04/12,chubu,8.12,8.12,1.93,3.91,11.2,0.49,12.87,0.01
2025/04/12,chugoku,8.07,8.07,1.93,3.91,11.07,0.49,12.87,0.01
2025/04/12,hokkaido,9.07,9.07,2.47,4.82,11.64,0.74,17,0.01
2025/04/12,hokuriku,8.12,8.12,1.93,3.91,11.2,0.49,12.87,0.01
2025/04/12,kansai,8.07,8.07,1.93,3.91,11.07,0.49,12.87,0.01
2025/04/12,kyushu,8.07,8.07,1.93,3.91,11.07,0.49,12.87,0.01
2025/04/12,shikoku,8.07,8.07,1.93,3.91,11.07,0.49,12.87,0.01
2025/04/12,system,8.51,8.51,1.97,4.22,11.54,0.52,13.38,0.01
2025/04/12,tohoku,9.22,9.22,2.43,4.81,11.94,0.91,17,0.01
2025/04/12,tokyo,9.31,9.31,2.69,5,11.96,0.91,17,0.01
2025/04/13,chubu,11.41,11.41,11.98,11.77,10.77,12.16,13.38,7.92
2025/04/13,chugoku,10.05,10.05,9.41,9.4,9.76,9.99,12.42,3.93
2025/04/13,hokkaido,9.57,9.57,8.24,8.9,10.24,8.33,13.5,6.89
2025/04/13,hokuriku,11.41,11.41,11.98,11.77,10.77,12.16,13.38,7.92
2025/04/13,kansai,10.05,10.05,9.41,9.4,9.76,9.99,12.42,3.93
2025/04/13,kyushu,6.64,6.64,0.01,1.7,9.62,0.01,12.42,0.01
2025/04/13,shikoku,9.99,9.99,9.2,9.25,9.76,9.69,12.42,3.93
2025/04/13,system,10.08,10.08,7.77,8.5,10.96,7.56,12.41,6.11
2025/04/13,tohoku,11.31,11.31,11.9,12.05,10.59,11.97,13.5,6.89
2025/04/13,tokyo,11.87,11.87,12.16,12.24,11.43,12.34,13.5,11
2025/04/14,chubu,9.82,9.82,6.29,7.31,11.12,6.05,15.04,2.86
2025/04/14,chugoku,9.56,9.56,6.29,7.31,10.43,6.05,15.04,2.86
2025/04/14,hokkaido,10.59,10.59,9.18,10.05,9.92,8.32,15.04,5
2025/04/14,hokuriku,9.8,9.8,6.29,7.31,11.07,6.05,15.04,2.86
2025/04/14,kansai,9.56,9.56,6.29,7.31,10.43,6.05,15.04,2.86
2025/04/14,kyushu,9.56,9.56,6.26,7.29,10.43,6.01,15.04,2.86
2025/04/14,shikoku,9.53,9.53,6.16,7.22,10.43,5.87,15.04,2.86
2025/04/14,system,10.13,10.13,6.96,8.11,10.96,6.26,15.04,3
2025/04/14,tohoku,10.7,10.7,9.13,10.02,10.15,8.25,15.04,5
2025/04/14,tokyo,11.2,11.2,9.13,10.02,11.34,8.25,15.04,5
2025/04/15,chubu,11.66,11.66,9.9,10.62,11.39,9.51,17.58,6.9
2025/04/15,chugoku,11.66,11.66,9.9,10.62,11.39,9.51,17.58,6.9
2025/04/15,hokkaido,10.86,10.86,8.58,9.57,11.22,8.04,15.24,6.87
2025/04/15,hokuriku,11.66,11.66,9.9,10.62,11.39,9.51,17.58,6.9
2025/04/15,kansai,11.66,11.66,9.9,10.62,11.39,9.51,17.58,6.9
2025/04/15,kyushu,9.03,9.03,2.04,4.42,11.39,0.62,17.58,0.01
2025/04/15,shikoku,11.07,11.07,8.81,9.32,11.39,7.98,17.58,6.9
2025/04/15,system,11.1,11.1,8.21,9.31,11.48,7.48,16.33,5.01
2025/04/15,tohoku,11.29,11.29,9.87,10.59,11.23,9.21,15.24,6.87
2025/04/15,tokyo,11.73,11.73,10.24,10.85,11.61,9.68,15.24,6.9
2025/04/16,chubu,9.57,9.57,4.14,5.82,12.04,3.09,13.69,0.29
2025/04/16,chugoku,9.56,9.56,4.14,5.82,12.02,3.09,13.69,0.29
2025/04/16,hokkaido,7,7,2.43,4.49,7.99,1.11,13.69,0.01
2025/04/16,hokuriku,9.56,9.56,4.14,5.82,12.02,3.09,13.69,0.29
2025/04/16,kansai,9.56,9.56,4.14,5.82,12.02,3.09,13.69,0.29
2025/04/16,kyushu,8.27,8.27,0.43,2.71,12.02,0.01,13.69,0.01
2025/04/16,shikoku,9.27,9.27,3.54,5.13,12.02,2.25,13.69,0.01
2025/04/16,system,8.64,8.64,1.6,4.11,11.59,0.12,13.6,0.01
2025/04/16,tohoku,6.8,6.8,1.94,4.07,8.02,0.71,13.69,0.01
2025/04/16,tokyo,10.65,10.65,6.84,8.18,12.07,5.64,13.69,3
2025/04/17,chubu,7.9,7.9,0.7,2.79,11.83,0.18,13.22,0.01
2025/04/17,chugoku,7.5,7.5,0.7,2.79,10.78,0.18,12.41,0.01
2025/04/17,hokkaido,6.27,6.27,0.71,2.64,8.46,0.01,12.81,0.01
2025/04/17,hokuriku,7.5,7.5,0.7,2.79,10.78,0.18,12.41,0.01
2025/04/17,kansai,7.5,7.5,0.7,2.79,10.78,0.18,12.41,0.01
2025/04/17,kyushu,7.47,7.47,0.58,2.71,10.78,0.01,12.41,0.01
2025/04/17,shikoku,7.46,7.46,0.7,2.68,10.78,0.18,12.41,0.01
2025/04/17,system,7.62,7.62,0.59,2.84,11.14,0.02,12.41,0.01
2025/04/17,tohoku,6.36,6.36,0.71,2.86,8.46,0.01,12.81,0.01
2025/04/17,tokyo,8.35,8.35,1.05,3.5,11.86,0.18,13.22,0.01
2025/04/18,chubu,9.67,9.67,6.95,7.64,11.3,6.69,12.63,2.97
2025/04/18,chugoku,9.04,9.04,6.95,7.64,9.61,6.69,12.53,2.97
2025/04/18,hokkaido,10.01,10.01,7.52,8.84,10.92,7.15,15,6.44
2025/04/18,hokuriku,9.04,9.04,6.95,7.64,9.61,6.69,12.53,2.97
2025/04/18,kansai,9.04,9.04,6.95,7.64,9.61,6.69,12.53,2.97
2025/04/18,kyushu,8.32,8.32,4.71,5.93,9.61,3.83,12.53,0.01
2025/04/18,shikoku,8.97,8.97,6.95,7.47,9.61,6.69,12.53,2.97
2025/04/18,system,9.75,9.75,6.95,7.91,11.02,6.59,12.53,3.1
2025/04/18,tohoku,10.2,10.2,7.99,9.16,10.94,7.47,15,6.44
2025/04/18,tokyo,11,11,9.31,10.14,11.51,8.68,15,7.32
2025/04/19,chubu,6.52,6.52,0.98,2.34,10.06,0.15,11.03,0.01
2025/04/19,chugoku,5.56,5.56,0.3,1.45,8.49,0.02,10.57,0.01
2025/04/19,hokkaido,6.83,6.83,0.22,2.05,9.89,0.01,14.21,0.01
2025/04/19,hokuriku,5.56,5.56,0.3,1.45,8.49,0.02,10.57,0.01
2025/04/19,kansai,5.56,5.56,0.3,1.45,8.49,0.02,10.57,0.01
2025/04/19,kyushu,5.45,5.45,0.01,1.2,8.49,0.01,10.57,0.01
2025/04/19,shikoku,5.49,5.49,0.22,1.3,8.49,0.01,10.57,0.01
2025/04/19,system,6.45,6.45,0.44,1.92,9.95,0.01,11.8,0.01
2025/04/19,tohoku,6.9,6.9,0.22,2.08,10.02,0.01,14.21,0.01
2025/04/19,tokyo,7.97,7.97,2.88,4.14,10.25,1.94,14.21,0.1
2025/04/20,chubu,8.93,8.93,7.48,8.07,9.14,7.23,11.89,5.4
2025/04/20,chugoku,7.75,7.75,6.35,6.76,7.64,6.08,10.97,5.1
2025/04/20,hokkaido,8.28,8.28,5.4,6.31,9.62,5.15,11.89,0.01
2025/04/20,hokuriku,7.75,7.75,6.35,6.76,7.64,6.08,10.97,5.1
2025/04/20,kansai,7.75,7.75,6.35,6.76,7.64,6.08,10.97,5.1
2025/04/20,kyushu,7.39,7.39,5.11,5.9,7.64,4.36,10.97,1
2025/04/20,shikoku,7.75,7.75,6.35,6.76,7.64,6.08,10.97,5.1
2025/04/20,system,8.38,8.38,6.68,7.21,8.72,6.53,10.97,5.42
2025/04/20,tohoku,8.29,8.29,4.56,5.86,9.86,3.99,11.89,0.01
2025/04/20,tokyo,9.24,9.24,7.48,8.07,9.9,7.23,11.89,5.4
2025/04/21,chubu,8.73,8.73,5.61,6.14,9.78,5.4,14.5,3
2025/04/21,chugoku,7.82,7.82,4.67,5.49,8.16,4.55,14.5,1
2025/04/21,hokkaido,7.71,7.71,0.72,3.11,10.17,0.01,14.5,0.01
2025/04/21,hokuriku,7.82,7.82,4.67,5.49,8.16,4.55,14.5,1
2025/04/21,kansai,7.82,7.82,4.67,5.49,8.16,4.55,14.5,1
2025/04/21,kyushu,6.72,6.72,0.9,2.85,8.16,0.01,14.5,0.01
2025/04/21,shikoku,7.29,7.29,3,4.21,8.16,2.2,14.5,0.01
2025/04/21,system,7.55,7.55,1.5,3.47,9.54,0.4,14.5,0.01
2025/04/21,tohoku,7.86,7.86,0.72,3.3,10.35,0.01,14.5,0.01
2025/04/21,tokyo,9.59,9.59,6.26,7.23,10.48,5.8,14.5,3
2025/04/22,chubu,10.25,10.25,8.33,9.41,10.43,7.59,14.42,6.1
2025/04/22,chugoku,9.84,9.84,8.33,9.41,9.35,7.59,14.42,6.1
2025/04/22,hokkaido,8.51,8.51,1.68,4.42,10.97,0.61,14.42,0.01
2025/04/22,hokuriku,9.84,9.84,8.33,9.41,9.35,7.59,14.42,6.1
2025/04/22,kansai,9.84,9.84,8.33,9.41,9.35,7.59,14.42,6.1
2025/04/22,kyushu,9.84,9.84,8.33,9.41,9.35,7.59,14.42,6.1
2025/04/22,shikoku,9.84,9.84,8.33,9.41,9.35,7.59,14.42,6.1
2025/04/22,system,10.02,10.02,7.4,8.74,10.36,6.64,14.42,4.98
2025/04/22,tohoku,8.64,8.64,1.75,4.74,10.97,0.61,14.42,0.01
2025/04/22,tokyo,10.66,10.66,8.49,9.54,10.97,7.82,14.42,6.8
2025/04/23,chubu,12.91,12.91,15.03,15.01,10.38,14.61,20.3,9.82
2025/04/23,chugoku,12.51,12.51,14.71,14.79,9.64,14.23,20.3,7.72
2025/04/23,hokkaido,13.02,13.02,15.05,15.03,10.55,14.63,20.3,10.09
2025/04/23,hokuriku,12.63,12.63,15.03,15.01,9.65,14.61,20.3,7.72
2025/04/23,kansai,12.51,12.51,14.71,14.79,9.64,14.23,20.3,7.72
2025/04/23,kyushu,12.1,12.1,13.3,13.8,9.64,12.26,20.3,7.72
2025/04/23,shikoku,11.15,11.15,10.05,11.53,9.64,8.34,20.3,7.66
2025/04/23,system,12.86,12.86,14.74,14.89,10.38,14.19,20.3,9.82
2025/04/23,tohoku,13.03,13.03,15.05,15.03,10.55,14.63,20.3,10.09
2025/04/23,tokyo,13.03,13.03,15.05,15.03,10.55,14.63,20.3,10.09
2025/04/24,chubu,9.7,9.7,7.26,7.83,10.53,6.41,13,3
2025/04/24,chugoku,8.66,8.66,5.08,6,10.25,4.23,13,0.01
2025/04/24,hokkaido,8.95,8.95,6.9,7.6,9.72,6.81,13.22,6.53
2025/04/24,hokuriku,9.7,9.7,7.26,7.83,10.53,6.41,13,3
2025/04/24,kansai,8.66,8.66,5.08,6,10.25,4.23,13,0.01
2025/04/24,kyushu,7.27,7.27,0.44,2.66,10.25,0.01,13,0.01
2025/04/24,shikoku,8.25,8.25,3.75,5.01,10.25,2.56,13,0.01
2025/04/24,system,9.47,9.47,6.13,7.36,10.49,4.93,13.22,0.04
2025/04/24,tohoku,11.27,11.27,10.16,11.04,10.68,8.95,14.03,6.53
2025/04/24,tokyo,11.58,11.58,11.2,11.76,10.68,10.41,14.03,9.79
2025/04/25,chubu,10.37,10.37,8.38,8.98,11.07,7.54,13.32,6.69
2025/04/25,chugoku,9.62,9.62,7.15,8.11,10.14,6.03,13.32,1
2025/04/25,hokkaido,8.23,8.23,4.08,6.03,9.18,2.36,14.14,0.01
2025/04/25,hokuriku,9.66,9.66,7.28,8.21,10.14,6.22,13.32,1
2025/04/25,kansai,9.66,9.66,7.28,8.21,10.14,6.22,13.32,1
2025/04/25,kyushu,9.59,9.59,7.04,8.04,10.14,6.03,13.32,1
2025/04/25,shikoku,9.5,9.5,7.11,7.82,10.14,6.03,13.32,1
2025/04/25,system,10.12,10.12,7.94,8.74,10.56,7.29,13.67,3.93
2025/04/25,tohoku,9.43,9.43,4.29,6.47,11.06,2.66,14.14,0.01
2025/04/25,tokyo,11.63,11.63,11.7,11.67,11.07,11.41,14.21,10.25
2025/04/26,chubu,6.98,6.98,0.5,1.96,10.61,0.09,12,0.01
2025/04/26,chugoku,6.97,6.97,0.5,1.96,10.57,0.09,12,0.01
2025/04/26,hokkaido,5.24,5.24,0.01,1.05,8.51,0.01,11.69,0.01
2025/04/26,hokuriku,6.97,6.97,0.5,1.96,10.57,0.09,12,0.01
2025/04/26,kansai,6.97,6.97,0.5,1.96,10.57,0.09,12,0.01
2025/04/26,kyushu,6.76,6.76,0.01,1.44,10.57,0.01,12,0.01
2025/04/26,shikoku,6.83,6.83,0.01,1.62,10.57,0.01,12,0.01
2025/04/26,system,6.6,6.6,0.08,1.38,10.38,0.01,11.93,0.01
2025/04/26,tohoku,6.2,6.2,0.01,1.12,10.19,0.01,12,0.01
2025/04/26,tokyo,8.75,8.75,5.92,6.19,10.61,4.85,12,0.1
2025/04/27,chubu,7.07,7.07,1.67,2.85,9.58,0.62,14,0.01
2025/04/27,chugoku,7.07,7.07,1.67,2.85,9.58,0.62,14,0.01
2025/04/27,hokkaido,5.39,5.39,0.22,1.92,7.82,0.01,13.82,0.01
2025/04/27,hokuriku,7.07,7.07,1.67,2.85,9.58,0.62,14,0.01
2025/04/27,kansai,7.07,7.07,1.67,2.85,9.58,0.62,14,0.01
2025/04/27,kyushu,6.71,6.71,0.44,1.99,9.58,0.01,14,0.01
2025/04/27,shikoku,6.93,6.93,1.55,2.6,9.58,0.62,14,0.01
2025/04/27,system,6.62,6.62,0.78,2.24,9.42,0.01,13.82,0.01
2025/04/27,tohoku,6.17,6.17,0.22,1.92,8.53,0.01,14,0.01
2025/04/27,tokyo,7.19,7.19,1.67,2.98,9.69,0.62,14,0.01
2025/04/28,chubu,11.81,11.81,11.43,11.87,11.41,10.93,15,10.32
2025/04/28,chugoku,11.8,11.8,11.43,11.87,11.39,10.93,15,10.21
2025/04/28,hokkaido,9.01,9.01,7.02,7.49,10.31,5.9,15.19,1
2025/04/28,hokuriku,11.8,11.8,11.43,11.87,11.39,10.93,15,10.21
2025/04/28,kansai,11.8,11.8,11.43,11.87,11.39,10.93,15,10.21
2025/04/28,kyushu,11.08,11.08,8.93,10.13,11.39,8.54,15,7.69
2025/04/28,shikoku,11.8,11.8,11.43,11.87,11.39,10.93,15,10.21
2025/04/28,system,11.37,11.37,10.44,11.07,11.21,9.81,14.95,7.89
2025/04/28,tohoku,11.36,11.36,10.12,10.96,11.39,9.03,15.19,6.6
2025/04/28,tokyo,11.84,11.84,11.5,11.92,11.43,10.93,15.19,10.32
2025/04/29,chubu,7.31,7.31,0.47,1.85,10.91,0.02,15,0.01
2025/04/29,chugoku,7.18,7.18,0.22,1.6,10.86,0.01,15,0.01
2025/04/29,hokkaido,7.33,7.33,2.28,3.49,9.32,2.26,15.33,0.01
2025/04/29,hokuriku,7.18,7.18,0.22,1.6,10.86,0.01,15,0.01
2025/04/29,kansai,7.18,7.18,0.22,1.6,10.86,0.01,15,0.01
2025/04/29,kyushu,7.05,7.05,0.01,1.28,10.86,0.01,15,0.01
2025/04/29,shikoku,7.18,7.18,0.22,1.6,10.86,0.01,15,0.01
2025/04/29,system,7.32,7.32,0.22,1.97,10.7,0.01,15,0.01
2025/04/29,tohoku,7.44,7.44,0.46,2.51,10.45,0.01,15.33,0.01
2025/04/29,tokyo,7.62,7.62,0.47,2.52,10.94,0.02,15.33,0.01
2025/04/30,chubu,8.18,8.18,2.28,4.3,10.75,0.57,15.05,0.01
2025/04/30,chugoku,8.14,8.14,2.14,4.2,10.75,0.47,15.05,0.01
2025/04/30,hokkaido,7.47,7.47,0.79,3.25,8.83,0.01,15.39,0.01
2025/04/30,hokuriku,8.14,8.14,2.14,4.2,10.75,0.47,15.05,0.01
2025/04/30,kansai,8.14,8.14,2.14,4.2,10.75,0.47,15.05,0.01
2025/04/30,kyushu,7.32,7.32,0.08,2.23,10.75,0.01,15.05,0.01
2025/04/30,shikoku,8.08,8.08,1.93,4.06,10.75,0.36,15.05,0.01
2025/04/30,system,7.89,7.89,1.5,3.8,10.37,0.22,15.19,0.01
2025/04/30,tohoku,7.71,7.71,0.8,3.41,9.28,0.01,15.39,0.01
2025/04/30,tokyo,9.69,9.69,5.01,6.46,11.12,3.68,15.39,0.73
2025/05/01,chubu,9.6,9.6,4.01,6.21,12.24,2.73,15.43,0.02
2025/05/01,chugoku,9.59,9.59,4,6.2,12.21,2.71,15.43,0.02
2025/05/01,hokkaido,9.08,9.08,1.86,4.98,12.36,0.66,15.92,0.01
2025/05/01,hokuriku,9.59,9.59,4,6.2,12.21,2.71,15.43,0.02
2025/05/01,kansai,9.59,9.59,4,6.2,12.21,2.71,15.43,0.02
2025/05/01,kyushu,9.59,9.59,4,6.2,12.21,2.71,15.43,0.02
2025/05/01,shikoku,9.57,9.57,3.94,6.16,12.21,2.63,15.43,0.01
2025/05/01,system,9.89,9.89,4.72,6.85,12.28,3.37,15.27,1
2025/05/01,tohoku,9.12,9.12,1.99,5.08,12.36,0.66,15.92,0.01
2025/05/01,tokyo,11.28,11.28,8.92,10.02,12.47,8.67,15.92,6.5
2025/05/02,chubu,12.57,12.57,12.92,12.8,11.71,12.8,15.35,10.31
2025/05/02,chugoku,10.97,10.97,8.25,9.38,11.27,7.15,15.35,0.81
2025/05/02,hokkaido,10.51,10.51,7.47,8.77,11.21,7.44,15.35,6.01
2025/05/02,hokuriku,10.97,10.97,8.25,9.38,11.27,7.15,15.35,0.81
2025/05/02,kansai,10.97,10.97,8.25,9.38,11.27,7.15,15.35,0.81
2025/05/02,kyushu,8,8,0.5,2.62,11.27,0.01,15.35,0.01
2025/05/02,shikoku,8.57,8.57,2.3,3.84,11.27,0.96,15.35,0.01
2025/05/02,system,11.17,11.17,9.34,9.96,11.38,8.76,15.32,6.57
2025/05/02,tohoku,11.43,11.43,10.56,10.97,11.21,10.46,15.39,6.01
2025/05/02,tokyo,12.96,12.96,14.1,13.68,11.76,13.81,15.39,11.14
2025/05/03,chubu,7.01,7.01,0.58,1.94,10.59,0.11,14.1,0.01
2025/05/03,chugoku,6.77,6.77,0.01,1.43,10.51,0.01,14.1,0.01
2025/05/03,hokkaido,7.34,7.34,0.68,2.52,10.56,0.01,14.14,0.01
2025/05/03,hokuriku,6.77,6.77,0.01,1.43,10.51,0.01,14.1,0.01
2025/05/03,kansai,6.77,6.77,0.01,1.43,10.51,0.01,14.1,0.01
2025/05/03,kyushu,6.77,6.77,0.01,1.43,10.51,0.01,14.1,0.01
2025/05/03,shikoku,6.59,6.59,0.01,1.16,10.51,0.01,13.36,0.01
2025/05/03,system,7.04,7.04,0.08,1.85,10.59,0.01,14.17,0.01
2025/05/03,tohoku,7.44,7.44,0.78,2.75,10.59,0.01,14.14,0.01
2025/05/03,tokyo,7.54,7.54,1.1,2.98,10.59,0.14,14.14,0.01
2025/05/04,chubu,6.95,6.95,0.03,2.07,10.04,0.04,14.28,0.01
2025/05/04,chugoku,6.2,6.2,0.01,1.14,9.59,0.01,14.28,0.01
2025/05/04,hokkaido,7.16,7.16,0.46,2.34,9.98,0.01,14.28,0.01
2025/05/04,hokuriku,6.2,6.2,0.01,1.14,9.59,0.01,14.28,0.01
2025/05/04,kansai,6.2,6.2,0.01,1.14,9.59,0.01,14.28,0.01
2025/05/04,kyushu,6.2,6.2,0.01,1.14,9.59,0.01,14.28,0.01
2025/05/04,shikoku,6.13,6.13,0.01,1.01,9.58,0.01,14,0.01
2025/05/04,system,6.51,6.51,0.01,1.38,9.92,0.01,14.17,0.01
2025/05/04,tohoku,7.16,7.16,0.46,2.34,9.98,0.01,14.28,0.01
2025/05/04,tokyo,7.49,7.49,1.2,3.02,10.09,0.51,14.28,0.01
2025/05/05,chubu,6.94,6.94,0.44,2.15,10.63,0.01,12.22,0.01
2025/05/05,chugoku,6.76,6.76,0.3,1.92,10.39,0.01,12.22,0.01
2025/05/05,hokkaido,4.86,4.86,0.01,1.22,6.96,0.01,12.03,0.01
2025/05/05,hokuriku,6.76,6.76,0.3,1.92,10.39,0.01,12.22,0.01
2025/05/05,kansai,6.76,6.76,0.3,1.92,10.39,0.01,12.22,0.01
2025/05/05,kyushu,6.76,6.76,0.3,1.92,10.39,0.01,12.22,0.01
2025/05/05,shikoku,6.54,6.54,0.3,1.68,10.39,0.01,12.22,0.01
2025/05/05,system,6.36,6.36,0.23,1.83,9.78,0.01,12.03,0.01
2025/05/05,tohoku,5.28,5.28,0.01,1.23,7.47,0.01,12.22,0.01
2025/05/05,tokyo,6.99,6.99,0.55,2.27,10.63,0.01,12.22,0.01
2025/05/06,chubu,12.06,12.06,12.23,12.97,10.28,11.54,18.19,9.13
2025/05/06,chugoku,12.02,12.02,12.23,12.97,10.17,11.54,18.19,8.89
2025/05/06,hokkaido,6.36,6.36,1.13,2.66,8.69,0.31,15.32,0.01
2025/05/06,hokuriku,12.02,12.02,12.23,12.97,10.17,11.54,18.19,8.89
2025/05/06,kansai,12.02,12.02,12.23,12.97,10.17,11.54,18.19,8.89
2025/05/06,kyushu,10.93,10.93,9.26,10.36,10.17,8.77,18.19,8
2025/05/06,shikoku,10.85,10.85,8.58,10.16,10.17,8.51,18.19,7.62
2025/05/06,system,11.06,11.06,10.26,11.1,10.11,9.82,17.15,8.19
2025/05/06,tohoku,12.08,12.08,12.23,12.97,10.36,11.54,18.19,9.13
2025/05/06,tokyo,12.08,12.08,12.23,12.97,10.36,11.54,18.19,9.13
2025/05/07,chubu,8.7,8.7,4.38,5.65,10.56,3.13,14.03,1
2025/05/07,chugoku,8.52,8.52,4.08,5.43,10.32,2.79,14.03,1
2025/05/07,hokkaido,9.05,9.05,4.49,5.99,10.7,3.46,14.03,0.01
2025/05/07,hokuriku,8.52,8.52,4.08,5.43,10.32,2.79,14.03,1
2025/05/07,kansai,8.52,8.52,4.08,5.43,10.32,2.79,14.03,1
2025/05/07,kyushu,7.58,7.58,0.98,3.17,10.32,0.01,14.03,0.01
2025/05/07,shikoku,7.43,7.43,1.37,2.89,10.29,0.41,14.03,0.01
2025/05/07,system,8.39,8.39,2.81,4.7,10.56,1.19,14.03,0.01
2025/05/07,tohoku,8.88,8.88,3.8,5.56,10.7,2.29,14.03,0.01
2025/05/07,tokyo,9.08,9.08,4.51,6.06,10.7,3.29,14.03,1
2025/05/08,chubu,8.33,8.33,4.12,4.84,10.71,3.84,14.4,1
2025/05/08,chugoku,7.45,7.45,1.8,3.18,10.22,1.12,14.4,0.01
2025/05/08,hokkaido,7.43,7.43,0.99,3.02,10.16,0.01,14.4,0.01
2025/05/08,hokuriku,7.45,7.45,1.8,3.18,10.22,1.12,14.4,0.01
2025/05/08,kansai,7.45,7.45,1.8,3.18,10.22,1.12,14.4,0.01
2025/05/08,kyushu,6.96,6.96,0.29,2.02,10.22,0.01,14.4,0.01
2025/05/08,shikoku,7.28,7.28,1.22,2.77,10.22,0.31,14.4,0.01
2025/05/08,system,7.98,7.98,1.99,3.74,10.7,0.95,14.4,0.01
2025/05/08,tohoku,7.62,7.62,0.99,3.02,10.67,0.01,14.4,0.01
2025/05/08,tokyo,10.42,10.42,8.46,9.07,10.8,8.23,14.4,7.76
2025/05/09,chubu,11.8,11.8,11.86,12.06,11.12,11.63,15.8,8.43
2025/05/09,chugoku,11.31,11.31,11.86,12.06,9.84,11.63,15.8,8.22
2025/05/09,hokkaido,10.1,10.1,7.27,8.3,10.87,6.46,15.8,5.89
2025/05/09,hokuriku,11.31,11.31,11.86,12.06,9.84,11.63,15.8,8.22
2025/05/09,kansai,11.31,11.31,11.86,12.06,9.84,11.63,15.8,8.22
2025/05/09,kyushu,11.47,11.47,12.38,12.43,9.84,12.3,15.8,8.22
2025/05/09,shikoku,11.31,11.31,11.86,12.06,9.84,11.63,15.8,8.22
2025/05/09,system,11.4,11.4,10.97,11.38,10.66,10.61,16,8.99
2025/05/09,tohoku,10.54,10.54,8.16,9.17,11.08,7.46,15.8,5.89
2025/05/09,tokyo,11.93,11.93,11.78,12.01,11.23,11.53,15.8,9.87
2025/05/10,chubu,6.13,6.13,1.02,2.44,8.59,0.72,10.55,0.01
2025/05/10,chugoku,6.13,6.13,1.02,2.44,8.59,0.72,10.55,0.01
2025/05/10,hokkaido,10.67,10.67,11.1,11.02,10.02,10.72,16,7.61
2025/05/10,hokuriku,6.13,6.13,1.02,2.44,8.59,0.72,10.55,0.01
2025/05/10,kansai,6.13,6.13,1.02,2.44,8.59,0.72,10.55,0.01
2025/05/10,kyushu,5.86,5.86,0.29,1.8,8.59,0.01,10.55,0.01
2025/05/10,shikoku,6.02,6.02,0.66,2.19,8.59,0.21,10.55,0.01
2025/05/10,system,8.56,8.56,5.7,6.61,9.81,4.78,10.64,3.11
2025/05/10,tohoku,10.67,10.67,11.1,11.02,10.02,10.72,16,7.61
2025/05/10,tokyo,11.01,11.01,11.65,11.4,10.5,11.14,16,9.74
2025/05/11,chubu,7.47,7.47,5.59,6.27,7.94,5.67,11.08,3
2025/05/11,chugoku,7.46,7.46,5.59,6.27,7.92,5.67,11.08,3
2025/05/11,hokkaido,6.15,6.15,1.38,2.71,8.06,0.6,13.9,0.01
2025/05/11,hokuriku,7.46,7.46,5.59,6.27,7.92,5.67,11.08,3
2025/05/11,kansai,7.46,7.46,5.59,6.27,7.92,5.67,11.08,3
2025/05/11,kyushu,7.67,7.67,6.19,6.68,8.01,6.18,11.08,5
2025/05/11,shikoku,7.46,7.46,5.59,6.27,7.92,5.67,11.08,3
2025/05/11,system,7.87,7.87,5.26,6.25,8.73,5.13,11.08,3
2025/05/11,tohoku,6.42,6.42,1.39,2.75,8.38,0.6,13.94,0.01
2025/05/11,tokyo,9.47,9.47,8.07,8.76,9.52,8.34,14.01,3.5
2025/05/12,chubu,8.45,8.45,6.89,7.48,8.13,6.79,15.32,4.34
2025/05/12,chugoku,8.13,8.13,6.73,7.37,7.62,6.57,15.32,4.34
2025/05/12,hokkaido,8.84,8.84,5.69,6.35,9.59,5.15,17,0.2
2025/05/12,hokuriku,8.13,8.13,6.73,7.37,7.62,6.57,15.32,4.34
2025/05/12,kansai,8.13,8.13,6.73,7.37,7.62,6.57,15.32,4.34
2025/05/12,kyushu,6.15,6.15,0.84,2.61,7.62,0.01,15.32,0.01
2025/05/12,shikoku,8.04,8.04,6.73,7.15,7.62,6.57,15.32,3
2025/05/12,system,8.82,8.82,6.63,7.51,9.03,6.07,13.51,3
2025/05/12,tohoku,11.32,11.32,10.25,11.11,10.32,9.11,17,6.24
2025/05/12,tokyo,11.58,11.58,11.14,11.73,10.32,10.35,17,9.74
2025/05/13,chubu,7.5,7.5,3.23,4.46,9.57,2.57,14.28,0.01
2025/05/13,chugoku,6.6,6.6,2.13,3.69,8.03,1.16,14.28,0.01
2025/05/13,hokkaido,7.12,7.12,0.97,3.39,9.24,0.01,16.56,0.01
2025/05/13,hokuriku,6.6,6.6,2.13,3.69,8.03,1.16,14.28,0.01
2025/05/13,kansai,6.6,6.6,2.13,3.69,8.03,1.16,14.28,0.01
2025/05/13,kyushu,5.75,5.75,0.32,1.81,8.03,0.01,14.28,0.01
2025/05/13,shikoku,6.56,6.56,2.12,3.6,8.03,1.14,14.28,0.01
2025/05/13,system,6.88,6.88,0.75,2.79,9.37,0.11,14.51,0.01
2025/05/13,tohoku,7.4,7.4,0.97,3.4,9.97,0.01,16.56,0.01
2025/05/13,tokyo,9.24,9.24,4.73,6.76,10.38,3.46,16.56,0.1
2025/05/14,chubu,7.63,7.63,3.99,4.9,9.73,2.65,11.12,0.01
2025/05/14,chugoku,6.23,6.23,2.22,3.66,7.67,1.33,10.93,0.01
2025/05/14,hokkaido,9.25,9.25,4.75,6.89,9.68,3.52,20.14,0.02
2025/05/14,hokuriku,6.23,6.23,2.22,3.66,7.67,1.33,10.93,0.01
2025/05/14,kansai,6.23,6.23,2.22,3.66,7.67,1.33,10.93,0.01
2025/05/14,kyushu,5.47,5.47,0.4,1.85,7.67,0.01,10.93,0.01
2025/05/14,shikoku,6.23,6.23,2.22,3.66,7.67,1.33,10.93,0.01
2025/05/14,system,8.14,8.14,4.01,5.58,9.44,2.64,13.1,0.01
2025/05/14,tohoku,9.62,9.62,4.75,7.09,10.4,3.52,20.14,0.02
2025/05/14,tokyo,12.13,12.13,12.15,12.63,10.57,10.88,20.14,9.77
2025/05/15,chubu,8.44,8.44,6.48,7.04,9.43,5.62,12.07,2.81
2025/05/15,chugoku,7.6,7.6,6.16,6.81,7.42,5.52,12.07,2.81
2025/05/15,hokkaido,8.32,8.32,3.08,4.8,9.27,2.32,19.6,0.01
2025/05/15,hokuriku,7.6,7.6,6.16,6.81,7.42,5.52,12.07,2.81
2025/05/15,kansai,7.6,7.6,6.16,6.81,7.42,5.52,12.07,2.81
2025/05/15,kyushu,7.46,7.46,5.75,6.49,7.42,5.09,12.07,1
2025/05/15,shikoku,7.6,7.6,6.16,6.81,7.42,5.52,12.07,2.81
2025/05/15,system,9.03,9.03,6.67,7.55,9.41,6.27,13.92,3
2025/05/15,tohoku,9.13,9.13,3.28,5.21,10.85,2.44,19.6,0.01
2025/05/15,tokyo,12,12,11.14,11.39,11.06,11.53,19.6,9.72
2025/05/16,chubu,9.13,9.13,8.16,8.75,8.69,7.7,14.28,5.01
2025/05/16,chugoku,8.77,8.77,8.16,8.75,7.72,7.7,14.28,5.01
2025/05/16,hokkaido,9.42,9.42,5.81,6.86,9.99,5.31,18.4,0.02
2025/05/16,hokuriku,8.77,8.77,8.16,8.75,7.72,7.7,14.28,5.01
2025/05/16,kansai,8.77,8.77,8.16,8.75,7.72,7.7,14.28,5.01
2025/05/16,kyushu,8.68,8.68,7.86,8.54,7.72,7.27,14.28,5.01
2025/05/16,shikoku,8.64,8.64,7.73,8.45,7.72,7.16,14.28,5
2025/05/16,system,9.93,9.93,8.07,8.88,9.83,7.66,14.7,5.91
2025/05/16,tohoku,10.38,10.38,6.31,8.43,10.79,5.45,18.4,0.02
2025/05/16,tokyo,11.78,11.78,10.64,11.62,10.79,10.26,18.4,9.97
2025/05/17,chubu,8.65,8.65,8.47,8.66,7.92,8.34,11.71,5.67
2025/05/17,chugoku,8.65,8.65,8.47,8.66,7.92,8.34,11.71,5.67
2025/05/17,hokkaido,11.68,11.68,13.6,13.15,10.04,13.62,15.92,6.91
2025/05/17,hokuriku,8.65,8.65,8.47,8.66,7.92,8.34,11.71,5.67
2025/05/17,kansai,8.65,8.65,8.47,8.66,7.92,8.34,11.71,5.67
2025/05/17,kyushu,8.23,8.23,7.23,7.63,7.92,7.3,11.71,5.67
2025/05/17,shikoku,8.5,8.5,7.93,8.28,7.92,7.58,11.71,5.67
2025/05/17,system,10.28,10.28,9.96,10.16,9.99,9.9,12.07,8.51
2025/05/17,tohoku,12.84,12.84,14.93,14.47,11.1,14.83,15.92,9.54
2025/05/17,tokyo,12.87,12.87,14.93,14.47,11.17,14.83,15.92,10.66
2025/05/18,chubu,7.11,7.11,4.33,4.94,8.33,3.86,11,1
2025/05/18,chugoku,6.89,6.89,4.33,4.87,7.93,3.86,11,1
2025/05/18,hokkaido,6.32,6.32,1.25,2.52,9.16,0.76,17,0.01
2025/05/18,hokuriku,6.89,6.89,4.33,4.87,7.93,3.86,11,1
2025/05/18,kansai,6.89,6.89,4.33,4.87,7.93,3.86,11,1
2025/05/18,kyushu,6.89,6.89,4.33,4.87,7.93,3.86,11,1
2025/05/18,shikoku,6.62,6.62,3.41,4.23,7.93,3.02,11,0.01
2025/05/18,system,7.36,7.36,3.74,4.63,8.91,3.59,11.57,1
2025/05/18,tohoku,6.9,6.9,1.26,2.72,9.71,0.76,17,0.01
2025/05/18,tokyo,8.62,8.62,5.02,6.09,10,4.22,17,1
2025/05/19,chubu,8.44,8.44,6.17,7.01,8.47,5.36,13.74,1.66
2025/05/19,chugoku,8.06,8.06,6.16,6.99,7.49,5.35,13.74,1.66
2025/05/19,hokkaido,7.06,7.06,0.99,2.8,8.78,0.01,20.15,0.01
2025/05/19,hokuriku,8.07,8.07,6.17,7.01,7.49,5.36,13.74,1.66
2025/05/19,kansai,8.07,8.07,6.17,7.01,7.49,5.36,13.74,1.66
2025/05/19,kyushu,7.2,7.2,3.59,4.94,7.49,2.08,13.74,0.01
2025/05/19,shikoku,7.97,7.97,6.04,6.78,7.49,5.35,13.74,1.66
2025/05/19,system,8.88,8.88,6.5,7.57,8.84,5.71,14.7,1
2025/05/19,tohoku,8.72,8.72,2.08,4.94,10.53,0.74,20.15,0.01
2025/05/19,tokyo,12.82,12.82,13.22,13.7,11.06,12.38,20.15,10.74
2025/05/20,chubu,9.26,9.26,6.2,7.52,9.34,5.58,17.72,1
2025/05/20,chugoku,9.03,9.03,6.08,7.43,8.84,5.41,17.72,1
2025/05/20,hokkaido,10.26,10.26,6.97,7.83,9.59,6.25,24.43,1
2025/05/20,hokuriku,9.07,9.07,6.2,7.52,8.84,5.58,17.72,1
2025/05/20,kansai,9.07,9.07,6.2,7.52,8.84,5.58,17.72,1
2025/05/20,kyushu,8.07,8.07,3.55,5.12,8.84,2.08,17.72,0.01
2025/05/20,shikoku,8.98,8.98,6.08,7.31,8.84,5.41,17.72,1
2025/05/20,system,9.68,9.68,6.37,7.58,9.68,5.67,17.72,1
2025/05/20,tohoku,11.13,11.13,7.36,8.61,10.86,6.8,24.43,5.95
2025/05/20,tokyo,12.81,12.81,11.89,11.97,11.19,11.38,24.43,10.16
2025/05/21,chubu,11.24,11.24,10.67,11.81,9.47,9.98,18.01,6.82
2025/05/21,chugoku,11.12,11.12,10.67,11.81,9.16,9.98,18.01,6.82
2025/05/21,hokkaido,11.72,11.72,9.57,11.14,10.86,8.22,20.13,0.2
2025/05/21,hokuriku,11.12,11.12,10.67,11.81,9.16,9.98,18.01,6.82
2025/05/21,kansai,11.12,11.12,10.67,11.81,9.16,9.98,18.01,6.82
2025/05/21,kyushu,11.12,11.12,10.67,11.81,9.16,9.98,18.01,6.82
2025/05/21,shikoku,11.01,11.01,10.27,11.53,9.16,9.53,18.01,6.82
2025/05/21,system,11.89,11.89,10.88,11.93,10.54,9.96,18.44,7.61
2025/05/21,tohoku,12.13,12.13,10.11,11.67,11.37,8.81,20.13,6.08
2025/05/21,tokyo,13,13,12.26,13.18,11.57,11.45,20.13,10.25
2025/05/22,chubu,10.61,10.61,10.05,10.73,9.46,9.79,16.85,7.02
2025/05/22,chugoku,10.21,10.21,10.05,10.73,8.38,9.79,16.85,7.02
2025/05/22,hokkaido,9.51,9.51,7.67,7.74,10.35,7.55,16.85,6.82
2025/05/22,hokuriku,10.21,10.21,10.05,10.73,8.38,9.79,16.85,7.02
2025/05/22,kansai,10.21,10.21,10.05,10.73,8.38,9.79,16.85,7.02
2025/05/22,kyushu,8.4,8.4,5.38,6.39,8.38,4.61,16.85,0.01
2025/05/22,shikoku,9.51,9.51,7.66,9.06,8.38,7.1,16.85,3
2025/05/22,system,11.24,11.24,10.44,10.95,10.65,10.25,16.95,7.94
2025/05/22,tohoku,13.03,13.03,13.43,13.79,11.95,13.35,16.85,10.67
2025/05/22,tokyo,13.03,13.03,13.43,13.79,11.95,13.35,16.85,10.67
2025/05/23,chubu,7.34,7.34,4.1,5.11,9.21,3.52,11.14,0.01
2025/05/23,chugoku,5.83,5.83,3.53,4.41,6.39,3.32,8.82,0.01
2025/05/23,hokkaido,9.31,9.31,4.91,6.46,10.33,3.54,18,0.01
2025/05/23,hokuriku,5.83,5.83,3.53,4.41,6.39,3.32,8.82,0.01
2025/05/23,kansai,5.83,5.83,3.53,4.41,6.39,3.32,8.82,0.01
2025/05/23,kyushu,5.46,5.46,2.23,3.5,6.39,1.5,8.82,0.01
2025/05/23,shikoku,5.77,5.77,3.31,4.25,6.39,3.01,8.82,0.01
2025/05/23,system,8.3,8.3,5,6.3,9.35,4.07,11.61,0.01
2025/05/23,tohoku,9.6,9.6,4.77,6.71,10.83,3.34,18,0.01
2025/05/23,tokyo,11.64,11.64,10.2,10.84,11.16,9.79,18,8
2025/05/24,chubu,8.69,8.69,9.43,9.39,8.22,9.41,10.39,2.81
2025/05/24,chugoku,8.22,8.22,9.43,9.39,6.98,9.41,10.39,1
2025/05/24,hokkaido,10.42,10.42,8.47,8.92,10.56,8.44,16.56,6.97
2025/05/24,hokuriku,8.22,8.22,9.43,9.39,6.98,9.41,10.39,1
2025/05/24,kansai,8.22,8.22,9.43,9.39,6.98,9.41,10.39,1
2025/05/24,kyushu,8.22,8.22,9.43,9.39,6.98,9.41,10.39,1
2025/05/24,shikoku,7.69,7.69,7.83,8.12,6.98,7.84,10.39,1
2025/05/24,system,9.59,9.59,10.25,10.17,8.87,10.21,11.4,6.52
2025/05/24,tohoku,11.2,11.2,9.85,10.42,10.61,9.01,16.56,6.97
2025/05/24,tokyo,11.89,11.89,11.93,11.87,10.85,11.81,16.56,7.02
2025/05/25,chubu,5.25,5.25,1.76,2.4,7.27,1.68,10,0.01
2025/05/25,chugoku,4.39,4.39,1.46,1.68,6.44,1.68,7.58,0.01
2025/05/25,hokkaido,11.06,11.06,10,10.63,10.51,9.79,15.47,9
2025/05/25,hokuriku,4.39,4.39,1.46,1.68,6.44,1.68,7.58,0.01
2025/05/25,kansai,4.39,4.39,1.46,1.68,6.44,1.68,7.58,0.01
2025/05/25,kyushu,3.96,3.96,0.01,0.66,6.44,0.01,7.58,0.01
2025/05/25,shikoku,3.96,3.96,0.01,0.66,6.44,0.01,7.58,0.01
2025/05/25,system,7.41,7.41,4.24,5.36,8.29,3.64,11.07,0.76
2025/05/25,tohoku,11.28,11.28,10.26,10.88,10.84,9.86,15.47,9
2025/05/25,tokyo,11.38,11.38,10.26,10.88,11.09,9.86,15.47,9
2025/05/26,chubu,7.77,7.77,4.08,5.37,9.2,3.9,12.32,1.24
2025/05/26,chugoku,5.92,5.92,1.85,3.46,6.55,1.23,12.32,0.01
2025/05/26,hokkaido,8.66,8.66,6.45,7.05,9.4,5.94,14.84,0.01
2025/05/26,hokuriku,5.92,5.92,1.85,3.46,6.55,1.23,12.32,0.01
2025/05/26,kansai,5.92,5.92,1.85,3.46,6.55,1.23,12.32,0.01
2025/05/26,kyushu,5.71,5.71,1.14,2.96,6.55,0.23,12.32,0.01
2025/05/26,shikoku,5.92,5.92,1.85,3.46,6.55,1.23,12.32,0.01
2025/05/26,system,8.13,8.13,5.14,6.32,8.7,4.37,12.75,1
2025/05/26,tohoku,8.72,8.72,4.03,5.82,10.33,2.57,15.15,0.01
2025/05/26,tokyo,11.69,11.69,11.81,11.7,11.27,11.62,15.23,10.5
2025/05/27,chubu,8.04,8.04,6.65,6.68,8.75,7.03,12.05,2.83
2025/05/27,chugoku,5.25,5.25,0.22,1.78,7.43,0.01,11.37,0.01
2025/05/27,hokkaido,6.44,6.44,2.15,3.09,8.81,1.71,13,0.01
2025/05/27,hokuriku,5.46,5.46,0.94,2.28,7.43,0.91,11.37,0.01
2025/05/27,kansai,5.46,5.46,0.94,2.28,7.43,0.91,11.37,0.01
2025/05/27,kyushu,5.25,5.25,0.22,1.78,7.43,0.01,11.37,0.01
2025/05/27,shikoku,5.21,5.21,0.22,1.69,7.43,0.01,11.37,0.01
2025/05/27,system,8.8,8.8,5.63,6.73,10.05,4.92,12.55,1
2025/05/27,tohoku,10.7,10.7,7.44,8.75,11.54,6.6,15.37,1
2025/05/27,tokyo,12.47,12.47,12.23,12.23,11.79,11.95,15.37,11.08
2025/05/28,chubu,7.6,7.6,3.57,4.7,10.04,2.67,12.75,0.01
2025/05/28,chugoku,6.28,6.28,3.21,4.24,7.31,2.33,10.68,0.01
2025/05/28,hokkaido,7.56,7.56,2.95,4.5,9.09,1.69,14.37,0.01
2025/05/28,hokuriku,6.28,6.28,3.21,4.24,7.31,2.33,10.68,0.01
2025/05/28,kansai,6.28,6.28,3.21,4.24,7.31,2.33,10.68,0.01
2025/05/28,kyushu,6,6,2.24,3.57,7.31,0.97,10.68,0.01
2025/05/28,shikoku,6.28,6.28,3.21,4.24,7.31,2.33,10.68,0.01
2025/05/28,system,8.33,8.33,4.3,5.8,9.82,3.12,12.33,0.1
2025/05/28,tohoku,10.13,10.13,5.58,7.52,11.26,3.66,15.27,0.01
2025/05/28,tokyo,11.43,11.43,9.93,10.56,11.28,9.22,15.27,5
2025/05/29,chubu,9.14,9.14,8.94,9.45,8.2,8.69,12.75,6
2025/05/29,chugoku,8.9,8.9,8.94,9.45,7.58,8.69,12.75,5.82
2025/05/29,hokkaido,6.79,6.79,2.89,4.1,8.48,1.73,13.08,0.01
2025/05/29,hokuriku,8.9,8.9,8.94,9.45,7.58,8.69,12.75,5.82
2025/05/29,kansai,8.9,8.9,8.94,9.45,7.58,8.69,12.75,5.82
2025/05/29,kyushu,8.9,8.9,8.94,9.45,7.58,8.69,12.75,5.82
2025/05/29,shikoku,8.83,8.83,8.77,9.34,7.53,8.45,12.75,5.82
2025/05/29,system,10.19,10.19,9.24,10.05,9.88,8.89,15.15,7.23
2025/05/29,tohoku,9.89,9.89,4.82,7.57,11.12,3.43,18.01,0.01
2025/05/29,tokyo,12.26,12.26,11.58,12.64,11.32,11.04,18.01,10.42
2025/05/30,chubu,8.91,8.91,9.8,9.74,7.6,9.83,11.9,5.82
2025/05/30,chugoku,8.73,8.73,9.8,9.72,7.2,9.83,11.9,5.82
2025/05/30,hokkaido,7.52,7.52,5.42,6.41,7.91,4.85,14.8,1
2025/05/30,hokuriku,8.73,8.73,9.8,9.72,7.2,9.83,11.9,5.82
2025/05/30,kansai,8.73,8.73,9.8,9.72,7.2,9.83,11.9,5.82
2025/05/30,kyushu,8.05,8.05,7.53,8.08,7.2,7.49,11.9,5.82
2025/05/30,shikoku,8.47,8.47,8.91,9.09,7.2,8.58,11.9,5.82
2025/05/30,system,10.31,10.31,11.09,11.15,8.98,11.08,12.15,6.94
2025/05/30,tohoku,11.85,11.85,12,11.98,11.06,11.93,15.35,10.33
2025/05/30,tokyo,12.65,12.65,14.46,13.74,11.12,14.78,15.43,10.65
2025/05/31,chubu,6.44,6.44,2.67,3.42,8.91,2.63,10.72,0.02
2025/05/31,chugoku,5.15,5.15,0.57,1.95,7.54,0.01,8.74,0.01
2025/05/31,hokkaido,7.54,7.54,6.47,6.34,8.3,6.55,9.7,3
2025/05/31,hokuriku,5.46,5.46,1.64,2.7,7.54,1.49,8.74,0.01
2025/05/31,kansai,5.46,5.46,1.64,2.7,7.54,1.49,8.74,0.01
2025/05/31,kyushu,4.72,4.72,0.01,1.08,7.54,0.01,8.74,0.01
2025/05/31,shikoku,4.78,4.78,0.01,1.23,7.54,0.01,8.25,0.01
2025/05/31,system,7.14,7.14,3,4.23,9.19,2.51,10.33,1
2025/05/31,tohoku,11.25,11.25,11.44,11.46,10.94,11.55,11.83,10
2025/05/31,tokyo,11.4,11.4,11.51,11.5,11.2,11.55,11.83,10.89
2025/06/01,chubu,4.99,4.99,0.01,1.14,7.6,0.01,11.38,0.01
2025/06/01,chugoku,4.78,4.78,0.01,1.14,7.05,0.01,11.38,0.01
2025/06/01,hokkaido,7.96,7.96,6.15,6.49,8.36,6.24,12.5,3
2025/06/01,hokuriku,4.78,4.78,0.01,1.14,7.05,0.01,11.38,0.01
2025/06/01,kansai,4.78,4.78,0.01,1.14,7.05,0.01,11.38,0.01
2025/06/01,kyushu,4.72,4.72,0.01,0.99,7.05,0.01,11.38,0.01
2025/06/01,shikoku,4.59,4.59,0.01,1.14,7.05,0.01,11,0.01
2025/06/01,system,5.92,5.92,0.23,1.69,8.52,0.01,11.65,0.01
2025/06/01,tohoku,10.06,10.06,7.94,8.55,10.69,8.04,15.57,6.36
2025/06/01,tokyo,10.47,10.47,8.48,9.07,11.09,8.28,15.57,6.36
2025/06/02,chubu,9.37,9.37,9.43,9.76,7.98,9.35,13.31,6.74
2025/06/02,chugoku,9.37,9.37,9.43,9.76,7.98,9.35,13.31,6.74
2025/06/02,hokkaido,7.24,7.24,2.04,3.55,9.59,1.52,15.76,0.01
2025/06/02,hokuriku,9.37,9.37,9.43,9.76,7.98,9.35,13.31,6.74
2025/06/02,kansai,9.37,9.37,9.43,9.76,7.98,9.35,13.31,6.74
2025/06/02,kyushu,9.37,9.37,9.43,9.76,7.98,9.35,13.31,6.74
2025/06/02,shikoku,9.27,9.27,9.09,9.52,7.98,9.29,13.31,6.74
2025/06/02,system,9.42,9.42,8.4,8.96,8.87,8.39,13.42,5.82
2025/06/02,tohoku,7.84,7.84,2.04,3.66,10.78,1.52,15.76,0.01
2025/06/02,tokyo,10.86,10.86,9.69,9.94,10.94,9.63,15.76,7.04
2025/06/03,chubu,13.34,13.34,17.48,17.09,9.24,17.8,22.88,7
2025/06/03,chugoku,10.91,10.91,10.16,11.27,9.22,9.85,17.42,7
2025/06/03,hokkaido,8.57,8.57,6.92,7.27,9.7,6.78,11.49,5
2025/06/03,hokuriku,13.33,13.33,17.48,17.09,9.22,17.8,22.88,7
2025/06/03,kansai,13.33,13.33,17.48,17.09,9.22,17.8,22.88,7
2025/06/03,kyushu,10.65,10.65,9.27,10.64,9.22,8.61,17.42,7
2025/06/03,shikoku,10.91,10.91,10.16,11.27,9.22,9.85,17.42,7
2025/06/03,system,12.98,12.98,15.01,14.97,10.63,14.75,17.42,9
2025/06/03,tohoku,13.2,13.2,15.37,15.32,11.21,15.12,22.88,6.97
2025/06/03,tokyo,14.32,14.32,18.01,17.5,11.33,18.02,22.88,11.01
2025/06/04,chubu,9.26,9.26,7.61,8.01,10.12,7.15,13.16,2.15
2025/06/04,chugoku,6.23,6.23,0.01,1.74,9.02,0.01,13.16,0.01
2025/06/04,hokkaido,8.54,8.54,7.13,7.72,8.52,6.99,13.16,6.86
2025/06/04,hokuriku,8.85,8.85,7.61,8.01,9.02,7.15,13.16,2.15
2025/06/04,kansai,8.85,8.85,7.61,8.01,9.02,7.15,13.16,2.15
2025/06/04,kyushu,6.1,6.1,0.01,1.54,9.02,0.01,13.16,0.01
2025/06/04,shikoku,6.11,6.11,0.01,1.46,9.02,0.01,13.16,0.01
2025/06/04,system,8.27,8.27,2.48,4.6,10.81,1.1,13.03,0.01
2025/06/04,tohoku,8.24,8.24,2.76,4.67,10.62,1.39,13.16,0.01
2025/06/04,tokyo,11.8,11.8,11.76,11.96,11.6,11.54,15.81,10.75
2025/06/05,chubu,6.65,6.65,1.48,2.78,9.67,1.2,12,0.01
2025/06/05,chugoku,5.32,5.32,0.08,1.58,7.57,0.01,12,0.01
2025/06/05,hokkaido,5.21,5.21,0.72,2.18,6.92,0.71,12.16,0.01
2025/06/05,hokuriku,5.82,5.82,1.48,2.78,7.57,1.2,12,0.01
2025/06/05,kansai,5.82,5.82,1.48,2.78,7.57,1.2,12,0.01
2025/06/05,kyushu,5.32,5.32,0.08,1.58,7.57,0.01,12,0.01
2025/06/05,shikoku,5.27,5.27,0.08,1.48,7.57,0.01,12,0.01
2025/06/05,system,6.18,6.18,0.44,2.21,8.76,0.01,12.12,0.01
2025/06/05,tohoku,5.94,5.94,0.01,1.93,8.34,0.01,13.4,0.01
2025/06/05,tokyo,10.94,10.94,9.3,9.84,11.83,9.04,15.72,7
2025/06/06,chubu,8.31,8.31,5.98,6.41,10.02,5.27,11.41,0.48
2025/06/06,chugoku,6.09,6.09,1.61,3.01,7.88,0.81,11,0.01
2025/06/06,hokkaido,6.3,6.3,3.36,4.03,7.44,2.2,12.22,0.01
2025/06/06,hokuriku,7.51,7.51,5.98,6.41,7.88,5.27,11,0.48
2025/06/06,kansai,7.51,7.51,5.98,6.41,7.88,5.27,11,0.48
2025/06/06,kyushu,5.99,5.99,1.26,2.76,7.88,0.31,11,0.01
2025/06/06,shikoku,6.07,6.07,1.61,2.96,7.88,0.81,11,0.01
2025/06/06,system,8.37,8.37,4.66,6.05,9.66,3.65,12.11,0.39
2025/06/06,tohoku,8.63,8.63,3.9,6.04,10.3,2.35,16.01,0.01
2025/06/06,tokyo,10.7,10.7,9.54,10.13,10.73,9.57,16.01,7.19
2025/06/07,chubu,7.15,7.15,2.55,3.88,9.38,2.17,11.57,0.02
2025/06/07,chugoku,6.49,6.49,2.55,3.85,7.75,2.17,11.57,0.02
2025/06/07,hokkaido,6.05,6.05,1.33,2.65,8.84,1.51,10.93,0.01
2025/06/07,hokuriku,6.49,6.49,2.55,3.85,7.75,2.17,11.57,0.02
2025/06/07,kansai,6.49,6.49,2.55,3.85,7.75,2.17,11.57,0.02
2025/06/07,kyushu,6.49,6.49,2.55,3.85,7.75,2.17,11.57,0.02
2025/06/07,shikoku,6.47,6.47,2.55,3.81,7.75,2.17,11.57,0.02
2025/06/07,system,7.54,7.54,3.2,4.65,9.21,2.78,11.55,1
2025/06/07,tohoku,6.66,6.66,0.26,2.22,10.09,0.01,11.81,0.01
2025/06/07,tokyo,9.14,9.14,6.23,7.3,10.32,5.45,11.81,1
2025/06/08,chubu,8.41,8.41,7.88,8.06,8.31,7.94,10.32,5.82
2025/06/08,chugoku,7.64,7.64,7.35,7.36,7.33,7.31,10.15,5.43
2025/06/08,hokkaido,6.13,6.13,0.28,2.16,8.37,0.01,15.52,0.01
2025/06/08,hokuriku,7.64,7.64,7.35,7.36,7.33,7.31,10.15,5.43
2025/06/08,kansai,7.64,7.64,7.35,7.36,7.33,7.31,10.15,5.43
2025/06/08,kyushu,7.64,7.64,7.35,7.36,7.33,7.31,10.15,5.43
2025/06/08,shikoku,7.64,7.64,7.35,7.36,7.33,7.31,10.15,5.43
2025/06/08,system,8.24,8.24,6.79,7.35,8.01,6.65,12.5,5.01
2025/06/08,tohoku,6.64,6.64,0.28,2.42,8.72,0.01,15.52,0.01
2025/06/08,tokyo,9.96,9.96,9.18,9.49,8.96,9.07,15.52,5.82
2025/06/09,chubu,9.63,9.63,10.89,10.78,7.68,10.96,12.48,5
2025/06/09,chugoku,9.23,9.23,10.89,10.78,6.93,10.96,12.48,5
2025/06/09,hokkaido,6.79,6.79,2.67,3.89,8.74,2.23,12.48,0.01
2025/06/09,hokuriku,9.23,9.23,10.89,10.78,6.93,10.96,12.48,5
2025/06/09,kansai,9.23,9.23,10.89,10.78,6.93,10.96,12.48,5
2025/06/09,kyushu,9.27,9.27,10.97,10.83,6.97,10.96,12.48,5
2025/06/09,shikoku,9.23,9.23,10.89,10.78,6.93,10.96,12.48,5
2025/06/09,system,9.51,9.51,9.8,9.94,8.4,9.7,12.47,6.9
2025/06/09,tohoku,8.17,8.17,3.83,5.34,10.19,2.93,12.48,0.01
2025/06/09,tokyo,11.33,11.33,12.31,12.03,10.49,12.48,15.19,9.73
2025/06/10,chubu,11.71,11.71,14.62,14.46,8.17,14.52,16.81,6.74
2025/06/10,chugoku,11.63,11.63,14.62,14.46,8,14.52,16.81,6.74
2025/06/10,hokkaido,9.74,9.74,7.61,8.95,9.54,6.75,16.16,3.79
2025/06/10,hokuriku,11.63,11.63,14.62,14.46,8,14.52,16.81,6.74
2025/06/10,kansai,11.63,11.63,14.62,14.46,8,14.52,16.81,6.74
2025/06/10,kyushu,11.63,11.63,14.62,14.46,8,14.52,16.81,6.74
2025/06/10,shikoku,11.63,11.63,14.62,14.46,8,14.52,16.81,6.74
2025/06/10,system,11.64,11.64,13.1,13.37,9.14,12.58,15.55,7.58
2025/06/10,tohoku,10.87,10.87,9.07,10.44,10.62,8.26,17.01,3.79
2025/06/10,tokyo,12.96,12.96,15.05,14.89,10.8,14.84,17.01,10.03
2025/06/11,chubu,12.03,12.03,15.44,14.94,9,15.2,16.6,7.69
2025/06/11,chugoku,12.02,12.02,15.44,14.94,8.95,15.2,16.6,7.69
2025/06/11,hokkaido,10.93,10.93,9.94,11.34,9.58,9.38,16.16,7.45
2025/06/11,hokuriku,12.02,12.02,15.44,14.94,8.95,15.2,16.6,7.69
2025/06/11,kansai,12.02,12.02,15.44,14.94,8.95,15.2,16.6,7.69
2025/06/11,kyushu,12.02,12.02,15.44,14.94,8.95,15.2,16.6,7.69
2025/06/11,shikoku,8.82,8.82,7.45,8.25,8.92,7.26,12.11,7.14
2025/06/11,system,12.58,12.58,14.81,14.61,10.28,14.48,16.37,8.59
2025/06/11,tohoku,13.06,13.06,14.81,14.77,11.19,14.31,16.6,10.29
2025/06/11,tokyo,13.31,13.31,15.6,15.33,11.22,15.42,16.6,10.92
2025/06/12,chubu,9.14,9.14,8.28,8.74,9.07,8.16,12.3,6
2025/06/12,chugoku,8.54,8.54,7.68,8.32,7.93,7.36,12.3,5.82
2025/06/12,hokkaido,8.54,8.54,3.41,5.42,9.45,2.46,16.16,0.01
2025/06/12,hokuriku,8.71,8.71,8.28,8.74,7.93,8.16,12.3,6
2025/06/12,kansai,8.71,8.71,8.28,8.74,7.93,8.16,12.3,6
2025/06/12,kyushu,8.62,8.62,7.68,8.32,8.1,7.36,12.3,5.82
2025/06/12,shikoku,7.66,7.66,7,7.1,7.77,6.94,10.09,5.82
2025/06/12,system,9.89,9.89,8.7,9.2,9.75,8.46,15,7.04
2025/06/12,tohoku,8.93,8.93,3.43,5.44,10.49,2.46,16.16,0.01
2025/06/12,tokyo,12.21,12.21,12.57,12.47,10.89,12.99,16.16,10.37
2025/06/13,chubu,8.17,8.17,7.99,8.31,7.33,7.8,11.38,5
2025/06/13,chugoku,7.91,7.91,7.09,7.68,7.33,6.92,11.38,5
2025/06/13,hokkaido,9.19,9.19,6.67,7.59,10.04,6.28,13.93,2
2025/06/13,hokuriku,8.17,8.17,7.99,8.31,7.33,7.8,11.38,5
2025/06/13,kansai,8.17,8.17,7.99,8.31,7.33,7.8,11.38,5
2025/06/13,kyushu,8.33,8.33,7.09,7.86,7.33,6.92,14.52,5
2025/06/13,shikoku,7.3,7.3,7.04,7.09,7.33,6.92,10.09,5
2025/06/13,system,9.02,9.02,8.07,8.62,8.82,7.73,12,6
2025/06/13,tohoku,9.56,9.56,6.81,7.96,10.63,6.28,15.24,2
2025/06/13,tokyo,11.44,11.44,11.54,11.78,10.96,11.38,15.24,10.4
2025/06/14,chubu,8.69,8.69,9.22,9.19,7.83,9.27,10.05,6.74
2025/06/14,chugoku,8.65,8.65,9.22,9.19,7.83,9.27,10.05,6.74
2025/06/14,hokkaido,10,10,7.54,8.37,10.31,7.31,15.62,6.04
2025/06/14,hokuriku,8.65,8.65,9.22,9.19,7.83,9.27,10.05,6.74
2025/06/14,kansai,8.65,8.65,9.22,9.19,7.83,9.27,10.05,6.74
2025/06/14,kyushu,8.65,8.65,9.22,9.19,7.83,9.27,10.05,6.74
2025/06/14,shikoku,8.65,8.65,9.22,9.19,7.83,9.27,10.05,6.74
2025/06/14,system,9.53,9.53,9.26,9.5,9.02,9.23,12,7.22
2025/06/14,tohoku,10.57,10.57,8.11,9.03,11.1,7.67,15.62,6.04
2025/06/14,tokyo,11.62,11.62,11.15,11.21,11.23,11.31,15.62,8.01
2025/06/15,chubu,8.25,8.25,5.33,6.51,8.09,4.5,14.99,3
2025/06/15,chugoku,7.74,7.74,5.07,6,7.7,4.5,14.99,3
2025/06/15,hokkaido,10.5,10.5,8.26,9.03,11.05,7.59,14.99,3
2025/06/15,hokuriku,7.74,7.74,5.07,6,7.7,4.5,14.99,3
2025/06/15,kansai,7.74,7.74,5.07,6,7.7,4.5,14.99,3
2025/06/15,kyushu,7.74,7.74,5.07,6,7.7,4.5,14.99,3
2025/06/15,shikoku,7.74,7.74,5.07,6,7.7,4.5,14.99,3
2025/06/15,system,8.68,8.68,6.39,7.23,8.55,6.11,14.98,5.26
2025/06/15,tohoku,10.66,10.66,8.76,9.43,11.05,8.19,14.99,6.98
2025/06/15,tokyo,10.66,10.66,8.76,9.43,11.05,8.19,14.99,6.98
2025/06/16,chubu,12.31,12.31,10.74,12.3,9.28,9.77,27.52,7.15
2025/06/16,chugoku,9.99,9.99,4.41,7.25,8.77,2.94,27.52,0.01
2025/06/16,hokkaido,12.07,12.07,10.08,11.67,10.8,9.34,19.96,6.15
2025/06/16,hokuriku,12.1,12.1,10.74,12.3,8.77,9.77,27.52,6.95
2025/06/16,kansai,12.1,12.1,10.74,12.3,8.77,9.77,27.52,6.95
2025/06/16,kyushu,9.99,9.99,4.41,7.25,8.77,2.94,27.52,0.01
2025/06/16,shikoku,9.99,9.99,4.41,7.25,8.77,2.94,27.52,0.01
2025/06/16,system,11.71,11.71,9.47,11.37,9.44,8.7,22.95,6.86
2025/06/16,tohoku,12.17,12.17,10.08,11.85,10.85,9.34,19.96,6.15
2025/06/16,tokyo,13.63,13.63,12.69,13.69,11.7,12.12,19.96,8
2025/06/17,chubu,13.53,13.53,10.41,12.62,10.94,9.2,29.22,6.34
2025/06/17,chugoku,11.61,11.61,6.83,9.09,9.74,6.53,29.22,5.5
2025/06/17,hokkaido,10.1,10.1,6.99,8.21,11.13,6.72,18,5.08
2025/06/17,hokuriku,13.08,13.08,10.41,12.62,9.74,9.2,29.22,6.34
2025/06/17,kansai,13.08,13.08,10.41,12.62,9.74,9.2,29.22,6.34
2025/06/17,kyushu,11.61,11.61,6.83,9.09,9.74,6.53,29.22,5.5
2025/06/17,shikoku,11.61,11.61,6.83,9.09,9.74,6.53,29.22,5.5
2025/06/17,system,12.84,12.84,9.58,11.49,11.36,8.61,28,6.27
2025/06/17,tohoku,10.41,10.41,6.94,8.18,11.38,6.65,19.67,5.08
2025/06/17,tokyo,14.92,14.92,14.87,15.52,12.6,14.52,19.95,11.15
2025/06/18,chubu,15,15,13.07,15.8,11.29,11.56,29.22,5.7
2025/06/18,chugoku,11.47,11.47,7,8.62,9.84,6.8,29.22,4.37
2025/06/18,hokkaido,10.58,10.58,6.7,8.6,9.3,6.2,28,3
2025/06/18,hokuriku,14.46,14.46,13.08,15.8,9.84,11.56,29.22,5.7
2025/06/18,kansai,14.46,14.46,13.08,15.8,9.84,11.56,29.22,5.7
2025/06/18,kyushu,11.47,11.47,7,8.62,9.84,6.8,29.22,4.37
2025/06/18,shikoku,11.47,11.47,7,8.62,9.84,6.8,29.22,4.37
2025/06/18,system,14.14,14.14,11.31,13.28,11.65,10.36,29.22,7.34
2025/06/18,tohoku,11.71,11.71,6.73,9.52,11.29,6.23,28,3
2025/06/18,tokyo,15.33,15.33,15.12,16.15,12.54,14.77,28,11.5
2025/06/19,chubu,15.58,15.58,15.36,17.65,10.38,13.37,30.56,6
2025/06/19,chugoku,9.92,9.92,3.11,5.51,8.78,1.98,30.56,0.01
2025/06/19,hokkaido,11.32,11.32,7.33,9.58,10.37,6.91,28,5.5
2025/06/19,hokuriku,14.98,14.98,15.36,17.65,8.78,13.37,30.56,6
2025/06/19,kansai,14.98,14.98,15.36,17.65,8.78,13.37,30.56,6
2025/06/19,kyushu,9.92,9.92,3.11,5.51,8.78,1.98,30.56,0.01
2025/06/19,shikoku,9.92,9.92,3.11,5.51,8.78,1.98,30.56,0.01
2025/06/19,system,14.42,14.42,11.56,13.68,11.4,10.35,30.56,7.32
2025/06/19,tohoku,12.79,12.79,8.29,11.03,11.6,8.01,28,5.5
2025/06/19,tokyo,15.8,15.8,15.22,16.42,13.01,14.84,28,11.79
2025/06/20,chubu,14.43,14.43,13.69,15.7,10.65,13.08,30.56,6.64
2025/06/20,chugoku,10.42,10.42,4.69,6.94,9.67,3.64,30.56,0.01
2025/06/20,hokkaido,12.03,12.03,7.52,10.03,11.38,7.1,28,6
2025/06/20,hokuriku,14.07,14.07,13.69,15.7,9.67,13.08,30.56,6.64
2025/06/20,kansai,14.07,14.07,13.69,15.7,9.67,13.08,30.56,6.64
2025/06/20,kyushu,10.41,10.41,4.69,6.94,9.66,3.64,30.56,0.01
2025/06/20,shikoku,10.42,10.42,4.69,6.94,9.67,3.64,30.56,0.01
2025/06/20,system,13.21,13.21,9.67,11.67,11.81,8.9,30,6.66
2025/06/20,tohoku,12.99,12.99,7.41,10.02,13.28,6.94,28,5.82
2025/06/20,tokyo,15.49,15.49,14.64,15.65,13.43,14.21,28,12.01
2025/06/21,chubu,9.58,9.58,6.91,7.74,9.21,6.76,18.2,4.81
2025/06/21,chugoku,9.44,9.44,6.83,7.68,9,6.64,18.2,4.81
2025/06/21,hokkaido,8.37,8.37,7.61,7.72,9.11,7.79,9.98,7.1
2025/06/21,hokuriku,9.46,9.46,6.91,7.74,9,6.76,18.2,4.81
2025/06/21,kansai,9.46,9.46,6.91,7.74,9,6.76,18.2,4.81
2025/06/21,kyushu,9.44,9.44,6.83,7.68,9,6.64,18.2,4.81
2025/06/21,shikoku,9.44,9.44,6.83,7.68,9,6.64,18.2,4.81
2025/06/21,system,10.6,10.6,7.39,8.44,10.7,7.19,20.08,6.16
2025/06/21,tohoku,11.86,11.86,7.78,9.2,12.29,7.43,20.08,6.03
2025/06/21,tokyo,12.55,12.55,8.73,10.53,12.44,8.34,20.08,6.03
2025/06/22,chubu,10.3,10.3,8.35,9.39,9.29,7.95,18.2,7.08
2025/06/22,chugoku,10.07,10.07,8.35,9.36,8.72,7.95,18.2,7.08
2025/06/22,hokkaido,8.95,8.95,7.56,7.76,7.38,7.55,20.06,7.1
2025/06/22,hokuriku,10.07,10.07,8.35,9.36,8.72,7.95,18.2,7.08
2025/06/22,kansai,10.07,10.07,8.35,9.36,8.72,7.95,18.2,7.08
2025/06/22,kyushu,9.7,9.7,7.64,8.49,8.7,7.6,18.2,7.08
2025/06/22,shikoku,10.07,10.07,8.35,9.36,8.72,7.95,18.2,7.08
2025/06/22,system,10.66,10.66,8.26,9.4,9.56,7.88,20,7
2025/06/22,tohoku,11.83,11.83,7.7,9.27,11.88,7.16,20.06,6.06
2025/06/22,tokyo,12.29,12.29,8.93,10.18,11.89,8.6,20.06,7.08
2025/06/23,chubu,15.41,15.41,23.2,21.66,8.54,24.61,34.71,7.67
2025/06/23,chugoku,14.14,14.14,18.85,18.61,8.54,18.65,20.07,7.67
2025/06/23,hokkaido,10.87,10.87,8.33,10.29,8.31,7.18,20.07,5
2025/06/23,hokuriku,15.41,15.41,23.2,21.66,8.54,24.61,34.71,7.67
2025/06/23,kansai,15.41,15.41,23.2,21.66,8.54,24.61,34.71,7.67
2025/06/23,kyushu,14.01,14.01,18.85,18.61,8.45,18.65,20.07,7.67
2025/06/23,shikoku,14.14,14.14,18.85,18.61,8.54,18.65,20.07,7.67
2025/06/23,system,14.79,14.79,18.08,17.98,10.13,17.95,20.12,8.77
2025/06/23,tohoku,14.93,14.93,14.67,15.66,12.59,13.41,20.07,11.25
2025/06/23,tokyo,16.08,16.08,18.55,18.37,12.6,18.65,20.07,11.4
2025/06/24,chubu,17.29,17.29,23.92,23.42,10.9,23.03,34.71,8.58
2025/06/24,chugoku,15.82,15.82,21.58,20.4,10.32,21.44,30,8.58
2025/06/24,hokkaido,10.39,10.39,6.09,9.27,9.25,5.2,30.12,1
2025/06/24,hokuriku,17.07,17.07,23.92,23.42,10.32,23.03,34.71,8.58
2025/06/24,kansai,17.07,17.07,23.92,23.42,10.32,23.03,34.71,8.58
2025/06/24,kyushu,15.78,15.78,21.58,20.4,10.23,21.44,30,8.49
2025/06/24,shikoku,15.82,15.82,21.58,20.4,10.32,21.44,30,8.58
2025/06/24,system,16.05,16.05,20.24,20.22,11.29,19.51,28,10.12
2025/06/24,tohoku,16.44,16.44,18.58,19.68,12.81,17.24,30.12,11.54
2025/06/24,tokyo,17.45,17.45,21.96,22.05,12.81,20.93,30.12,12.08
2025/06/25,chubu,15.98,15.98,17.29,18.81,11.11,16.19,29.36,8.49
2025/06/25,chugoku,11.39,11.39,7.63,9.12,9.65,7.54,29.36,7.31
2025/06/25,hokkaido,11.52,11.52,8.23,10.42,10.06,7.23,21.66,5.9
2025/06/25,hokuriku,16.4,16.4,20.61,21.13,9.65,19.74,29.36,8.49
2025/06/25,kansai,16.4,16.4,20.61,21.13,9.65,19.74,29.36,8.49
2025/06/25,kyushu,11.16,11.16,7.63,8.8,9.58,7.54,29.36,7.31
2025/06/25,shikoku,11.39,11.39,7.63,9.12,9.65,7.54,29.36,7.31
2025/06/25,system,14.29,14.29,14.35,15.09,11.83,13.8,20.06,10.12
2025/06/25,tohoku,15.23,15.23,16.15,16.51,12.69,15.76,20.04,11.51
2025/06/25,tokyo,15.3,15.3,16.42,16.69,12.69,16.07,20.04,11.51
2025/06/26,chubu,14.04,14.04,15.78,16.03,11.24,15.28,20.08,8.58
2025/06/26,chugoku,10.16,10.16,6.97,8.16,9.64,6.68,19.02,3
2025/06/26,hokkaido,13.53,13.53,15.78,16.12,9.88,15.28,20.08,7.57
2025/06/26,hokuriku,13.57,13.57,16.22,16.34,9.64,15.89,20.08,8.14
2025/06/26,kansai,13.57,13.57,16.22,16.34,9.64,15.89,20.08,8.14
2025/06/26,kyushu,9.93,9.93,6.95,7.88,9.47,6.68,19.02,3
2025/06/26,shikoku,10.16,10.16,6.97,8.16,9.64,6.68,19.02,3
2025/06/26,system,13.47,13.47,13.15,14.02,11.61,12.59,20,9.87
2025/06/26,tohoku,14.86,14.86,15.78,16.24,12.72,15.28,20.08,12.13
2025/06/26,tokyo,14.86,14.86,15.78,16.24,12.72,15.28,20.08,12.13
2025/06/27,chubu,12.66,12.66,12.89,13.67,10.03,12.18,20,7.81
2025/06/27,chugoku,9.99,9.99,6.51,7.99,9.39,6.25,20,3.77
2025/06/27,hokkaido,11.25,11.25,8.68,9.82,10.38,8.02,20,6.75
2025/06/27,hokuriku,12.36,12.36,12.89,13.67,9.39,12.18,20,7.55
2025/06/27,kansai,12.36,12.36,12.89,13.67,9.39,12.18,20,7.55
2025/06/27,kyushu,9.99,9.99,6.51,7.99,9.39,6.25,20,3.77
2025/06/27,shikoku,9.99,9.99,6.51,7.99,9.39,6.25,20,3.77
2025/06/27,system,11.86,11.86,9.12,10.62,11.39,8.65,20,7.67
2025/06/27,tohoku,11.93,11.93,8.67,9.82,12.19,8.01,20,6.75
2025/06/27,tokyo,13.79,13.79,12.98,13.89,12.38,12.31,20,10.49
2025/06/28,chubu,9.21,9.21,4.03,5.68,11.09,3.13,16,0.01
2025/06/28,chugoku,7.69,7.69,2.26,4.45,8.42,0.9,16,0.01
2025/06/28,hokkaido,9.2,9.2,4.9,5.57,10.44,4.78,18.84,0.01
2025/06/28,hokuriku,8.21,8.21,4.03,5.68,8.42,3.13,16,0.01
2025/06/28,kansai,8.21,8.21,4.03,5.68,8.42,3.13,16,0.01
2025/06/28,kyushu,7.68,7.68,2.26,4.41,8.42,0.9,16,0.01
2025/06/28,shikoku,7.37,7.37,2.23,3.84,8.42,0.9,16,0.01
2025/06/28,system,10,10,6.83,7.85,10.46,6.4,17,4.37
2025/06/28,tohoku,11.21,11.21,6.19,7.91,12.8,4.96,18.84,0.27
2025/06/28,tokyo,13.24,13.24,12.47,12.79,12.8,12.38,18.84,7.27
2025/06/29,chubu,8.3,8.3,3.33,4.79,9.47,3.14,16.2,0.02
2025/06/29,chugoku,7.37,7.37,1.79,3.63,8.28,1.18,16.2,0.01
2025/06/29,hokkaido,7.18,7.18,2.61,3.46,9.26,2.34,16.2,0.01
2025/06/29,hokuriku,7.85,7.85,3.33,4.79,8.28,3.14,16.2,0.02
2025/06/29,kansai,7.85,7.85,3.33,4.79,8.28,3.14,16.2,0.02
2025/06/29,kyushu,7.23,7.23,1.45,3.28,8.28,0.71,16.2,0.01
2025/06/29,shikoku,7.19,7.19,1.79,3.39,8.28,1.18,16.2,0.01
2025/06/29,system,8.67,8.67,4.37,5.86,9.29,3.68,16,0.1
2025/06/29,tohoku,10.47,10.47,4.76,6.76,12.96,4.89,16.2,0.01
2025/06/29,tokyo,12.46,12.46,11.09,11.31,12.97,10.74,16.2,7.65
2025/06/30,chubu,12.41,12.41,10.16,11.93,11.07,9.59,20.33,5
2025/06/30,chugoku,10.19,10.19,7.03,9.19,8.34,6.33,20.33,4.44
2025/06/30,hokkaido,11.99,11.99,9.59,11.58,10.35,8.53,20.33,7.19
2025/06/30,hokuriku,11.34,11.34,10.16,11.93,8.34,9.59,20.33,5
2025/06/30,kansai,11.34,11.34,10.16,11.93,8.34,9.59,20.33,5
2025/06/30,kyushu,10.11,10.11,6.78,9,8.34,6.33,20.33,4.44
2025/06/30,shikoku,9.72,9.72,5.6,8.07,8.34,4.91,20.33,0.02
2025/06/30,system,11.56,11.56,8.96,11.04,9.85,8.28,20.33,5
2025/06/30,tohoku,13.71,13.71,11.74,13.23,12.88,10.97,20.33,8.62
2025/06/30,tokyo,14.02,14.02,12.25,13.59,13.02,11.69,20.33,9.76
2025/07/01,chubu,15.38,15.38,16.13,17.25,11.92,15.84,30,7.34
2025/07/01,chugoku,11.23,11.23,8.43,10.25,9.51,7.69,21.15,7.34
2025/07/01,hokkaido,15.04,15.04,13.96,15.76,12.84,13.4,30,7.85
2025/07/01,hokuriku,13.46,13.46,15.77,15.59,9.51,15.72,21.15,7.34
2025/07/01,kansai,13.46,13.46,15.77,15.59,9.51,15.72,21.15,7.34
2025/07/01,kyushu,11.23,11.23,8.43,10.25,9.51,7.69,21.15,7.34
2025/07/01,shikoku,11.22,11.22,8.4,10.23,9.51,7.65,21.15,7.11
2025/07/01,system,14.29,14.29,14.66,15.36,11.58,14.01,21.16,8.01
2025/07/01,tohoku,15.02,15.02,13.96,15.76,12.78,13.4,30,8.02
2025/07/01,tokyo,16.19,16.19,16.8,18.01,13.19,16.78,30,10.3
2025/07/02,chubu,17.78,17.78,19.23,20.63,12.71,18.36,29.47,8.29
2025/07/02,chugoku,13.56,13.56,9.19,12.17,11.16,8.14,29.47,7.39
2025/07/02,hokkaido,15.49,15.49,12.17,14.63,13.63,11.28,29.47,9.08
2025/07/02,hokuriku,17,17,19.23,20.43,11.16,18.36,29.47,8.29
2025/07/02,kansai,17,17,19.23,20.43,11.16,18.36,29.47,8.29
2025/07/02,kyushu,13.44,13.44,9.19,12.07,11.03,8.14,29.47,7.39
2025/07/02,shikoku,13.56,13.56,9.19,12.17,11.16,8.14,29.47,7.39
2025/07/02,system,15.73,15.73,14.68,16.35,12.72,14.03,29.47,10.24
2025/07/02,tohoku,15.49,15.49,12.17,14.63,13.63,11.28,29.47,9.08
2025/07/02,tokyo,17.64,17.64,18.62,19.3,13.78,18.36,29.47,13.2
2025/07/03,chubu,15.29,15.29,14.64,15.7,13.07,13.88,25,10.69
2025/07/03,chugoku,14.08,14.08,12.71,14.34,11.73,11.63,25,7.7
2025/07/03,hokkaido,13.34,13.34,10.32,12.26,12.52,8.89,20.46,7.21
2025/07/03,hokuriku,14.64,14.64,14.64,15.7,11.73,13.88,25,8.91
2025/07/03,kansai,14.64,14.64,14.64,15.7,11.73,13.88,25,8.91
2025/07/03,kyushu,14.08,14.08,12.71,14.34,11.73,11.63,25,7.7
2025/07/03,shikoku,14.08,14.08,12.71,14.34,11.73,11.63,25,7.7
2025/07/03,system,14.51,14.51,13.16,14.34,13.07,11.95,20.46,8.85
2025/07/03,tohoku,13.47,13.47,9.89,11.96,13.21,8.29,20.46,5
2025/07/03,tokyo,15.06,15.06,14.63,15.31,13.31,13.88,20.46,10.69
2025/07/04,chubu,16.07,16.07,15.14,16.85,13.08,14.56,29.47,10.21
2025/07/04,chugoku,13.72,13.72,9.6,12.97,11.31,8.19,29.47,7.39
2025/07/04,hokkaido,13.87,13.87,12.92,15.19,10.11,11.85,29.47,7.26
2025/07/04,hokuriku,15.33,15.33,15.14,16.85,11.31,14.56,29.47,8.91
2025/07/04,kansai,15.33,15.33,15.14,16.85,11.31,14.56,29.47,8.91
2025/07/04,kyushu,13.72,13.72,9.6,12.97,11.31,8.19,29.47,7.39
2025/07/04,shikoku,13.72,13.72,9.6,12.97,11.31,8.19,29.47,7.39
2025/07/04,system,15.17,15.17,13.36,15.51,12.8,12.41,29.47,9.84
2025/07/04,tohoku,15.17,15.17,12.92,15.19,13.52,11.85,29.47,8.13
2025/07/04,tokyo,16.02,16.02,15.14,16.75,13.6,14.56,29.47,12.09
2025/07/05,chubu,12.6,12.6,10.34,11.25,12.1,10.33,19.72,7.37
2025/07/05,chugoku,11.01,11.01,7.67,9.27,10.54,7.4,19.72,7.29
2025/07/05,hokkaido,11.75,11.75,8.24,9.84,11.82,7.91,19.72,7.22
2025/07/05,hokuriku,11.83,11.83,10.34,11.25,10.54,10.33,19.72,7.29
2025/07/05,kansai,11.83,11.83,10.34,11.25,10.54,10.33,19.72,7.29
2025/07/05,kyushu,11.01,11.01,7.67,9.27,10.54,7.4,19.72,7.29
2025/07/05,shikoku,11,11,7.64,9.25,10.54,7.37,19.72,7.06
2025/07/05,system,12.06,12.06,9.03,10.49,11.69,8.58,19.72,7.54
2025/07/05,tohoku,12.74,12.74,10.22,11.59,12.1,9.63,19.72,9.08
2025/07/05,tokyo,13,13,11.1,12.21,12.1,10.87,19.72,10.54
2025/07/06,chubu,11.8,11.8,9.49,10.27,10.97,9.89,19.66,7.14
2025/07/06,chugoku,10.65,10.65,7.48,8.86,9.52,7.33,19.66,7.04
2025/07/06,hokkaido,11.29,11.29,7.73,9.04,10.97,7.44,19.66,6.15
2025/07/06,hokuriku,11.24,11.24,9.49,10.27,9.52,9.89,19.66,7.14
2025/07/06,kansai,11.24,11.24,9.49,10.27,9.52,9.89,19.66,7.14
2025/07/06,kyushu,10.56,10.56,7.38,8.64,9.52,7.33,19.66,7.04
2025/07/06,shikoku,10.63,10.63,7.42,8.82,9.52,7.25,19.66,6.93
2025/07/06,system,11.17,11.17,7.88,9.17,10.57,7.76,19.66,7.37
2025/07/06,tohoku,11.32,11.32,7.83,9.11,10.97,7.58,19.66,6.15
2025/07/06,tokyo,11.8,11.8,9.49,10.27,10.97,9.89,19.66,7.14
2025/07/07,chubu,16.98,16.98,17.32,20.07,10.75,16.16,35,8
2025/07/07,chugoku,13.33,13.33,9.9,12.76,9.25,9.14,35,7.4
2025/07/07,hokkaido,15.65,15.65,12.35,16.73,10.95,10.27,35,7.22
2025/07/07,hokuriku,16.6,16.6,18.06,20.59,9.25,17.2,35,7.54
2025/07/07,kansai,16.6,16.6,18.06,20.59,9.25,17.2,35,7.54
2025/07/07,kyushu,13.32,13.32,9.9,12.76,9.25,9.14,35,7.4
2025/07/07,shikoku,13.23,13.23,9.57,12.51,9.25,8.68,35,7.4
2025/07/07,system,16.06,16.06,14.89,18.25,10.36,14.29,35,8.49
2025/07/07,tohoku,15.65,15.65,12.35,16.73,10.95,10.27,35,7.22
2025/07/07,tokyo,17.1,17.1,17.32,20.21,10.95,16.16,35,9.39
2025/07/08,chubu,17.65,17.65,17.37,19.82,12.47,17.43,35.28,11.47
2025/07/08,chugoku,15.13,15.13,11.91,14.29,12.47,10.67,35,7.64
2025/07/08,hokkaido,15.88,15.88,10.54,15,12.29,9.26,35.28,6.5
2025/07/08,hokuriku,17.65,17.65,17.37,19.82,12.47,17.43,35.28,11.47
2025/07/08,kansai,17.65,17.65,17.37,19.82,12.47,17.43,35.28,11.47
2025/07/08,kyushu,14.47,14.47,11.91,14.29,10.86,10.67,35,7.64
2025/07/08,shikoku,15.13,15.13,11.91,14.29,12.47,10.67,35,7.64
2025/07/08,system,16.05,16.05,14.77,16.87,12.32,14.28,30.01,11.09
2025/07/08,tohoku,15.95,15.95,10.54,15,12.47,9.26,35.28,6.5
2025/07/08,tokyo,18.01,18.01,17.48,19.89,12.47,17.58,35.28,11.47
2025/07/09,chubu,16.2,16.2,18.34,18.65,12.24,16.83,30,10.89
2025/07/09,chugoku,13.94,13.94,12.05,13.57,11.98,10.9,23.62,7.4
2025/07/09,hokkaido,13.83,13.83,11.51,13.73,12.24,10.5,30,7.22
2025/07/09,hokuriku,16.77,16.77,20.8,20.38,11.98,19.51,35.28,9.55
2025/07/09,kansai,16.77,16.77,20.8,20.38,11.98,19.51,35.28,9.55
2025/07/09,kyushu,13.89,13.89,12.05,13.57,11.84,10.9,23.62,7.4
2025/07/09,shikoku,13.94,13.94,12.05,13.57,11.98,10.9,23.62,7.4
2025/07/09,system,15.1,15.1,15.6,16.25,12.3,15.09,23.4,10.42
2025/07/09,tohoku,13.96,13.96,11.51,13.73,12.24,10.5,30,7.22
2025/07/09,tokyo,15.63,15.63,16.99,17.71,12.24,16.83,30,10.89
2025/07/10,chubu,15.66,15.66,17.11,17.16,12.71,16.89,24.49,11.39
2025/07/10,chugoku,15.05,15.05,15.74,16.15,12.42,15.58,24.49,10.47
2025/07/10,hokkaido,12.36,12.36,10.45,11.6,12.16,9.72,19.57,7.22
2025/07/10,hokuriku,15.48,15.48,17.11,17.16,12.42,16.89,24.49,10.47
2025/07/10,kansai,15.48,15.48,17.11,17.16,12.42,16.89,24.49,10.47
2025/07/10,kyushu,15.05,15.05,15.74,16.15,12.42,15.58,24.49,10.47
2025/07/10,shikoku,13.68,13.68,11.04,12.86,12.42,9.65,24.49,7.05
2025/07/10,system,14.76,14.76,15.56,15.98,12.47,15.4,20.02,11.32
2025/07/10,tohoku,12.48,12.48,10.48,11.62,12.45,9.76,19.57,7.22
2025/07/10,tokyo,15.37,15.37,17.35,17.3,12.72,17.23,24.01,11.39
2025/07/11,chubu,12.69,12.69,12.08,13.07,11.12,11.6,18,10.47
2025/07/11,chugoku,12.69,12.69,12.08,13.07,11.12,11.6,18,10.47
2025/07/11,hokkaido,11.68,11.68,10.3,11.33,10.81,9.8,16.02,7.22
2025/07/11,hokuriku,12.69,12.69,12.08,13.07,11.12,11.6,18,10.47
2025/07/11,kansai,12.69,12.69,12.08,13.07,11.12,11.6,18,10.47
2025/07/11,kyushu,12.69,12.69,12.08,13.07,11.12,11.6,18,10.47
2025/07/11,shikoku,12.69,12.69,12.08,13.07,11.12,11.6,18,10.47
2025/07/11,system,12.33,12.33,11.74,12.48,11.07,11.35,16.87,10.31
2025/07/11,tohoku,11.8,11.8,10.32,11.34,11.12,9.83,16.02,7.22
2025/07/11,tokyo,12.25,12.25,11.81,12.38,11.12,11.6,16.02,10.47
2025/07/12,chubu,10.46,10.46,8.29,9.04,10.6,8,15.34,7.23
2025/07/12,chugoku,10.29,10.29,7.72,8.64,10.6,7.39,15.34,7.23
2025/07/12,hokkaido,9.84,9.84,7.22,7.79,10.43,7.13,15.34,6.01
2025/07/12,hokuriku,10.46,10.46,8.29,9.04,10.6,8,15.34,7.23
2025/07/12,kansai,10.46,10.46,8.29,9.04,10.6,8,15.34,7.23
2025/07/12,kyushu,9.63,9.63,7.5,8.44,9.13,7.34,15.34,7.23
2025/07/12,shikoku,10.15,10.15,7.24,8.3,10.6,6.93,15.34,6.83
2025/07/12,system,10.25,10.25,7.85,8.74,10.41,7.5,15.34,7.15
2025/07/12,tohoku,10.27,10.27,7.66,8.6,10.58,7.33,15.34,6.01
2025/07/12,tokyo,10.45,10.45,8.29,9.04,10.58,8,15.34,7.23
2025/07/13,chubu,10.09,10.09,8.37,9.04,9.65,8.17,16.18,6.85
2025/07/13,chugoku,9.51,9.51,6.77,7.89,9.37,6.56,16.18,5.9
2025/07/13,hokkaido,8.89,8.89,6.7,7.13,8.6,6.92,16.18,4
2025/07/13,hokuriku,9.99,9.99,8.37,9.04,9.37,8.17,16.18,6.85
2025/07/13,kansai,9.99,9.99,8.37,9.04,9.37,8.17,16.18,6.85
2025/07/13,kyushu,9.09,9.09,6.77,7.89,8.25,6.56,16.18,5.9
2025/07/13,shikoku,9.39,9.39,6.65,7.61,9.37,6.54,16.18,5.9
2025/07/13,system,9.82,9.82,7.49,8.45,9.49,7.17,16.18,6.72
2025/07/13,tohoku,9.82,9.82,6.94,7.98,10.09,6.93,16.18,6.23
2025/07/13,tokyo,10.26,10.26,8.37,9.04,10.09,8.17,16.18,6.85
2025/07/14,chubu,12.17,12.17,13.07,13.71,9.42,12.66,17.9,8
2025/07/14,chugoku,11.53,11.53,11.69,12.68,8.97,11.11,17.9,7.45
2025/07/14,hokkaido,11.69,11.69,12.01,12.97,9.09,11.47,17.9,7.63
2025/07/14,hokuriku,11.96,11.96,13.07,13.71,8.97,12.66,17.9,7.64
2025/07/14,kansai,11.96,11.96,13.07,13.71,8.97,12.66,17.9,7.64
2025/07/14,kyushu,10.51,10.51,8.64,10.49,8.69,7.61,17.9,7.45
2025/07/14,shikoku,11.5,11.5,11.69,12.61,8.97,11.11,17.9,7.45
2025/07/14,system,11.69,11.69,12.19,13.04,8.95,11.57,17.65,8.11
2025/07/14,tohoku,11.89,11.89,12.01,12.97,9.48,11.47,17.9,8
2025/07/14,tokyo,12.2,12.2,13.07,13.73,9.48,12.66,17.9,8
2025/07/15,chubu,16.08,16.08,19.06,20.31,11.19,17.38,31.5,9.91
2025/07/15,chugoku,10.99,10.99,7.63,8.96,10.81,7.17,19.3,6.55
2025/07/15,hokkaido,14.73,14.73,17.71,17.54,10.98,17.18,26,7.96
2025/07/15,hokuriku,15.82,15.82,19.06,20.28,10.81,17.38,31.5,9.23
2025/07/15,kansai,15.82,15.82,19.06,20.28,10.81,17.38,31.5,9.23
2025/07/15,kyushu,9.95,9.95,7.24,8.29,8.99,7.16,19.3,6.55
2025/07/15,shikoku,6.19,6.19,1.5,2.75,7.45,0.63,16.02,0.01
2025/07/15,system,12.67,12.67,12.27,13.13,10.75,11.67,18.5,9.43
2025/07/15,tohoku,14.9,14.9,17.71,17.54,11.42,17.18,26,10.32
2025/07/15,tokyo,14.95,14.95,17.86,17.64,11.42,17.38,28.09,10.32
2025/07/16,chubu,12.85,12.85,12.59,13.23,11.33,12.44,17.65,9.43
2025/07/16,chugoku,10.68,10.68,7.84,9.44,9.95,7.39,17.55,7.15
2025/07/16,hokkaido,13.55,13.55,14.38,14.66,11.61,14.27,17.65,11.06
2025/07/16,hokuriku,12.26,12.26,12.59,13.23,9.95,12.44,17.65,9.18
2025/07/16,kansai,12.26,12.26,12.59,13.23,9.95,12.44,17.65,9.18
2025/07/16,kyushu,10.2,10.2,7.81,9.41,8.88,7.36,17.55,7.15
2025/07/16,shikoku,7.03,7.03,4.6,5.21,7.49,3.87,16.45,3
2025/07/16,system,11.62,11.62,10.56,11.49,10.51,10.26,16.96,8.3
2025/07/16,tohoku,13.01,13.01,12.59,13.37,11.61,12.44,17.65,11.06
2025/07/16,tokyo,13.01,13.01,12.59,13.37,11.61,12.44,17.65,11.06
2025/07/17,chubu,13.12,13.12,15.29,15.18,10.77,15.07,17.52,8.12
2025/07/17,chugoku,10.66,10.66,9.48,10.55,9.62,8.84,15.77,7.45
2025/07/17,hokkaido,13.57,13.57,15.29,15.22,11.68,15.07,17.52,11.23
2025/07/17,hokuriku,12.55,12.55,15.29,15.1,9.62,15.07,17.52,8.12
2025/07/17,kansai,12.55,12.55,15.29,15.1,9.62,15.07,17.52,8.12
2025/07/17,kyushu,10.11,10.11,9.33,10.42,8.44,8.64,15.77,7.45
2025/07/17,shikoku,8.42,8.42,8.22,8.79,7.02,8.73,15.77,5
2025/07/17,system,12.35,12.35,13.43,13.69,10.47,13.13,16.13,10.06
2025/07/17,tohoku,13.57,13.57,15.29,15.22,11.68,15.07,17.52,11.23
2025/07/17,tokyo,13.57,13.57,15.29,15.22,11.68,15.07,17.52,11.23
2025/07/18,chubu,12.1,12.1,11.81,12.8,10.39,11.36,17.6,9.18
2025/07/18,chugoku,11.76,11.76,11.81,12.8,9.51,11.36,17.6,9.08
2025/07/18,hokkaido,12.41,12.41,11.43,12.53,11.24,10.84,17.6,9.81
2025/07/18,hokuriku,11.76,11.76,11.81,12.8,9.51,11.36,17.6,9.08
2025/07/18,kansai,11.76,11.76,11.81,12.8,9.51,11.36,17.6,9.08
2025/07/18,kyushu,11.51,11.51,11.81,12.8,8.93,11.36,17.6,7.64
2025/07/18,shikoku,7.74,7.74,8.34,8.04,7.41,7.27,12,4
2025/07/18,system,11.97,11.97,11.64,12.59,10.3,11.12,17.19,9.16
2025/07/18,tohoku,12.41,12.41,11.43,12.53,11.24,10.84,17.6,9.81
2025/07/18,tokyo,12.51,12.51,11.78,12.78,11.24,11.32,17.6,9.81
2025/07/19,chubu,9.74,9.74,8.3,8.81,9.79,8.26,12.85,6.76
2025/07/19,chugoku,9.12,9.12,7.36,8.05,9,7.29,12.85,6.76
2025/07/19,hokkaido,9.97,9.97,7.91,8.73,10.08,7.7,14.9,6.2
2025/07/19,hokuriku,9.44,9.44,8.3,8.81,9,8.26,12.85,6.76
2025/07/19,kansai,9.44,9.44,8.3,8.81,9,8.26,12.85,6.76
2025/07/19,kyushu,8.97,8.97,7.35,8.04,8.62,7.29,12.85,6.76
2025/07/19,shikoku,6.64,6.64,6.1,5.71,6.9,6.73,12.85,0.01
2025/07/19,system,9.5,9.5,7.78,8.46,9.47,7.69,13.38,7.35
2025/07/19,tohoku,10.01,10.01,7.79,8.65,10.26,7.53,14.9,6.2
2025/07/19,tokyo,10.21,10.21,8.5,9.14,10.26,8.5,14.9,6.76
2025/07/20,chubu,8.99,8.99,7.42,7.94,8.89,7.16,12.79,4.86
2025/07/20,chugoku,8.55,8.55,6.78,7.46,8.41,6.26,12.79,4.86
2025/07/20,hokkaido,9.36,9.36,6.82,8.08,8.77,6.53,16.33,5
2025/07/20,hokuriku,8.74,8.74,7.42,7.91,8.41,7.16,12.79,4.86
2025/07/20,kansai,8.74,8.74,7.42,7.91,8.41,7.16,12.79,4.86
2025/07/20,kyushu,8.37,8.37,6.41,7.08,8.35,5.99,12.79,3.09
2025/07/20,shikoku,5.64,5.64,4.42,5.04,6.09,4.03,6.93,0.01
2025/07/20,system,8.9,8.9,7.26,7.9,8.55,7.02,13.22,5.78
2025/07/20,tohoku,9.95,9.95,7.72,8.71,9.63,7.46,16.33,5
2025/07/20,tokyo,9.95,9.95,7.72,8.71,9.63,7.46,16.33,5
2025/07/21,chubu,11.46,11.46,10.15,10.45,10.97,10.16,19.83,8.33
2025/07/21,chugoku,9.93,9.93,8.18,8.95,8.8,7.59,19.83,6
2025/07/21,hokkaido,8.78,8.78,5.13,6.53,7.87,4.38,19.83,3
2025/07/21,hokuriku,10.48,10.48,10.08,10.28,8.8,10.15,19.83,6
2025/07/21,kansai,10.48,10.48,10.08,10.28,8.8,10.15,19.83,6
2025/07/21,kyushu,9.45,9.45,7.19,7.88,8.8,7.09,19.83,6
2025/07/21,shikoku,4.9,4.9,2.71,3.21,6.46,3.08,7,0.01
2025/07/21,system,10.07,10.07,8.23,8.92,9.55,8.07,17,7.35
2025/07/21,tohoku,11.39,11.39,8.49,9.57,11.31,8.21,19.83,5
2025/07/21,tokyo,12,12,10.4,10.94,11.31,10.24,19.83,8.33
2025/07/22,chubu,13.22,13.22,11.61,12.98,11.66,10.53,20,7.75
2025/07/22,chugoku,11.02,11.02,7.55,9.44,9.94,7.18,19.98,6.98
2025/07/22,hokkaido,11.1,11.1,8.2,10.54,9.14,7.26,20,2
2025/07/22,hokuriku,12.5,12.5,11.61,12.98,9.94,10.53,20,7.75
2025/07/22,kansai,12.5,12.5,11.61,12.98,9.94,10.53,20,7.75
2025/07/22,kyushu,10.53,10.53,7.32,9.12,9.27,7.18,19.98,6.98
2025/07/22,shikoku,5.71,5.71,0.67,2.25,7.95,0.22,13.89,0.01
2025/07/22,system,11.93,11.93,9.14,11,10.88,8.42,19.96,6.72
2025/07/22,tohoku,12.32,12.32,8.13,10.58,12.09,7.16,20,2
2025/07/22,tokyo,13.89,13.89,13.16,14.2,12.1,12.32,20,9.48
2025/07/23,chubu,14.27,14.27,14.13,14.77,12.27,13.65,19.68,9.48
2025/07/23,chugoku,11.93,11.93,9.37,10.83,10.67,8.41,19.67,6.55
2025/07/23,hokkaido,12.33,12.33,11.09,12.6,9.92,10.34,20,7.35
2025/07/23,hokuriku,13.57,13.57,14.13,14.77,10.67,13.65,19.68,9.23
2025/07/23,kansai,13.57,13.57,14.13,14.77,10.67,13.65,19.68,9.23
2025/07/23,kyushu,10.51,10.51,7.3,8.77,9.4,7.22,19.67,6.55
2025/07/23,shikoku,6.46,6.46,0.81,2.1,9.12,0.32,15,0.01
2025/07/23,system,12.67,12.67,10.71,12.2,11.46,9.86,19.67,7.64
2025/07/23,tohoku,13.43,13.43,11.14,12.74,12.49,10.41,19.68,7.35
2025/07/23,tokyo,14.65,14.65,14.82,15.46,12.52,14.45,19.68,11
2025/07/24,chubu,14.41,14.41,14.34,15.12,11.95,14.01,21.64,9.48
2025/07/24,chugoku,11.94,11.94,8.8,10.48,10.78,8.72,20.12,7.45
2025/07/24,hokkaido,12.86,12.86,10.9,12.65,10.53,9.69,21.64,7.35
2025/07/24,hokuriku,13.88,13.88,14.34,15.12,10.78,14.01,21.64,9.23
2025/07/24,kansai,13.88,13.88,14.34,15.12,10.78,14.01,21.64,9.23
2025/07/24,kyushu,11.12,11.12,7.97,9.9,9.43,7.56,20.12,7.45
2025/07/24,shikoku,7.95,7.95,6.33,7.42,7.48,6.24,17,4
2025/07/24,system,13.48,13.48,12.29,13.55,11.58,11.46,20.12,9.04
2025/07/24,tohoku,13.47,13.47,10.98,12.79,12.24,9.69,21.64,7.35
2025/07/24,tokyo,14.77,14.77,15.03,15.75,12.24,14.67,21.64,11.1
2025/07/25,chubu,14.38,14.38,14.27,15.04,12.3,13.64,20.12,9.97
2025/07/25,chugoku,12.1,12.1,9.16,10.96,10.95,7.92,20.12,7.64
2025/07/25,hokkaido,13.01,13.01,11.31,12.94,11.36,10.35,20.12,7.35
2025/07/25,hokuriku,13.81,13.81,14.27,15.04,10.95,13.64,20.12,9.48
2025/07/25,kansai,13.81,13.81,14.27,15.04,10.95,13.64,20.12,9.48
2025/07/25,kyushu,11.68,11.68,9.16,10.96,9.81,7.92,20.12,7.64
2025/07/25,shikoku,8.93,8.93,7.61,7.76,8.96,7.22,16.02,5
2025/07/25,system,13.38,13.38,11.72,13.12,12.03,10.74,19.34,8.77
2025/07/25,tohoku,13.56,13.56,11.31,12.94,12.52,10.35,20.12,7.35
2025/07/25,tokyo,14.58,14.58,14.29,15.2,12.57,13.68,20.12,12
2025/07/26,chubu,12.38,12.38,10.94,11.6,12.17,10.72,18,8.49
2025/07/26,chugoku,10.58,10.58,7.71,8.83,10.81,7.42,17.41,7.39
2025/07/26,hokkaido,14.15,14.15,12.98,14.04,12.76,12.23,18.18,8
2025/07/26,hokuriku,11.81,11.81,10.94,11.6,10.81,10.72,18,7.64
2025/07/26,kansai,11.81,11.81,10.94,11.6,10.81,10.72,18,7.64
2025/07/26,kyushu,10.05,10.05,7.71,8.83,9.37,7.42,17.41,7.39
2025/07/26,shikoku,8,8,3.96,5.08,9.64,3.45,14.02,0.02
2025/07/26,system,11.74,11.74,9.72,10.71,11.54,9.51,17,8.12
2025/07/26,tohoku,12.26,12.26,9.53,10.86,12.38,8.96,18,7
2025/07/26,tokyo,12.8,12.8,11.35,12.16,12.38,11.26,18,9.51
2025/07/27,chubu,11.7,11.7,9.31,10.18,11.67,9.29,17.41,7.45
2025/07/27,chugoku,10.34,10.34,7.11,8.43,10.21,6.64,17.41,6.24
2025/07/27,hokkaido,14.61,14.61,11.37,12.5,14.06,11.35,30.12,10.19
2025/07/27,hokuriku,11.19,11.19,9.31,10.18,10.31,9.29,17.41,7.45
2025/07/27,kansai,11.19,11.19,9.31,10.18,10.31,9.29,17.41,7.45
2025/07/27,kyushu,10.25,10.25,7.11,8.41,9.97,6.64,17.41,6.24
2025/07/27,shikoku,8.32,8.32,4.49,5.44,9.64,4.14,15.2,0.01
2025/07/27,system,11.19,11.19,8.81,9.83,10.89,8.59,17.09,7.71
2025/07/27,tohoku,12.5,12.5,11.37,11.92,11.83,11.35,17.41,10.19
2025/07/27,tokyo,12.52,12.52,11.43,11.95,11.83,11.42,17.41,10.19
2025/07/28,chubu,15.03,15.03,14.91,15.84,12.07,14.54,31.46,9.91
2025/07/28,chugoku,11.99,11.99,7.76,10.21,10.34,7.28,31.46,7.03
2025/07/28,hokkaido,19.01,19.01,17.21,18.21,14.09,16.67,50,10.4
2025/07/28,hokuriku,14.33,14.33,14.91,15.84,10.34,14.54,31.46,8.1
2025/07/28,kansai,14.33,14.33,14.91,15.84,10.34,14.54,31.46,8.1
2025/07/28,kyushu,11.86,11.86,7.76,10.21,10.09,7.28,31.46,7.03
2025/07/28,shikoku,6.73,6.73,3.06,4.14,8.63,2.46,13,0.02
2025/07/28,system,13.6,13.6,11.96,13.44,11.24,10.95,30,8.07
2025/07/28,tohoku,14.28,14.28,12.18,13.95,12.2,11.01,31.46,7.83
2025/07/28,tokyo,15.11,15.11,14.91,15.92,12.2,14.54,31.46,11.08
2025/07/29,chubu,17.89,17.89,15.57,19.55,12.38,14.94,37.51,10.04
2025/07/29,chugoku,12.42,12.42,7.89,9.46,11.44,7.28,37.51,6.61
2025/07/29,hokkaido,18.6,18.6,14.98,17.84,16.22,14.48,37.51,7.47
2025/07/29,hokuriku,17.77,17.77,16.5,20.2,11.44,14.94,37.51,9.31
2025/07/29,kansai,17.77,17.77,16.5,20.2,11.44,14.94,37.51,9.31
2025/07/29,kyushu,12.35,12.35,7.89,9.46,11.36,7.28,37.51,6.61
2025/07/29,shikoku,7.54,7.54,4.85,5.41,9.18,4.2,12.27,0.02
2025/07/29,system,15.64,15.64,12.4,15.4,12.04,11.43,37.51,9.82
2025/07/29,tohoku,15.21,15.21,9.61,13.99,12.38,8.22,37.51,5
2025/07/29,tokyo,17,17,15.22,18.1,12.41,14.94,37.51,11.42
2025/07/30,chubu,16.11,16.11,13.7,17.74,12.4,12.9,37.51,10.2
2025/07/30,chugoku,11.71,11.71,7.63,9.14,10.65,7.2,30.89,6.58
2025/07/30,hokkaido,13.7,13.7,11.92,13.31,12.79,11.66,19.39,7.47
2025/07/30,hokuriku,15.6,15.6,14.46,18.27,10.65,12.9,37.51,8.9
2025/07/30,kansai,15.6,15.6,14.46,18.27,10.65,12.9,37.51,8.9
2025/07/30,kyushu,11.71,11.71,7.63,9.14,10.65,7.2,30.89,6.58
2025/07/30,shikoku,8.12,8.12,7.02,6.92,8.84,7.13,14.02,6.42
2025/07/30,system,12.68,12.68,10.54,12.12,11.55,9.62,19.39,7.47
2025/07/30,tohoku,13.04,13.04,10.4,12.14,12.32,9.53,19.39,7.22
2025/07/30,tokyo,14.1,14.1,13.7,14.53,12.4,12.9,19.39,10.2
2025/07/31,chubu,14.33,14.33,14.57,15.43,11.76,14.22,20.35,10.94
2025/07/31,chugoku,11.45,11.45,8.39,10.21,10.1,7.64,20.35,7.18
2025/07/31,hokkaido,13.96,13.96,11.14,12.86,11.76,9.75,30,7.47
2025/07/31,hokuriku,13.74,13.74,15,15.73,10.1,14.59,20.35,7.67
2025/07/31,kansai,13.74,13.74,15,15.73,10.1,14.59,20.35,7.67
2025/07/31,kyushu,11.45,11.45,8.39,10.21,10.1,7.64,20.35,7.18
2025/07/31,shikoku,9.36,9.36,6.95,7.24,8.69,6.88,19.24,4.5
2025/07/31,system,12.79,12.79,11.36,12.79,11.2,10.65,19.38,9.46
2025/07/31,tohoku,12.73,12.73,10.41,12.24,11.76,9.38,19.38,7.47
2025/07/31,tokyo,13.7,13.7,13.45,14.43,11.76,13.05,19.38,10.94
2025/08/01,chubu,14.93,14.93,15.71,17.48,11.41,15.44,41.58,10.7
2025/08/01,chugoku,11.13,11.13,8.93,9.96,10.36,8.75,20.36,7.09
2025/08/01,hokkaido,13.71,13.71,13.25,14.24,11.56,12.71,19.3,10.57
2025/08/01,hokuriku,14.49,14.49,15.71,17.48,10.36,15.44,41.58,8.98
2025/08/01,kansai,14.49,14.49,15.71,17.48,10.36,15.44,41.58,8.98
2025/08/01,kyushu,11,11,8.58,9.72,10.36,8.46,20.36,7.09
2025/08/01,shikoku,8.43,8.43,6.04,6.41,9.37,5.41,14.02,1.09
2025/08/01,system,13.01,13.01,12.47,13.63,11.1,12.01,19.3,10
2025/08/01,tohoku,13.31,13.31,13.25,14.24,11.4,12.71,19.3,10.57
2025/08/01,tokyo,13.62,13.62,14.32,14.99,11.41,14.2,19.3,10.7
2025/08/02,chubu,12.68,12.68,10.67,11.82,11.83,10.53,20.22,9.3
2025/08/02,chugoku,10.44,10.44,7.02,8.14,10.48,6.8,20.22,6.31
2025/08/02,hokkaido,15.09,15.09,10.77,12.44,12.79,9.52,50,7.99
2025/08/02,hokuriku,12.08,12.08,10.67,11.82,10.48,10.53,20.22,7.62
2025/08/02,kansai,12.08,12.08,10.67,11.82,10.48,10.53,20.22,7.62
2025/08/02,kyushu,10.14,10.14,6.99,7.94,10.2,6.76,20.22,6.31
2025/08/02,shikoku,7.83,7.83,3.99,4.83,9.91,3.05,14.08,0.02
2025/08/02,system,12.15,12.15,9.58,10.85,11.29,9.29,20.22,7.81
2025/08/02,tohoku,13.23,13.23,10.41,12.19,12.05,9.22,21,7.99
2025/08/02,tokyo,13.86,13.86,12.57,13.7,12.05,11.74,21,10.25
2025/08/03,chubu,12.42,12.42,10,11.13,11.73,10.15,20.12,8
2025/08/03,chugoku,9.15,9.15,5.92,7,8.93,5.69,16.31,5.22
2025/08/03,hokkaido,13.84,13.84,8.87,11.09,14.73,8.26,22.83,7.32
2025/08/03,hokuriku,11.08,11.08,9.91,10.89,8.93,10.03,20.12,6.75
2025/08/03,kansai,11.08,11.08,9.91,10.89,8.93,10.03,20.12,6.75
2025/08/03,kyushu,9.15,9.15,5.92,7,8.93,5.69,16.31,5.22
2025/08/03,shikoku,7.36,7.36,2.43,3.83,8.93,1.03,14.02,0.01
2025/08/03,system,11.58,11.58,8.08,9.66,11.44,7.71,19.11,7.42
2025/08/03,tohoku,13.82,13.82,8.87,11.09,14.69,8.27,22.83,7.38
2025/08/03,tokyo,14.48,14.48,10.94,12.54,14.69,10.57,22.83,10.23
2025/08/04,chubu,15.1,15.1,15.94,16.72,12.21,14.82,25,9.95
2025/08/04,chugoku,11.9,11.9,9.91,11.23,9.94,9.25,20.22,7.49
2025/08/04,hokkaido,15.22,15.22,15.84,16.7,12.46,14.68,25,11.2
2025/08/04,hokuriku,14.25,14.25,15.94,16.72,9.94,14.82,25,7.75
2025/08/04,kansai,14.25,14.25,15.94,16.72,9.94,14.82,25,7.75
2025/08/04,kyushu,11.84,11.84,9.91,11.23,9.85,9.25,20.22,7.49
2025/08/04,shikoku,6.44,6.44,1.78,3.28,8.54,0.93,14.02,0.01
2025/08/04,system,13.78,13.78,12.91,14.17,11.55,11.92,20.22,10.23
2025/08/04,tohoku,15.22,15.22,15.84,16.7,12.46,14.68,25,11.2
2025/08/04,tokyo,15.25,15.25,15.94,16.77,12.46,14.82,25,11.2
2025/08/05,chubu,17.33,17.33,16.53,18.95,13.35,15.84,40.01,10.29
2025/08/05,chugoku,13.78,13.78,11.41,12.48,11.74,10.82,34.92,8.88
2025/08/05,hokkaido,17.22,17.22,16.15,18.8,13.57,15.29,40.01,11.83
2025/08/05,hokuriku,16.68,16.68,16.53,18.95,11.74,15.84,40.01,9.98
2025/08/05,kansai,16.68,16.68,16.53,18.95,11.74,15.84,40.01,9.98
2025/08/05,kyushu,13.64,13.64,11.41,12.48,11.56,10.82,34.92,8.88
2025/08/05,shikoku,9.06,9.06,5.8,6.19,11.35,5.72,16.02,3.09
2025/08/05,system,16.4,16.4,14.91,16.88,13.06,14.44,36.99,11.49
2025/08/05,tohoku,17.18,17.18,15.9,18.63,13.73,14.97,40.01,11.83
2025/08/05,tokyo,17.7,17.7,16.42,18.99,14.27,15.69,40.01,11.83
2025/08/06,chubu,17.97,17.97,20.72,21.99,12.41,20.79,37.3,11.29
2025/08/06,chugoku,13.38,13.38,10.66,12.37,12.15,9.59,22,7.42
2025/08/06,hokkaido,17.69,17.69,18.5,20.67,12.91,17.58,37.3,11.31
2025/08/06,hokuriku,17.9,17.9,20.81,22.05,12.15,20.91,37.3,11.29
2025/08/06,kansai,17.9,17.9,20.81,22.05,12.15,20.91,37.3,11.29
2025/08/06,kyushu,13.35,13.35,10.66,12.37,12.15,9.59,22,7.42
2025/08/06,shikoku,11.42,11.42,9.32,10.25,12.05,8.87,17.72,6.94
2025/08/06,system,16.89,16.89,17.41,18.96,12.54,17.26,30.1,11.29
2025/08/06,tohoku,17.55,17.55,18.5,20.67,12.73,17.58,37.3,11.31
2025/08/06,tokyo,19.01,19.01,23.49,24.18,12.73,23.61,37.3,11.31
2025/08/07,chubu,16.01,16.01,18.69,19.06,11.68,18.61,22,11.18
2025/08/07,chugoku,15.61,15.61,18.2,18.47,11.47,18.26,22,10.3
2025/08/07,hokkaido,15.36,15.36,16.31,17.1,11.95,15.16,22,11.18
2025/08/07,hokuriku,15.86,15.86,18.69,19.06,11.47,18.61,22,10.3
2025/08/07,kansai,15.86,15.86,18.69,19.06,11.47,18.61,22,10.3
2025/08/07,kyushu,15.48,15.48,18.2,18.17,11.47,18.26,22,10.3
2025/08/07,shikoku,12.01,12.01,14.67,13.04,11.47,17.2,20,3.09
2025/08/07,system,15.49,15.49,17.4,18,11.7,17.09,21.28,11.13
2025/08/07,tohoku,15,15,15.3,16.4,11.95,14.29,22,11.18
2025/08/07,tokyo,16.3,16.3,19.36,19.52,11.95,19.25,22,11.18
2025/08/08,chubu,13.44,13.44,13.21,14.15,11.86,12.68,19.22,10.3
2025/08/08,chugoku,12.14,12.14,10.61,11.98,10.86,9.96,19.22,8.54
2025/08/08,hokkaido,12.59,12.59,9.28,11.4,11.86,8.29,19.25,7.54
2025/08/08,hokuriku,13.04,13.04,13.21,14.15,10.86,12.68,19.22,9.95
2025/08/08,kansai,13.04,13.04,13.21,14.15,10.86,12.68,19.22,9.95
2025/08/08,kyushu,12.14,12.14,10.61,11.98,10.86,9.96,19.22,8.54
2025/08/08,shikoku,8.57,8.57,4.42,5.72,10.86,3.39,13.15,1.09
2025/08/08,system,12.79,12.79,11.62,12.97,11.48,10.92,19.2,9.04
2025/08/08,tohoku,12.25,12.25,9.26,11.38,11.86,8.29,19.22,7.54
2025/08/08,tokyo,13.44,13.44,13.21,14.15,11.86,12.68,19.22,10.3
2025/08/09,chubu,11.14,11.14,9.97,10.37,11.08,9.86,14.74,8
2025/08/09,chugoku,10.81,10.81,9.97,10.37,10.3,9.86,14.74,8
2025/08/09,hokkaido,10.42,10.42,7.04,8.38,11.08,6.38,17.49,5.01
2025/08/09,hokuriku,10.81,10.81,9.97,10.37,10.3,9.86,14.74,8
2025/08/09,kansai,10.81,10.81,9.97,10.37,10.3,9.86,14.74,8
2025/08/09,kyushu,10.81,10.81,9.97,10.37,10.3,9.86,14.74,8
2025/08/09,shikoku,8.6,8.6,5.21,6.02,10.3,4.54,14,1.09
2025/08/09,system,10.66,10.66,8.79,9.52,10.87,8.51,14.68,7.48
2025/08/09,tohoku,10.15,10.15,7.02,8.23,11.08,6.38,14.74,5.01
2025/08/09,tokyo,11.14,11.14,9.97,10.37,11.08,9.86,14.74,8
2025/08/10,chubu,10.58,10.58,10.97,10.76,10.21,10.99,12,8.49
2025/08/10,chugoku,8.92,8.92,10.38,10.02,7.82,10.75,11.55,7.1
2025/08/10,hokkaido,10.88,10.88,11.25,11.17,10.21,11.21,16.64,9.72
2025/08/10,hokuriku,8.92,8.92,10.38,10.02,7.82,10.75,11.55,7.1
2025/08/10,kansai,8.92,8.92,10.38,10.02,7.82,10.75,11.55,7.1
2025/08/10,kyushu,8.8,8.8,10.11,9.73,7.82,10.49,11.55,7.1
2025/08/10,shikoku,8.11,8.11,9.28,8.71,7.82,9.84,11.55,6.66
2025/08/10,system,10.14,10.14,10.85,10.7,9.44,10.98,11.37,8.13
2025/08/10,tohoku,10.77,10.77,11.25,11.17,10.21,11.21,12,9.72
2025/08/10,tokyo,10.77,10.77,11.25,11.17,10.21,11.21,12,9.72
2025/08/11,chubu,10.52,10.52,10.59,10.67,9.93,10.45,11.9,7.54
2025/08/11,chugoku,8.65,8.65,8.97,9.13,7.8,8.79,10.64,7.12
2025/08/11,hokkaido,11.95,11.95,10.81,11.31,11.65,10.45,18.35,8.1
2025/08/11,hokuriku,8.65,8.65,8.97,9.13,7.8,8.79,10.64,7.12
2025/08/11,kansai,8.65,8.65,8.97,9.13,7.8,8.79,10.64,7.12
2025/08/11,kyushu,8.65,8.65,8.97,9.13,7.8,8.79,10.64,7.12
2025/08/11,shikoku,8.26,8.26,8.97,8.91,7.75,8.79,10.64,7.12
2025/08/11,system,10.29,10.29,10.42,10.59,9.57,10.32,11.9,8.22
2025/08/11,tohoku,11.26,11.26,10.81,11.31,10.65,10.45,14,8.1
2025/08/11,tokyo,11.47,11.47,11.54,11.82,10.65,11.47,14,10.11
2025/08/12,chubu,10.65,10.65,10.5,10.57,10.23,10.44,12.49,9.01
2025/08/12,chugoku,9.14,9.14,9.75,9.97,7.38,9.7,12.49,6.71
2025/08/12,hokkaido,12.52,12.52,12.18,12.64,11.8,11.74,18.32,9.49
2025/08/12,hokuriku,9.14,9.14,9.75,9.97,7.38,9.7,12.49,6.71
2025/08/12,kansai,9.14,9.14,9.75,9.97,7.38,9.7,12.49,6.71
2025/08/12,kyushu,9.04,9.04,9.42,9.74,7.38,9.32,12.49,6.71
2025/08/12,shikoku,8.3,8.3,9.32,8.61,7.33,9.35,11.94,6.57
2025/08/12,system,10.27,10.27,10.51,10.72,9.11,10.34,13,8.11
2025/08/12,tohoku,11.57,11.57,12.18,12.41,10.27,11.74,14.11,9.49
2025/08/12,tokyo,11.57,11.57,12.18,12.41,10.27,11.74,14.11,9.49
2025/08/13,chubu,8.87,8.87,5.51,6.67,10.04,4.56,12.71,3.01
2025/08/13,chugoku,7.96,7.96,4.93,6.04,8.58,4.3,12.71,3.01
2025/08/13,hokkaido,10.35,10.35,5.61,7.34,11.21,4.79,18.36,3.01
2025/08/13,hokuriku,8.01,8.01,4.94,6.17,8.58,4.3,12.71,3.01
2025/08/13,kansai,8.01,8.01,4.94,6.17,8.58,4.3,12.71,3.01
2025/08/13,kyushu,7.95,7.95,4.9,6.02,8.58,4.3,12.71,3.01
2025/08/13,shikoku,7.28,7.28,4.93,5.51,8.43,4.3,11.7,3.01
2025/08/13,system,8.62,8.62,5.15,6.45,9.58,4.46,13.55,3.01
2025/08/13,tohoku,9.32,9.32,5.54,7.05,10.17,4.79,16.04,3.01
2025/08/13,tokyo,9.42,9.42,5.86,7.28,10.17,5.05,16.04,3.01
2025/08/14,chubu,9.23,9.23,7.79,8.57,8.79,7.25,13.46,5.01
2025/08/14,chugoku,8.1,8.1,5.89,6.84,8.02,5.63,12.41,5.01
2025/08/14,hokkaido,9.75,9.75,7.99,9.07,9.35,7.73,18.05,7.58
2025/08/14,hokuriku,8.35,8.35,6.5,7.39,8.02,6.17,13.46,5.01
2025/08/14,kansai,8.35,8.35,6.5,7.39,8.02,6.17,13.46,5.01
2025/08/14,kyushu,8.09,8.09,5.86,6.82,8.02,5.63,12.41,5.01
2025/08/14,shikoku,7.82,7.82,5.89,6.65,7.78,5.63,12.35,5.01
2025/08/14,system,8.81,8.81,7.2,8,8.44,7.02,13,6.62
2025/08/14,tohoku,9.24,9.24,7.79,8.53,8.89,7.54,13.46,6.96
2025/08/14,tokyo,9.73,9.73,9.31,9.67,8.89,9.19,13.46,7.14
2025/08/15,chubu,8.4,8.4,6.35,7.05,8.65,6.36,11.88,5.01
2025/08/15,chugoku,7.5,7.5,5.86,6.35,7.71,5.68,11.25,5.01
2025/08/15,hokkaido,9.88,9.88,8.93,9.81,8.92,8.64,18.36,7.58
2025/08/15,hokuriku,7.5,7.5,5.86,6.35,7.71,5.68,11.25,5.01
2025/08/15,kansai,7.5,7.5,5.86,6.35,7.71,5.68,11.25,5.01
2025/08/15,kyushu,7.5,7.5,5.86,6.35,7.71,5.68,11.25,5.01
2025/08/15,shikoku,7.42,7.42,5.86,6.19,7.71,5.68,11.25,5.01
2025/08/15,system,8.41,8.41,6.87,7.46,8.27,6.97,11.96,5.01
2025/08/15,tohoku,9.48,9.48,8.53,9.02,8.84,8.62,14.1,5.01
2025/08/15,tokyo,9.51,9.51,8.63,9.1,8.84,8.77,14.1,5.01
2025/08/16,chubu,9.22,9.22,7.65,8.1,9.63,7.45,12.14,6
2025/08/16,chugoku,8.07,8.07,6.79,7.32,7.94,6.6,12.14,5.01
2025/08/16,hokkaido,9.62,9.62,7.88,8.51,9.9,7.74,13.21,6.44
2025/08/16,hokuriku,8.16,8.16,7.07,7.53,7.94,6.94,12.14,5.01
2025/08/16,kansai,8.16,8.16,7.07,7.53,7.94,6.94,12.14,5.01
2025/08/16,kyushu,8.07,8.07,6.79,7.32,7.94,6.6,12.14,5.01
2025/08/16,shikoku,7.26,7.26,6.14,6.24,7.8,6.39,11,2.09
2025/08/16,system,8.78,8.78,7.24,7.85,8.79,7.16,12.52,5.68
2025/08/16,tohoku,9.62,9.62,7.88,8.51,9.9,7.74,13.21,6.44
2025/08/16,tokyo,9.95,9.95,9,9.29,9.9,9.3,13.21,6.44
2025/08/17,chubu,9.45,9.45,6.98,7.98,9.92,6.97,13.15,5.01
2025/08/17,chugoku,8.15,8.15,6.23,7.01,8.04,6.24,13.15,5.01
2025/08/17,hokkaido,10.27,10.27,7.76,8.57,10.46,7.39,18.09,6.44
2025/08/17,hokuriku,8.23,8.23,6.51,7.2,8.04,6.62,13.15,5.01
2025/08/17,kansai,8.23,8.23,6.51,7.2,8.04,6.62,13.15,5.01
2025/08/17,kyushu,8.15,8.15,6.23,7.01,8.04,6.24,13.15,5.01
2025/08/17,shikoku,5.92,5.92,0.37,1.67,8.03,0.01,13.15,0.01
2025/08/17,system,9.08,9.08,7.22,8.01,9.11,6.98,13.15,6.44
2025/08/17,tohoku,9.81,9.81,7.39,8.3,10.46,6.92,13.15,6.44
2025/08/17,tokyo,10.61,10.61,9.75,10.05,10.46,9.76,13.15,8.71
2025/08/18,chubu,13.03,13.03,12.66,13.82,11.16,11.82,20.36,8.46
2025/08/18,chugoku,11.61,11.61,11.43,12.43,9.13,10.57,18.36,7.38
2025/08/18,hokkaido,15.7,15.7,10.1,12.34,12.18,8.72,50,7.41
2025/08/18,hokuriku,12.22,12.22,12.66,13.82,9.13,11.82,20.36,7.38
2025/08/18,kansai,12.22,12.22,12.66,13.82,9.13,11.82,20.36,7.38
2025/08/18,kyushu,11.32,11.32,10.75,11.75,9.12,10.29,18,7.38
2025/08/18,shikoku,10.14,10.14,11.19,11.14,8.93,10.23,18.36,6.92
2025/08/18,system,12.12,12.12,11.04,12.5,10.41,10.1,19.58,7.61
2025/08/18,tohoku,12.13,12.13,9.94,11.85,11.16,8.49,20.36,7.41
2025/08/18,tokyo,13.22,13.22,13.01,14.14,11.19,12.3,20.36,10.42
2025/08/19,chubu,13.04,13.04,12,13.4,11.61,11.34,20.36,9.61
2025/08/19,chugoku,11.36,11.36,9.93,11.42,9.5,9.13,19.51,7.62
2025/08/19,hokkaido,13.98,13.98,11.82,13.64,13.48,11.59,20.36,7.61
2025/08/19,hokuriku,12.19,12.19,12,13.4,9.5,11.34,20.36,8.13
2025/08/19,kansai,12.19,12.19,12,13.4,9.5,11.34,20.36,8.13
2025/08/19,kyushu,11.1,11.1,9.52,10.86,9.5,9.13,19.51,7.62
2025/08/19,shikoku,8.69,8.69,7.15,7.35,9.09,7.37,14.02,0.01
2025/08/19,system,12.47,12.47,10.96,12.6,10.88,10.13,19.51,7.81
2025/08/19,tohoku,12.41,12.41,9.54,11.71,11.58,8.35,20.36,7.51
2025/08/19,tokyo,13.39,13.39,12.67,13.9,11.61,11.74,20.36,10.2
2025/08/20,chubu,13.35,13.35,12.77,13.82,12.1,12.35,19.48,9.65
2025/08/20,chugoku,11.52,11.52,10.45,11.85,9.65,9.51,19.01,7.41
2025/08/20,hokkaido,16.96,16.96,14.16,16.2,12.87,13.59,40.12,8.91
2025/08/20,hokuriku,12.32,12.32,12.77,13.79,9.65,12.35,19.01,8.49
2025/08/20,kansai,12.32,12.32,12.77,13.79,9.65,12.35,19.01,8.49
2025/08/20,kyushu,11.52,11.52,10.45,11.85,9.65,9.51,19.01,7.41
2025/08/20,shikoku,8.02,8.02,3.78,4.92,9.65,4.3,14.02,0.01
2025/08/20,system,13.05,13.05,12.27,13.54,11.27,11.67,19.48,9.83
2025/08/20,tohoku,13.31,13.31,11.97,13.36,12.1,10.91,19.48,8.91
2025/08/20,tokyo,13.84,13.84,13.57,14.48,12.1,13.06,19.48,10.74
2025/08/21,chubu,14.21,14.21,13.81,14.52,12.26,13.4,19.43,9.68
2025/08/21,chugoku,11.26,11.26,10.47,11.64,9.06,9.8,19.11,7.55
2025/08/21,hokkaido,14.52,14.52,11.6,13.11,14.17,10.38,22,8
2025/08/21,hokuriku,12.42,12.42,13.81,14.41,9.06,13.4,19.11,7.55
2025/08/21,kansai,12.42,12.42,13.81,14.41,9.06,13.4,19.11,7.55
2025/08/21,kyushu,11.26,11.26,10.47,11.64,9.06,9.8,19.11,7.55
2025/08/21,shikoku,7.12,7.12,1.5,3.32,9.06,0.66,14.02,0.01
2025/08/21,system,13.42,13.42,12.71,13.82,11.14,11.94,19.42,9.73
2025/08/21,tohoku,13.67,13.67,11.68,13.17,12.31,10.38,19.43,8
2025/08/21,tokyo,14.41,14.41,14.21,14.94,12.31,13.76,19.43,10.97
2025/08/22,chubu,13.75,13.75,13.19,14.39,12.14,12.48,20.45,10.03
2025/08/22,chugoku,11.14,11.14,10.14,11.7,8.68,9.26,20.36,7.81
2025/08/22,hokkaido,14.55,14.55,13.94,14.96,13.61,13.53,20.45,10.97
2025/08/22,hokuriku,12.23,12.23,13.19,14.31,8.68,12.48,20.45,7.81
2025/08/22,kansai,12.23,12.23,13.19,14.31,8.68,12.48,20.45,7.81
2025/08/22,kyushu,11.14,11.14,10.14,11.7,8.68,9.26,20.36,7.81
2025/08/22,shikoku,8.51,8.51,5.4,5.94,8.68,4.02,18,0.01
2025/08/22,system,13.22,13.22,12.97,14.2,10.96,12.2,20.45,10.19
2025/08/22,tohoku,13.83,13.83,13.31,14.52,12.19,12.65,20.45,10.97
2025/08/22,tokyo,13.83,13.83,13.31,14.52,12.19,12.65,20.45,10.97
2025/08/23,chubu,10.9,10.9,9.6,10.02,11.18,9.77,13.97,8
2025/08/23,chugoku,9.23,9.23,8.18,8.92,8.36,7.9,13.97,6.69
2025/08/23,hokkaido,13.93,13.93,9.96,12.16,11.88,9.66,37,7.83
2025/08/23,hokuriku,9.65,9.65,9.6,9.91,8.36,9.77,13.97,6.69
2025/08/23,kansai,9.65,9.65,9.6,9.91,8.36,9.77,13.97,6.69
2025/08/23,kyushu,9.22,9.22,8.14,8.88,8.36,7.87,13.97,6.69
2025/08/23,shikoku,9.2,9.2,8.14,8.85,8.35,7.84,13.97,6.69
2025/08/23,system,10.81,10.81,9.55,10.18,10.51,9.37,14.98,8.11
2025/08/23,tohoku,11.76,11.76,9.32,10.7,11.52,8.87,17,7.83
2025/08/23,tokyo,12.26,12.26,10.85,11.82,11.52,10.7,17,10.17
2025/08/24,chubu,11.37,11.37,10.29,10.73,11.39,10.21,13.54,8.38
2025/08/24,chugoku,8.68,8.68,7.64,8.28,7.75,7.46,13.54,6.36
2025/08/24,hokkaido,16.3,16.3,8.86,13.35,11.99,8.3,50,6
2025/08/24,hokuriku,9.01,9.01,8.75,9.05,7.75,9.01,13.54,6.36
2025/08/24,kansai,9.01,9.01,8.75,9.05,7.75,9.01,13.54,6.36
2025/08/24,kyushu,8.68,8.68,7.64,8.28,7.75,7.46,13.54,6.36
2025/08/24,shikoku,8.68,8.68,7.64,8.28,7.75,7.46,13.54,6.36
2025/08/24,system,11.06,11.06,9.12,10.12,10.42,9.04,18.47,7.42
2025/08/24,tohoku,13.08,13.08,10.66,12.43,11.54,10.21,20.33,8.63
2025/08/24,tokyo,13.32,13.32,11.3,12.92,11.54,10.96,20.33,10.27
2025/08/25,chubu,14.81,14.81,15.4,16.97,11.7,15.03,30,10.77
2025/08/25,chugoku,10.95,10.95,10.08,11.45,8.29,9.58,20.25,7.42
2025/08/25,hokkaido,14.9,14.9,15.4,16.97,11.7,15.03,30,10.77
2025/08/25,hokuriku,12.71,12.71,15.27,15.66,8.29,15.03,20.25,7.62
2025/08/25,kansai,12.71,12.71,15.27,15.66,8.29,15.03,20.25,7.62
2025/08/25,kyushu,10.8,10.8,9.79,11.09,8.29,9.58,20.25,7.42
2025/08/25,shikoku,10.75,10.75,9.75,11.05,8.29,9.55,20.25,7.13
2025/08/25,system,13.37,13.37,13.71,14.69,10.45,13.07,20.25,9.82
2025/08/25,tohoku,14.9,14.9,15.4,16.97,11.7,15.03,30,10.77
2025/08/25,tokyo,14.9,14.9,15.4,16.97,11.7,15.03,30,10.77
2025/08/26,chubu,13.9,13.9,13.86,14.89,11.93,13.01,20.34,10
2025/08/26,chugoku,11.12,11.12,8.81,10.57,9.72,8.17,20.34,7.7
2025/08/26,hokkaido,13.98,13.98,13.92,14.93,12.02,12.77,20.34,10.85
2025/08/26,hokuriku,12.85,12.85,13.86,14.72,9.72,13.01,20.34,9.32
2025/08/26,kansai,12.85,12.85,13.86,14.72,9.72,13.01,20.34,9.32
2025/08/26,kyushu,11.12,11.12,8.81,10.57,9.72,8.17,20.34,7.7
2025/08/26,shikoku,10.45,10.45,7.58,9.29,9.63,7.66,20.34,6.36
2025/08/26,system,13.22,13.22,12.58,13.87,11.24,11.55,20.3,9.55
2025/08/26,tohoku,13.92,13.92,13.69,14.77,12.02,12.77,20.34,10.85
2025/08/26,tokyo,14,14,13.96,14.96,12.02,13.15,20.34,10.85
2025/08/27,chubu,13.67,13.67,13.19,14.12,11.9,12.59,21,10.02
2025/08/27,chugoku,11.79,11.79,12.49,13.31,9.15,12.12,18.6,8.23
2025/08/27,hokkaido,13.89,13.89,13.08,14.41,11.86,12.11,23.62,10.4
2025/08/27,hokuriku,12.09,12.09,13.19,14.04,9.15,12.59,20.34,8.23
2025/08/27,kansai,12.09,12.09,13.19,14.04,9.15,12.59,20.34,8.23
2025/08/27,kyushu,11.79,11.79,12.49,13.31,9.15,12.12,18.6,8.23
2025/08/27,shikoku,9.72,9.72,6.32,8.6,8.99,4.92,18.6,3
2025/08/27,system,13.42,13.42,13.63,14.5,10.93,12.98,20.34,10.19
2025/08/27,tohoku,13.88,13.88,13.06,14.4,11.86,12.11,23.62,10.4
2025/08/27,tokyo,14.38,14.38,14.43,15.35,12.1,14.03,23.62,10.68
2025/08/28,chubu,13.11,13.11,12.46,13.48,12.04,11.88,18.97,9.55
2025/08/28,chugoku,10.5,10.5,8.77,10.62,8.66,7.96,18.97,7.62
2025/08/28,hokkaido,15.27,15.27,10.9,12.55,12.04,9.47,45,7.46
2025/08/28,hokuriku,11.67,11.67,12.46,13.44,8.66,11.88,18.97,7.81
2025/08/28,kansai,11.67,11.67,12.46,13.44,8.66,11.88,18.97,7.81
2025/08/28,kyushu,10.5,10.5,8.77,10.62,8.66,7.96,18.97,7.62
2025/08/28,shikoku,10.13,10.13,7.66,9.77,8.63,6.79,18.97,6.18
2025/08/28,system,12.5,12.5,11.65,13.02,10.92,10.93,18.97,10
2025/08/28,tohoku,12.79,12.79,11.26,12.74,12.04,9.97,18.97,8.94
2025/08/28,tokyo,13.45,13.45,13.24,14.18,12.04,12.59,18.97,11
2025/08/29,chubu,13.91,13.91,13.1,14.55,11.73,12.77,23.03,10.85
2025/08/29,chugoku,10.54,10.54,9.04,10.75,8.75,8.27,18.99,7.81
2025/08/29,hokkaido,14.64,14.64,14.22,15.61,11.93,13.92,28,10.86
2025/08/29,hokuriku,11.65,11.65,12.52,13.41,8.75,12.21,18.99,7.82
2025/08/29,kansai,11.65,11.65,12.52,13.41,8.75,12.21,18.99,7.82
2025/08/29,kyushu,10.54,10.54,9.04,10.75,8.75,8.27,18.99,7.81
2025/08/29,shikoku,9.95,9.95,7.82,9.47,8.71,7.31,18.99,6.61
2025/08/29,system,12.97,12.97,12.5,13.66,10.75,11.6,19.08,10.31
2025/08/29,tohoku,14.31,14.31,13.58,15.14,11.73,12.79,28,10.86
2025/08/29,tokyo,14.31,14.31,13.58,15.14,11.73,12.79,28,10.86
2025/08/30,chubu,11.38,11.38,9.52,10.24,11.58,9.77,15.11,7.81
2025/08/30,chugoku,9.71,9.71,7.88,9.09,8.8,7.62,15.11,7.13
2025/08/30,hokkaido,12.27,12.27,8.65,10.59,11.99,7.91,22,7.57
2025/08/30,hokuriku,10.19,10.19,9.52,10.24,8.8,9.77,15.11,7.13
2025/08/30,kansai,10.19,10.19,9.52,10.24,8.8,9.77,15.11,7.13
2025/08/30,kyushu,9.71,9.71,7.88,9.09,8.8,7.62,15.11,7.13
2025/08/30,shikoku,9.41,9.41,6.99,8.39,8.8,6.62,15.11,6.36
2025/08/30,system,11.47,11.47,9.3,10.57,11.27,8.89,18,7.81
2025/08/30,tohoku,11.64,11.64,8.1,10.2,11.9,7.91,19,7.57
2025/08/30,tokyo,13.08,13.08,12.16,13.34,11.9,11.29,19,10.69
2025/08/31,chubu,12.37,12.37,9.33,11.31,11.53,8.65,23.16,7.2
2025/08/31,chugoku,9.27,9.27,7.54,8.52,8.31,7.47,15.66,6.5
2025/08/31,hokkaido,12.81,12.81,9.69,11.45,11.61,9.29,37,7.55
2025/08/31,hokuriku,9.5,9.5,8.32,9.06,8.31,8.44,15.66,6.5
2025/08/31,kansai,9.5,9.5,8.32,9.06,8.31,8.44,15.66,6.5
2025/08/31,kyushu,9.27,9.27,7.54,8.52,8.31,7.47,15.66,6.5
2025/08/31,shikoku,8.94,8.94,6.57,7.72,8.31,6.34,15.66,1.01
2025/08/31,system,11.22,11.22,9.15,10.24,10.75,9.15,18.5,7.39
2025/08/31,tohoku,12.46,12.46,9.69,11.45,11.61,9.29,23.16,7.55
2025/08/31,tokyo,13.13,13.13,11.65,12.93,11.61,11.41,23.16,10.62
2025/09/01,chubu,15.21,15.21,14.49,17.38,11.96,13.58,35,7.97
2025/09/01,chugoku,11.2,11.2,8.77,10.97,8.89,7.94,20.99,7.55
2025/09/01,hokkaido,15.76,15.76,14.23,18.31,11.59,12.59,35,10
2025/09/01,hokuriku,13.06,13.06,14.49,15.44,8.89,13.58,25,7.72
2025/09/01,kansai,13.06,13.06,14.49,15.44,8.89,13.58,25,7.72
2025/09/01,kyushu,11.2,11.2,8.77,10.97,8.89,7.94,20.99,7.55
2025/09/01,shikoku,9.99,9.99,7.07,8.1,8.89,6.94,20.99,6.54
2025/09/01,system,14.63,14.63,14.2,17.07,10.78,13.45,35,9.65
2025/09/01,tohoku,15.5,15.5,13.71,17.68,11.59,11.87,35,10
2025/09/01,tokyo,17.03,17.03,17.68,20.73,12.04,16.75,35,10.94
2025/09/02,chubu,15.85,15.85,16.67,17.75,12.93,16.31,35,9.78
2025/09/02,chugoku,12.87,12.87,10.9,12.86,10.95,9.39,20.98,7.58
2025/09/02,hokkaido,13.16,13.16,11.13,13.73,11.75,11.14,35,8.42
2025/09/02,hokuriku,14.58,14.58,16.67,16.97,10.95,16.31,20.98,9.12
2025/09/02,kansai,14.58,14.58,16.67,16.97,10.95,16.31,20.98,9.12
2025/09/02,kyushu,12.87,12.87,10.9,12.86,10.95,9.39,20.98,7.58
2025/09/02,shikoku,11.73,11.73,7.95,10.25,10.95,7.94,20.56,6.91
2025/09/02,system,15.1,15.1,15.29,16.77,12.17,14.83,35,11.42
2025/09/02,tohoku,12.76,12.76,9.79,12.79,11.75,9.26,35,8.42
2025/09/02,tokyo,16.27,16.27,17.63,18.61,13.11,17.65,35,12.16
2025/09/03,chubu,15.87,15.87,15.14,18.22,12.13,13.46,35,9.53
2025/09/03,chugoku,14.33,14.33,12.43,15.78,10.96,11.78,35,9.53
2025/09/03,hokkaido,13.22,13.22,8.16,12.52,11.81,7.48,35,6.01
2025/09/03,hokuriku,15.35,15.35,15.14,18.22,10.96,13.46,35,9.53
2025/09/03,kansai,15.35,15.35,15.14,18.22,10.96,13.46,35,9.53
2025/09/03,kyushu,14.33,14.33,12.43,15.78,10.96,11.78,35,9.53
2025/09/03,shikoku,13.49,13.49,9.56,13.77,10.96,8.04,35,6.89
2025/09/03,system,15.27,15.27,14.01,17.44,11.61,13.32,35,10.94
2025/09/03,tohoku,13.22,13.22,8.16,12.52,11.81,7.48,35,6.01
2025/09/03,tokyo,17.11,17.11,18.53,20.68,12.62,18.21,35,11.46
2025/09/04,chubu,14.34,14.34,17.73,17.47,11.34,17.82,20.56,8.89
2025/09/04,chugoku,13.96,13.96,17.73,17.44,10.59,17.82,20.56,8.89
2025/09/04,hokkaido,12.58,12.58,12.4,13.41,11.59,11.42,19,8.05
2025/09/04,hokuriku,13.96,13.96,17.73,17.44,10.59,17.82,20.56,8.89
2025/09/04,kansai,13.96,13.96,17.73,17.44,10.59,17.82,20.56,8.89
2025/09/04,kyushu,13.96,13.96,17.73,17.44,10.59,17.82,20.56,8.89
2025/09/04,shikoku,13.94,13.94,17.73,17.39,10.59,17.82,20.56,8.89
2025/09/04,system,13.64,13.64,16.35,16.3,10.97,16.09,19,10.22
2025/09/04,tohoku,12.67,12.67,12.72,13.63,11.59,11.77,19,8.33
2025/09/04,tokyo,14.42,14.42,17.5,17.34,11.7,17.51,19,11.18
2025/09/05,chubu,14.38,14.38,17.73,17.63,10.52,17.56,20.56,9
2025/09/05,chugoku,11.87,11.87,10.49,12.2,10.12,8.96,20.56,7.78
2025/09/05,hokkaido,17.01,17.01,11.31,16.86,11.86,10.54,50,9.87
2025/09/05,hokuriku,14,14,17.58,17.32,10.12,17.56,20.56,9
2025/09/05,kansai,14,14,17.58,17.32,10.12,17.56,20.56,9
2025/09/05,kyushu,11.87,11.87,10.49,12.2,10.12,8.96,20.56,7.78
2025/09/05,shikoku,11.34,11.34,9.1,11.08,9.97,7.92,20.56,7.25
2025/09/05,system,13.77,13.77,15.24,15.87,10.89,14.68,19.05,10.3
2025/09/05,tohoku,12.24,12.24,10.95,12.95,11.38,10.54,19.05,9.76
2025/09/05,tokyo,14.84,14.84,18.05,17.97,11.38,18.01,20.56,10.6
2025/09/06,chubu,10.07,10.07,7.99,8.89,9.89,7.82,16,5.9
2025/09/06,chugoku,9.54,9.54,7.16,8.31,9.14,6.95,16,5.9
2025/09/06,hokkaido,10.19,10.19,7.16,8.57,10.2,6.98,16.95,6.29
2025/09/06,hokuriku,9.79,9.79,7.99,8.89,9.14,7.82,16,5.9
2025/09/06,kansai,9.79,9.79,7.99,8.89,9.14,7.82,16,5.9
2025/09/06,kyushu,9.54,9.54,7.16,8.31,9.14,6.95,16,5.9
2025/09/06,shikoku,8.46,8.46,4.38,6.25,8.6,3.29,16,0.01
2025/09/06,system,9.97,9.97,7.52,8.71,9.88,7.25,16,6.71
2025/09/06,tohoku,10.13,10.13,7.16,8.61,10.29,6.98,16,6.29
2025/09/06,tokyo,11.1,11.1,9.96,10.76,10.38,9.88,16,9.02
2025/09/07,chubu,10.15,10.15,8.46,9.22,9.82,8.62,16.07,6.32
2025/09/07,chugoku,9.41,9.41,7.24,8.37,8.84,7.06,16.07,6.32
2025/09/07,hokkaido,10.91,10.91,8.77,10.03,10.25,8.33,18,7.3
2025/09/07,hokuriku,9.77,9.77,8.46,9.22,8.84,8.62,16.07,6.32
2025/09/07,kansai,9.77,9.77,8.46,9.22,8.84,8.62,16.07,6.32
2025/09/07,kyushu,9.36,9.36,7.24,8.35,8.72,7.06,16.07,6.32
2025/09/07,shikoku,8.9,8.9,6.71,7.68,8.35,6.58,16.07,4
2025/09/07,system,10.09,10.09,7.96,9.07,9.63,7.81,16.5,7.01
2025/09/07,tohoku,10.62,10.62,8.29,9.61,10.25,7.79,18,6.11
2025/09/07,tokyo,11.62,11.62,11.04,11.8,10.25,10.45,18,9.74
2025/09/08,chubu,13.78,13.78,14.17,15.75,10.43,13.96,35,8.55
2025/09/08,chugoku,11.62,11.62,10.01,12.04,9.05,8.91,23.3,7.46
2025/09/08,hokkaido,13.37,13.37,8.69,13.84,11.37,7.43,40.01,5
2025/09/08,hokuriku,13.15,13.15,14.17,15.71,9.05,13.96,35,7.78
2025/09/08,kansai,13.15,13.15,14.17,15.71,9.05,13.96,35,7.78
2025/09/08,kyushu,11.62,11.62,10.01,12.04,9.05,8.91,23.3,7.46
2025/09/08,shikoku,9.99,9.99,6.94,8.94,8.62,6.87,23.3,6.65
2025/09/08,system,13.17,13.17,12.89,15.06,9.87,12.19,36,8.55
2025/09/08,tohoku,13.69,13.69,10.53,15.39,10.7,9.48,40.01,8
2025/09/08,tokyo,14.88,14.88,14.36,18.09,10.7,14.11,40.01,9.88
2025/09/09,chubu,14.3,14.3,15.3,15.69,11.56,15.19,20,8.43
2025/09/09,chugoku,12.31,12.31,11.41,12.85,9.73,10.36,20,7.56
2025/09/09,hokkaido,14.7,14.7,13.85,14.78,12.6,12.58,22,8
2025/09/09,hokuriku,13.47,13.47,15.3,15.64,9.73,15.19,20,8.43
2025/09/09,kansai,13.47,13.47,15.3,15.64,9.73,15.19,20,8.43
2025/09/09,kyushu,12.31,12.31,11.41,12.85,9.73,10.36,20,7.56
2025/09/09,shikoku,10.37,10.37,7.14,9.26,9.3,7.04,20,6.73
2025/09/09,system,13.74,13.74,13.95,14.91,11.11,13.4,21.79,10.34
2025/09/09,tohoku,12.65,12.65,10.75,12.56,11.83,9.21,20,8
2025/09/09,tokyo,14.42,14.42,15.3,15.74,11.83,15.19,20,10.91
2025/09/10,chubu,14.08,14.08,14.76,16.08,11.53,14.14,25,8.23
2025/09/10,chugoku,13.55,13.55,14.76,16.08,10.18,14.14,25,8.23
2025/09/10,hokkaido,19.31,19.31,14.16,19.91,15.32,13.36,50,8.43
2025/09/10,hokuriku,13.55,13.55,14.76,16.08,10.18,14.14,25,8.23
2025/09/10,kansai,13.55,13.55,14.76,16.08,10.18,14.14,25,8.23
2025/09/10,kyushu,13.55,13.55,14.76,16.08,10.18,14.14,25,8.23
2025/09/10,shikoku,10.05,10.05,7.48,8.88,9.33,7.15,18.22,7.02
2025/09/10,system,13.49,13.49,14.08,15.5,10.86,13.37,25,10.18
2025/09/10,tohoku,13.48,13.48,12.69,14.63,11.69,11.44,25,8.43
2025/09/10,tokyo,14.19,14.19,14.91,16.18,11.69,14.36,25,10.7
2025/09/11,chubu,13.11,13.11,15.46,15.75,10.18,14.79,18.9,8.17
2025/09/11,chugoku,12.05,12.05,13.3,14.13,9.31,12.6,18.9,8.17
2025/09/11,hokkaido,18.82,18.82,12.58,15.06,16.45,11.69,43.64,7.3
2025/09/11,hokuriku,12.72,12.72,15.46,15.75,9.31,14.79,18.9,8.17
2025/09/11,kansai,12.72,12.72,15.46,15.75,9.31,14.79,18.9,8.17
2025/09/11,kyushu,12.05,12.05,13.3,14.13,9.31,12.6,18.9,8.17
2025/09/11,shikoku,9.18,9.18,8.99,9.23,8.85,8.55,15,7.11
2025/09/11,system,12.84,12.84,14.43,15.03,10.25,13.89,18.9,9.74
2025/09/11,tohoku,12.58,12.58,12.92,14.04,10.68,12.16,18.9,9.64
2025/09/11,tokyo,13.28,13.28,15.29,15.72,10.68,14.79,18.9,9.96
2025/09/12,chubu,11.27,11.27,10.24,11.02,10.95,9.83,14.89,8.5
2025/09/12,chugoku,10.38,10.38,9.37,10.41,9.75,8.65,14.89,7.8
2025/09/12,hokkaido,13.96,13.96,9.33,11.78,15.62,8.83,25,7.74
2025/09/12,hokuriku,10.64,10.64,10.24,11.02,9.75,9.83,14.89,8.5
2025/09/12,kansai,10.64,10.64,10.24,11.02,9.75,9.83,14.89,8.5
2025/09/12,kyushu,10.38,10.38,9.37,10.41,9.75,8.65,14.89,7.8
2025/09/12,shikoku,8.4,8.4,7.03,7.44,9.54,6.98,10.83,6.7
2025/09/12,system,11.2,11.2,10.14,11.05,10.87,9.76,14.89,8.55
2025/09/12,tohoku,10.93,10.93,9.33,10.38,11.23,8.83,14.89,7.74
2025/09/12,tokyo,11.58,11.58,10.76,11.5,11.23,10.55,14.89,10.37
2025/09/13,chubu,10.94,10.94,10.72,11.06,10.3,10.61,13.29,8.61
2025/09/13,chugoku,9.81,9.81,8.91,9.66,9.11,8.23,13.29,7.55
2025/09/13,hokkaido,11.22,11.22,10.55,11.21,10.43,10.57,16.4,8
2025/09/13,hokuriku,10.34,10.34,10.72,10.93,9.11,10.61,13.29,7.55
2025/09/13,kansai,10.34,10.34,10.72,10.93,9.11,10.61,13.29,7.55
2025/09/13,kyushu,9.62,9.62,8.42,9.23,9.08,8.07,13.29,7.55
2025/09/13,shikoku,8.88,8.88,7.02,8.09,8.45,6.64,13.29,6.48
2025/09/13,system,10.73,10.73,10.52,10.86,10.11,10.33,13.66,8.5
2025/09/13,tohoku,11.11,11.11,11.31,11.47,10.51,11.31,13.29,8.79
2025/09/13,tokyo,11.23,11.23,11.31,11.47,10.62,11.31,13.29,10.29
2025/09/14,chubu,11.65,11.65,10.04,11.4,10.66,9.52,17.58,8.51
2025/09/14,chugoku,10.54,10.54,8.81,10.21,9.33,8.2,17.58,7.57
2025/09/14,hokkaido,9.21,9.21,1.84,4.68,9.41,0.91,35,0.01
2025/09/14,hokuriku,10.77,10.77,9.6,10.76,9.33,9.3,17.58,7.78
2025/09/14,kansai,10.77,10.77,9.6,10.76,9.33,9.3,17.58,7.78
2025/09/14,kyushu,10.12,10.12,7.97,9.28,9.31,7.63,17.58,6.99
2025/09/14,shikoku,8.8,8.8,5.28,6.88,8.59,4.73,17.58,0.02
2025/09/14,system,10.87,10.87,8.54,9.94,10.3,8.28,18,7.78
2025/09/14,tohoku,10.56,10.56,6.42,8.67,10.8,5.67,18.74,5.01
2025/09/14,tokyo,12.72,12.72,12.42,13.17,11.06,12.84,18.74,10.25
2025/09/15,chubu,12.45,12.45,10.5,12.11,11.17,9.87,19.6,8.61
2025/09/15,chugoku,11.55,11.55,9.93,11.57,9.62,9.26,19.6,7.84
2025/09/15,hokkaido,8.06,8.06,1.48,4.36,9.29,0.6,18.73,0.01
2025/09/15,hokuriku,11.7,11.7,10.45,11.93,9.62,9.82,19.6,7.84
2025/09/15,kansai,11.7,11.7,10.45,11.93,9.62,9.82,19.6,7.84
2025/09/15,kyushu,11.55,11.55,9.93,11.57,9.62,9.26,19.6,7.84
2025/09/15,shikoku,10.85,10.85,7.87,9.89,9.62,7.07,19.6,6.38
2025/09/15,system,11.71,11.71,9.23,10.98,10.73,8.54,18.73,7.52
2025/09/15,tohoku,11.19,11.19,7.24,9.25,11.27,6.59,18.73,5.01
2025/09/15,tokyo,12.54,12.54,10.76,12.25,11.27,10.02,18.73,8.61
2025/09/16,chubu,14.33,14.33,14.6,16.47,11.1,14.01,35,9
2025/09/16,chugoku,11.24,11.24,8.24,10.69,9.57,7.46,22.06,6.57
2025/09/16,hokkaido,11.02,11.02,7.05,10.64,9.18,6.45,35,5
2025/09/16,hokuriku,13.66,13.66,14.63,16.49,9.57,14.05,35,8.43
2025/09/16,kansai,13.66,13.66,14.63,16.49,9.57,14.05,35,8.43
2025/09/16,kyushu,11.24,11.24,8.24,10.69,9.57,7.46,22.06,6.57
2025/09/16,shikoku,11.24,11.24,8.24,10.69,9.57,7.46,22.06,6.57
2025/09/16,system,13.53,13.53,12.26,14.76,10.9,11.46,35,9.3
2025/09/16,tohoku,11.81,11.81,7.5,11.21,10.66,6.9,35,5.01
2025/09/16,tokyo,14.46,14.46,14.6,16.58,11.29,14.01,35,10.41
2025/09/17,chubu,14.11,14.11,11.11,15.91,11.44,10.51,35,6.53
2025/09/17,chugoku,11.47,11.47,9.31,11.58,9.92,8.38,23,6.53
2025/09/17,hokkaido,14.25,14.25,11.11,15.56,10.47,9.25,35,7.33
2025/09/17,hokuriku,11.5,11.5,9.4,11.65,9.92,8.38,23,6.53
2025/09/17,kansai,11.5,11.5,9.4,11.65,9.92,8.38,23,6.53
2025/09/17,kyushu,11.47,11.47,9.31,11.58,9.92,8.38,23,6.53
2025/09/17,shikoku,11.47,11.47,9.31,11.58,9.92,8.38,23,6.53
2025/09/17,system,14.38,14.38,12.23,16.58,11.29,11.47,35,8.52
2025/09/17,tohoku,14.63,14.63,10.91,15.42,11.65,8.97,35,7.8
2025/09/17,tokyo,16.62,16.62,15.79,19.19,11.77,13.97,35,11.1
2025/09/18,chubu,16.67,16.67,22.01,22.39,11.3,21.13,35.83,8.99
2025/09/18,chugoku,13.33,13.33,13.31,14.81,10.88,12.73,24,8.51
2025/09/18,hokkaido,14.71,14.71,15.82,17.21,11.51,16.16,30,10.64
2025/09/18,hokuriku,16.49,16.49,22.01,22.39,10.88,21.13,35.83,8.51
2025/09/18,kansai,16.49,16.49,22.01,22.39,10.88,21.13,35.83,8.51
2025/09/18,kyushu,13.33,13.33,13.31,14.81,10.88,12.73,24,8.51
2025/09/18,shikoku,13.19,13.19,12.83,14.48,10.88,12.06,24,6.71
2025/09/18,system,14.43,14.43,16.52,17.23,11.25,16.41,27.5,9.93
2025/09/18,tohoku,14.31,14.31,15.82,17.21,11.45,16.16,30,10.4
2025/09/18,tokyo,15.72,15.72,18.45,19.9,11.54,17.22,35.83,10.64
2025/09/19,chubu,10.89,10.89,9.97,10.89,10.43,9.43,15.61,7.97
2025/09/19,chugoku,9.57,9.57,7.59,9.06,9.08,7.12,15.61,6.55
2025/09/19,hokkaido,11.45,11.45,6.23,8.77,11.57,5.57,25,4
2025/09/19,hokuriku,10.33,10.33,9.97,10.89,9.08,9.43,15.61,7.97
2025/09/19,kansai,10.33,10.33,9.97,10.89,9.08,9.43,15.61,7.97
2025/09/19,kyushu,9.51,9.51,7.59,9.06,8.92,7.12,15.61,6.55
2025/09/19,shikoku,9.55,9.55,7.54,9.02,9.08,7.12,15.61,6.55
2025/09/19,system,10.63,10.63,8.66,9.97,10.56,8.18,16,7.1
2025/09/19,tohoku,10.23,10.23,6.62,8.35,11.37,6.08,15.61,5.01
2025/09/19,tokyo,12.04,12.04,11.51,12.25,11.46,11.19,15.61,10.58
2025/09/20,chubu,10.68,10.68,10.34,10.61,9.98,10.24,13.57,8.61
2025/09/20,chugoku,9.67,9.67,8.24,9.01,9.31,7.84,13.57,6.43
2025/09/20,hokkaido,10.19,10.19,8.66,9.47,10.14,8.45,15.27,7.17
2025/09/20,hokuriku,10.32,10.32,10.34,10.54,9.31,10.24,13.57,8.31
2025/09/20,kansai,10.32,10.32,10.34,10.54,9.31,10.24,13.57,8.31
2025/09/20,kyushu,9.67,9.67,8.24,9.01,9.31,7.84,13.57,6.43
2025/09/20,shikoku,9.6,9.6,7.98,8.83,9.31,7.57,13.57,6.43
2025/09/20,system,10.58,10.58,10.05,10.36,10.17,9.97,13.57,8.61
2025/09/20,tohoku,11.03,11.03,10.65,10.94,10.56,10.62,13.57,9.2
2025/09/20,tokyo,11.17,11.17,10.65,10.94,10.92,10.62,13.57,9.67
2025/09/21,chubu,8.17,8.17,4.68,5.94,9.67,3.96,12.8,1.79
2025/09/21,chugoku,7.16,7.16,3.99,5.24,8.16,3.45,12.8,1.79
2025/09/21,hokkaido,4.89,4.89,0.44,1.98,6.32,0.01,11.48,0.01
2025/09/21,hokuriku,7.68,7.68,4.68,5.91,8.76,3.96,12.8,1.79
2025/09/21,kansai,7.68,7.68,4.68,5.91,8.76,3.96,12.8,1.79
2025/09/21,kyushu,7.16,7.16,3.99,5.24,8.15,3.45,12.8,1.79
2025/09/21,shikoku,7.16,7.16,3.99,5.24,8.16,3.45,12.8,1.79
2025/09/21,system,8.32,8.32,4.96,6.2,9.56,4.43,12.48,2.01
2025/09/21,tohoku,6.75,6.75,1.65,3.57,8.64,1.11,11.88,0.01
2025/09/21,tokyo,11.24,11.24,10.67,11.32,11.01,10.33,15.22,7.61
2025/09/22,chubu,9.83,9.83,8.19,8.99,9.97,7.76,12.8,5.81
2025/09/22,chugoku,8.64,8.64,7.29,8.36,7.88,6.75,12.8,5.81
2025/09/22,hokkaido,11.03,11.03,4.87,8.54,10.24,3.65,40,0.01
2025/09/22,hokuriku,8.9,8.9,8.19,8.99,7.88,7.76,12.8,5.81
2025/09/22,kansai,8.9,8.9,8.19,8.99,7.88,7.76,12.8,5.81
2025/09/22,kyushu,8.64,8.64,7.29,8.36,7.88,6.75,12.8,5.81
2025/09/22,shikoku,8.39,8.39,6.57,7.78,7.88,5.78,12.8,0.02
2025/09/22,system,9.27,9.27,7.62,8.81,8.81,7.14,14.38,5.81
2025/09/22,tohoku,9.27,9.27,4.87,6.96,10.71,3.65,15.45,0.01
2025/09/22,tokyo,11.19,11.19,10.15,11.2,10.77,9.78,15.45,9.42
2025/09/23,chubu,8.87,8.87,8.12,8.22,9.48,8.18,11.2,6.71
2025/09/23,chugoku,7.96,7.96,7.92,8.05,7.74,7.89,9.13,6.7
2025/09/23,hokkaido,10.69,10.69,5.22,7.32,11.69,4.27,20,1
2025/09/23,hokuriku,8.02,8.02,8.12,8.19,7.74,8.18,9.13,6.7
2025/09/23,kansai,8.02,8.02,8.12,8.19,7.74,8.18,9.13,6.7
2025/09/23,kyushu,7.91,7.91,7.81,7.98,7.7,7.84,9.13,6.7
2025/09/23,shikoku,7.92,7.92,7.79,7.96,7.74,7.71,9.13,6.7
2025/09/23,system,8.78,8.78,7.73,8.29,8.75,7.71,11.2,6.91
2025/09/23,tohoku,8.97,8.97,5.08,6.72,10.39,4.37,13.5,2.01
2025/09/23,tokyo,10.07,10.07,8.75,9.35,10.39,8.96,13.5,6.74
2025/09/24,chubu,9.3,9.3,8.36,9.35,8.69,7.78,14.41,6
2025/09/24,chugoku,8.93,8.93,8.36,9.35,7.9,7.78,14.41,6
2025/09/24,hokkaido,12.05,12.05,8.97,10.8,12.13,7.58,19.25,6
2025/09/24,hokuriku,8.93,8.93,8.36,9.35,7.9,7.78,14.41,6
2025/09/24,kansai,8.93,8.93,8.36,9.35,7.9,7.78,14.41,6
2025/09/24,kyushu,8.93,8.93,8.36,9.35,7.9,7.78,14.41,6
2025/09/24,shikoku,8.93,8.93,8.36,9.35,7.9,7.78,14.41,6
2025/09/24,system,9.38,9.38,8.41,9.46,8.67,7.91,14.48,6.41
2025/09/24,tohoku,9.19,9.19,6.92,8.28,9.42,6.41,14.41,3.5
2025/09/24,tokyo,10.04,10.04,9.48,10.15,9.43,9.34,14.41,8
2025/09/25,chubu,10.04,10.04,9.62,10.24,8.97,9.38,15.22,7.54
2025/09/25,chugoku,9.73,9.73,9.62,10.24,8.51,9.38,15.22,7.54
2025/09/25,hokkaido,11.99,11.99,12.21,13.51,10,11.13,21.47,7.9
2025/09/25,hokuriku,9.73,9.73,9.62,10.24,8.51,9.38,15.22,7.54
2025/09/25,kansai,9.73,9.73,9.62,10.24,8.51,9.38,15.22,7.54
2025/09/25,kyushu,9.73,9.73,9.62,10.24,8.51,9.38,15.22,7.54
2025/09/25,shikoku,9.73,9.73,9.62,10.24,8.51,9.38,15.22,7.54
2025/09/25,system,10.23,10.23,9.77,10.62,9.2,9.52,15.22,7.94
2025/09/25,tohoku,10.67,10.67,9.87,10.85,10,9.4,15.22,7.9
2025/09/25,tokyo,10.68,10.68,9.87,10.85,10.01,9.4,15.22,7.9
2025/09/26,chubu,10.14,10.14,8.35,9.6,10.09,7.87,17.89,6.41
2025/09/26,chugoku,9.47,9.47,8.18,9.48,8.95,7.63,17.89,6.41
2025/09/26,hokkaido,10.17,10.17,6.07,8.32,10.68,5.58,18.43,5.01
2025/09/26,hokuriku,9.52,9.52,8.35,9.6,8.95,7.87,17.89,6.41
2025/09/26,kansai,9.52,9.52,8.35,9.6,8.95,7.87,17.89,6.41
2025/09/26,kyushu,9.47,9.47,8.16,9.46,8.95,7.63,17.89,6.41
2025/09/26,shikoku,9.46,9.46,8.13,9.45,8.95,7.56,17.89,6.41
2025/09/26,system,10.31,10.31,8.72,10.09,9.88,8.32,17.58,6.55
2025/09/26,tohoku,9.94,9.94,6.07,8.22,10.62,5.58,18.43,5.01
2025/09/26,tokyo,11.84,11.84,11.8,12.52,10.62,11.66,18.43,10.04
2025/09/27,chubu,8.86,8.86,7.06,7.59,10.05,7.01,11.29,6.36
2025/09/27,chugoku,8.36,8.36,7.06,7.59,8.76,7.01,11.29,6.36
2025/09/27,hokkaido,8.94,8.94,3.53,5.71,11.21,2.6,16,0.05
2025/09/27,hokuriku,8.36,8.36,7.06,7.59,8.76,7.01,11.29,6.36
2025/09/27,kansai,8.36,8.36,7.06,7.59,8.76,7.01,11.29,6.36
2025/09/27,kyushu,8.36,8.36,7.06,7.58,8.75,7.01,11.29,6.36
2025/09/27,shikoku,8.36,8.36,7.06,7.59,8.76,7.01,11.29,6.36
2025/09/27,system,9.16,9.16,7.29,8,9.91,7.12,11.41,6.5
2025/09/27,tohoku,8.9,8.9,3.53,5.71,11.1,2.6,14.01,0.05
2025/09/27,tokyo,10.84,10.84,9.73,10.31,11.1,9.61,14.01,8
2025/09/28,chubu,9.2,9.2,7.6,7.91,10.21,7.58,11.29,6
2025/09/28,chugoku,8.33,8.33,7.6,7.91,8.11,7.58,11.29,6
2025/09/28,hokkaido,8.6,8.6,3.33,5.29,10.6,2.53,14.27,0.01
2025/09/28,hokuriku,8.33,8.33,7.6,7.91,8.11,7.58,11.29,6
2025/09/28,kansai,8.33,8.33,7.6,7.91,8.11,7.58,11.29,6
2025/09/28,kyushu,8.23,8.23,7.28,7.68,8.11,7.16,11.29,6
2025/09/28,shikoku,8.33,8.33,7.6,7.91,8.11,7.58,11.29,6
2025/09/28,system,8.83,8.83,7.11,7.79,9.16,7.03,11.68,6.29
2025/09/28,tohoku,8.61,8.61,3.33,5.29,10.6,2.53,14.27,0.01
2025/09/28,tokyo,10.37,10.37,9.13,9.52,10.6,9.36,14.27,6
2025/09/29,chubu,10.22,10.22,9.61,9.96,10.03,9.32,12.44,6.14
2025/09/29,chugoku,8.72,8.72,7.67,8.6,8.04,7.11,12.44,6
2025/09/29,hokkaido,12.15,12.15,9.04,11.24,11.97,7.75,19.21,5.01
2025/09/29,hokuriku,9.29,9.29,9.61,9.96,8.04,9.32,12.44,6.14
2025/09/29,kansai,9.29,9.29,9.61,9.96,8.04,9.32,12.44,6.14
2025/09/29,kyushu,8.72,8.72,7.67,8.6,8.04,7.11,12.44,6
2025/09/29,shikoku,5.48,5.48,0.01,1.44,7.61,0.01,12.05,0.01
2025/09/29,system,10.44,10.44,9.27,10.5,9.61,8.57,15.46,6.96
2025/09/29,tohoku,11.72,11.72,9.04,11.24,10.83,7.75,19.21,5.01
2025/09/29,tokyo,12.58,12.58,11.76,13.15,11,11.2,19.21,9.79
2025/09/30,chubu,10.09,10.09,9.08,9.63,10.15,8.58,14.89,6
2025/09/30,chugoku,9.46,9.46,7.77,8.71,9.76,7.3,13.08,6
2025/09/30,hokkaido,10.59,10.59,7.55,8.99,11,6.7,17.74,5.01
2025/09/30,hokuriku,9.84,9.84,9.08,9.63,9.76,8.58,14.89,6
2025/09/30,kansai,9.84,9.84,9.08,9.63,9.76,8.58,14.89,6
2025/09/30,kyushu,9.39,9.39,7.77,8.71,9.6,7.3,13.08,6
2025/09/30,shikoku,5.51,5.51,4.24,4.35,4.81,4.4,12,0.01
2025/09/30,system,10.15,10.15,8.33,9.43,10.47,7.83,15.29,6.26
2025/09/30,tohoku,10.41,10.41,7.55,8.99,10.73,6.7,15.43,5.01
2025/09/30,tokyo,11.57,11.57,10.68,11.54,10.73,10.3,15.43,9.33
2025/10/01,chubu,12.01,12.01,11.36,12.71,10.35,10.71,18.59,5.5
2025/10/01,chugoku,10.3,10.3,7.67,9.88,9.24,7.11,18.59,5.01
2025/10/01,hokkaido,13.41,13.41,13.49,14.31,11.5,13.09,19.19,10.39
2025/10/01,hokuriku,11.48,11.48,11.36,12.71,9.24,10.71,18.59,5.5
2025/10/01,kansai,11.48,11.48,11.36,12.71,9.24,10.71,18.59,5.5
2025/10/01,kyushu,10.13,10.13,7.51,9.49,9.24,7,18.59,5.01
2025/10/01,shikoku,6.58,6.58,6.27,6.88,6.52,7.11,11.83,0.01
2025/10/01,system,11.51,11.51,10.27,11.77,10.2,9.61,18.59,7.49
2025/10/01,tohoku,13.41,13.41,13.49,14.31,11.5,13.09,19.19,10.39
2025/10/01,tokyo,13.41,13.41,13.49,14.31,11.5,13.09,19.19,10.39
2025/10/02,chubu,10.73,10.73,9.43,10.63,10.42,9.19,16.48,8.19
2025/10/02,chugoku,10.05,10.05,8.51,9.99,9.35,8.05,16.48,6.54
2025/10/02,hokkaido,10.1,10.1,6.74,8.6,10.69,5.96,16.48,5.01
2025/10/02,hokuriku,10.31,10.31,9.43,10.63,9.35,9.19,16.48,8
2025/10/02,kansai,10.31,10.31,9.43,10.63,9.35,9.19,16.48,8
2025/10/02,kyushu,9.73,9.73,7.73,9.34,9.35,7.35,16.48,6.54
2025/10/02,shikoku,9.11,9.11,8.51,9.2,9.08,8.05,16.48,5
2025/10/02,system,10.3,10.3,8.21,9.68,10.19,7.72,16.31,6.96
2025/10/02,tohoku,10.12,10.12,6.53,8.46,10.92,5.66,16.48,5.01
2025/10/02,tokyo,11.56,11.56,10.68,11.74,10.92,10.44,16.48,9.01
2025/10/03,chubu,12.67,12.67,14.73,14.46,10.45,14.89,17.34,8.88
2025/10/03,chugoku,12.37,12.37,14.73,14.46,9.64,14.89,17.34,8
2025/10/03,hokkaido,9.6,9.6,4.68,6.88,10.91,3.4,15.51,2.01
2025/10/03,hokuriku,12.37,12.37,14.73,14.46,9.64,14.89,17.34,8
2025/10/03,kansai,12.37,12.37,14.73,14.46,9.64,14.89,17.34,8
2025/10/03,kyushu,12.37,12.37,14.73,14.46,9.64,14.89,17.34,8
2025/10/03,shikoku,10.5,10.5,12.69,11.64,9.4,13.13,17.34,5
2025/10/03,system,11.93,11.93,12.57,12.95,10.28,12.27,15.51,9.01
2025/10/03,tohoku,9.61,9.61,4.71,6.9,10.91,3.4,15.51,2.01
2025/10/03,tokyo,12.84,12.84,14.52,14.32,10.91,14.6,17,10.3
2025/10/04,chubu,10.65,10.65,10.41,10.6,10.29,10.25,13.01,8.8
2025/10/04,chugoku,10.63,10.63,10.41,10.6,10.23,10.25,13.01,8.8
2025/10/04,hokkaido,8.19,8.19,2.23,4.34,10.85,1.34,14.27,0.01
2025/10/04,hokuriku,10.63,10.63,10.41,10.6,10.23,10.25,13.01,8.8
2025/10/04,kansai,10.63,10.63,10.41,10.6,10.23,10.25,13.01,8.8
2025/10/04,kyushu,9.79,9.79,7.99,8.75,10.23,7.65,13.01,6.99
2025/10/04,shikoku,8.89,8.89,9.37,9.47,7.21,9.3,13.01,3
2025/10/04,system,10.7,10.7,9.76,10.14,10.91,9.47,13.01,8.44
2025/10/04,tohoku,10.39,10.39,8.39,8.95,11.48,8.32,14.27,6.05
2025/10/04,tokyo,11.38,11.38,11.11,11.2,11.48,11.04,14.27,10.29
2025/10/05,chubu,10.6,10.6,9.73,10.2,10.17,9.83,14.02,7.27
2025/10/05,chugoku,9.93,9.93,8.3,9.11,9.66,8,14.02,6.76
2025/10/05,hokkaido,7.1,7.1,2.65,4.68,7.76,2.22,14.8,0.01
2025/10/05,hokuriku,9.93,9.93,8.3,9.11,9.66,8,14.02,6.76
2025/10/05,kansai,9.93,9.93,8.3,9.11,9.66,8,14.02,6.76
2025/10/05,kyushu,9.28,9.28,6.54,7.79,9.63,5.88,14.02,5.01
2025/10/05,shikoku,9.55,9.55,8.3,8.39,9.66,8,13.85,6.73
2025/10/05,system,10.19,10.19,8.38,9.14,10.38,8.05,14.02,7
2025/10/05,tohoku,10.63,10.63,8.99,10.04,10.54,8.76,14.8,6.05
2025/10/05,tokyo,11.09,11.09,10.39,11.02,10.54,10.22,14.8,9.44
2025/10/06,chubu,11.98,11.98,11.14,12.4,10.58,10.3,18.67,8.72
2025/10/06,chugoku,11.4,11.4,10.09,11.66,9.87,9.66,18.67,7.38
2025/10/06,hokkaido,9.97,9.97,7.86,9.81,8.42,7.06,18.67,6
2025/10/06,hokuriku,11.71,11.71,11.14,12.4,9.87,10.3,18.67,7.92
2025/10/06,kansai,11.71,11.71,11.14,12.4,9.87,10.3,18.67,7.92
2025/10/06,kyushu,10.68,10.68,8.13,10.11,9.85,7.55,18.67,7.38
2025/10/06,shikoku,6.56,6.56,4.1,4.4,9.69,5.73,11.5,0.01
2025/10/06,system,11.6,11.6,10.03,11.41,10.88,9.21,18,7.49
2025/10/06,tohoku,11.37,11.37,8.22,10.38,11.1,7.56,18.67,6
2025/10/06,tokyo,13.09,13.09,13.93,14.46,11.1,13.39,18.67,10.63
2025/10/07,chubu,12.29,12.29,11.81,12.59,11.06,11.21,17.34,9.04
2025/10/07,chugoku,11.17,11.17,8.86,10.53,10.48,7.99,17.34,6.85
2025/10/07,hokkaido,10.52,10.52,8.33,9.65,10.93,7.7,16.63,5.01
2025/10/07,hokuriku,12.03,12.03,11.81,12.59,10.48,11.21,17.34,8.53
2025/10/07,kansai,12.03,12.03,11.81,12.59,10.48,11.21,17.34,8.53
2025/10/07,kyushu,10.96,10.96,8.46,10.13,10.48,7.69,17.34,6.85
2025/10/07,shikoku,6.22,6.22,2.14,2.81,10.34,2.24,11.97,0.01
2025/10/07,system,11.87,11.87,10.72,11.78,11.12,10.11,16.19,8.56
2025/10/07,tohoku,10.96,10.96,9.03,10.22,11.16,8.69,16.63,5.01
2025/10/07,tokyo,12.52,12.52,12.4,13.05,11.16,11.92,16.63,10.85
2025/10/08,chubu,13.12,13.12,12.33,13.46,11.29,11.63,18.62,10.43
2025/10/08,chugoku,13.42,13.42,13,14.01,11.29,12.17,20,10.43
2025/10/08,hokkaido,8.03,8.03,6.22,7.48,9.09,5.87,14.83,3
2025/10/08,hokuriku,13.42,13.42,13,14.01,11.29,12.17,20,10.43
2025/10/08,kansai,13.42,13.42,13,14.01,11.29,12.17,20,10.43
2025/10/08,kyushu,13.19,13.19,12.23,13.47,11.29,11.09,20,7.92
2025/10/08,shikoku,11.43,11.43,6.99,9.23,11.29,6.7,18.67,6.6
2025/10/08,system,12.72,12.72,11.57,12.93,11.15,10.77,18.67,8.79
2025/10/08,tohoku,10.76,10.76,8.32,9.51,11.35,7.64,15,5.01
2025/10/08,tokyo,13.15,13.15,12.35,13.48,11.35,11.67,18.62,10.69
2025/10/09,chubu,11.48,11.48,9.59,11.13,11.02,8.84,17.34,6.99
2025/10/09,chugoku,11.22,11.22,8.92,10.57,11,8.1,17.34,6.48
2025/10/09,hokkaido,10.93,10.93,7.7,9.51,10.54,6.95,20,5.01
2025/10/09,hokuriku,11.38,11.38,9.49,10.97,11,8.76,17.34,6.99
2025/10/09,kansai,11.38,11.38,9.49,10.97,11,8.76,17.34,6.99
2025/10/09,kyushu,10.81,10.81,7.79,9.66,11,7.27,17.34,6.01
2025/10/09,shikoku,11.16,11.16,8.88,10.44,11,8.04,17.34,6.48
2025/10/09,system,11.53,11.53,9.45,11.1,11.21,8.64,17.67,7.49
2025/10/09,tohoku,10.79,10.79,7.82,9.59,11.4,7.12,17.34,5.01
2025/10/09,tokyo,13.02,13.02,13.68,14.34,11.4,13.15,17.34,10.73
2025/10/10,chubu,11.36,11.36,9.86,10.99,10.95,9.93,15.98,8.52
2025/10/10,chugoku,10.47,10.47,8.51,9.84,10.13,8.09,15.98,6.12
2025/10/10,hokkaido,10.15,10.15,6.36,8.05,11.24,5.93,15.98,4.2
2025/10/10,hokuriku,10.47,10.47,8.53,9.85,10.13,8.11,15.98,6.12
2025/10/10,kansai,10.47,10.47,8.53,9.85,10.13,8.11,15.98,6.12
2025/10/10,kyushu,10.15,10.15,7.57,9.07,10.13,7.16,15.98,5.42
2025/10/10,shikoku,10.11,10.11,7.29,8.98,10.13,6.4,15.98,0.01
2025/10/10,system,11.03,11.03,8.9,10.16,11.06,8.51,15.91,7.49
2025/10/10,tohoku,10.46,10.46,6.87,8.41,11.42,6.53,15.98,5.01
2025/10/10,tokyo,12.04,12.04,11.26,12.17,11.42,10.94,16.19,10.73
2025/10/11,chubu,11.01,11.01,9.52,10.45,10.68,9.3,14.02,8.95
2025/10/11,chugoku,10.56,10.56,9.39,10.2,9.97,9.11,14.02,8.75
2025/10/11,hokkaido,10.59,10.59,7.53,8.98,11.46,7.16,16.27,6
2025/10/11,hokuriku,10.56,10.56,9.39,10.2,9.97,9.11,14.02,8.75
2025/10/11,kansai,10.56,10.56,9.39,10.2,9.97,9.11,14.02,8.75
2025/10/11,kyushu,10.12,10.12,8.2,9.26,9.97,7.72,14.02,7.49
2025/10/11,shikoku,10.13,10.13,7.92,9.18,9.97,7.37,14.02,7.32
2025/10/11,system,11.31,11.31,10.47,11.05,10.86,10.28,14.02,9.8
2025/10/11,tohoku,12.57,12.57,14.02,13.64,11.46,14.61,14.8,7.88
2025/10/11,tokyo,12.63,12.63,14.02,13.64,11.46,14.61,14.8,10.62
2025/10/12,chubu,10.9,10.9,9.36,10.1,10.78,9.38,13.81,8.65
2025/10/12,chugoku,10.43,10.43,8.98,9.75,10.06,8.87,13.81,8.65
2025/10/12,hokkaido,9.89,9.89,7.16,8.46,9.85,7.03,15.86,6
2025/10/12,hokuriku,10.43,10.43,8.98,9.75,10.06,8.87,13.81,8.65
2025/10/12,kansai,10.43,10.43,8.98,9.75,10.06,8.87,13.81,8.65
2025/10/12,kyushu,9.59,9.59,6.4,7.83,10.06,5.86,13.81,5.01
2025/10/12,shikoku,10.17,10.17,8.54,9.18,10.06,8.53,13.81,7.24
2025/10/12,system,10.6,10.6,8.26,9.23,10.75,8,14.68,7.68
2025/10/12,tohoku,11.5,11.5,9.64,10.44,11.29,9.54,15.86,8.65
2025/10/12,tokyo,11.5,11.5,9.64,10.44,11.29,9.54,15.86,8.65
2025/10/13,chubu,11.9,11.9,9.25,10.98,11.01,8.94,18.34,7.74
2025/10/13,chugoku,11.34,11.34,9.1,10.72,9.94,8.73,18.34,7.74
2025/10/13,hokkaido,10.92,10.92,7.6,9.51,10.27,6.5,18.34,5
2025/10/13,hokuriku,11.34,11.34,9.1,10.72,9.94,8.73,18.34,7.74
2025/10/13,kansai,11.34,11.34,9.1,10.72,9.94,8.73,18.34,7.74
2025/10/13,kyushu,10.58,10.58,6.87,9.01,9.93,6.2,18.34,5.01
2025/10/13,shikoku,10.66,10.66,8.73,9.76,9.94,8.38,16,7.24
2025/10/13,system,11.71,11.71,9.03,10.71,10.83,8.37,18.34,7.74
2025/10/13,tohoku,12.71,12.71,11.49,12.64,11.25,10.91,18.34,10.49
2025/10/13,tokyo,12.71,12.71,11.49,12.64,11.25,10.91,18.34,10.49
2025/10/14,chubu,13.49,13.49,13.4,14.08,11.16,12.7,19,9.27
2025/10/14,chugoku,13.37,13.37,13.4,14.08,10.98,12.7,19,9.02
2025/10/14,hokkaido,14.41,14.41,10.1,13.03,14.69,8.91,40,6.97
2025/10/14,hokuriku,13.37,13.37,13.4,14.08,10.98,12.7,19,9.02
2025/10/14,kansai,13.37,13.37,13.4,14.08,10.98,12.7,19,9.02
2025/10/14,kyushu,13.16,13.16,12.69,13.59,10.98,11.71,19,8.05
2025/10/14,shikoku,9.7,9.7,5.78,7.48,10.98,5.26,15.25,0.02
2025/10/14,system,13.52,13.52,13.07,13.9,11.53,12.43,18.51,10
2025/10/14,tohoku,13.96,13.96,14.29,14.8,11.62,13.89,19,10.9
2025/10/14,tokyo,14.03,14.03,14.29,14.8,11.8,13.89,19,10.9
2025/10/15,chubu,14.14,14.14,14.15,14.99,12,12.87,19,8.77
2025/10/15,chugoku,14.3,14.3,14.76,15.42,11.95,12.87,27.23,8.77
2025/10/15,hokkaido,15.08,15.08,8.21,13.96,14.88,7.33,50.01,6
2025/10/15,hokuriku,14.3,14.3,14.76,15.42,11.95,12.87,27.23,8.77
2025/10/15,kansai,14.3,14.3,14.76,15.42,11.95,12.87,27.23,8.77
2025/10/15,kyushu,14.55,14.55,14.76,16,11.95,12.87,27.23,8.77
2025/10/15,shikoku,11.03,11.03,8.62,9.15,11.95,7.5,14.82,7.08
2025/10/15,system,14.06,14.06,12.94,14.06,12.49,11.83,18.72,9.27
2025/10/15,tohoku,12.37,12.37,7.33,9.67,13.29,6.32,19,3.5
2025/10/15,tokyo,15.1,15.1,15.39,15.85,13.29,14.6,19,11.4
2025/10/16,chubu,16.32,16.32,19.65,20.95,11.25,18.74,30,9.62
2025/10/16,chugoku,18.56,18.56,27.2,26.36,11.21,26.22,45.01,9.62
2025/10/16,hokkaido,20.22,20.22,19.94,22.33,18.09,18.74,40,14.07
2025/10/16,hokuriku,18.56,18.56,27.2,26.36,11.21,26.22,45.01,9.62
2025/10/16,kansai,18.56,18.56,27.2,26.36,11.21,26.22,45.01,9.62
2025/10/16,kyushu,18.65,18.65,27.2,26.36,11.21,26.22,45.01,9.62
2025/10/16,shikoku,9.77,9.77,6.88,7.41,11.21,6.73,14.48,6.52
2025/10/16,system,15.45,15.45,18.21,18.94,11.27,17.14,30,10.72
2025/10/16,tohoku,16.42,16.42,19.65,20.95,11.51,18.74,30,10.9
2025/10/16,tokyo,16.42,16.42,19.65,20.95,11.51,18.74,30,10.9
2025/10/17,chubu,11.74,11.74,9.33,11.21,11.11,8.61,19,7.27
2025/10/17,chugoku,11.67,11.67,9.35,11.22,10.86,8.61,19,7.27
2025/10/17,hokkaido,15.63,15.63,9.77,14.41,16.23,8.63,40,7.15
2025/10/17,hokuriku,11.67,11.67,9.35,11.22,10.86,8.61,19,7.27
2025/10/17,kansai,11.67,11.67,9.35,11.22,10.86,8.61,19,7.27
2025/10/17,kyushu,11.65,11.65,9.16,11.09,10.86,8.35,19,7.27
2025/10/17,shikoku,8.78,8.78,6.98,7.05,10.77,7.09,12.2,0.01
2025/10/17,system,11.7,11.7,8.7,10.69,11.54,8.03,18.62,6.75
2025/10/17,tohoku,11.82,11.82,8.74,10.73,11.85,7.8,19,6.28
2025/10/17,tokyo,12.13,12.13,9.6,11.4,11.85,8.99,19,7.27
2025/10/18,chubu,11.17,11.17,9.95,10.74,10.87,9.4,14.82,8.33
2025/10/18,chugoku,11.13,11.13,9.95,10.74,10.87,9.4,14.82,8.33
2025/10/18,hokkaido,15.07,15.07,14.8,14.67,15.98,14.07,25,8.4
2025/10/18,hokuriku,11.13,11.13,9.95,10.74,10.87,9.4,14.82,8.33
2025/10/18,kansai,11.13,11.13,9.95,10.74,10.87,9.4,14.82,8.33
2025/10/18,kyushu,11.06,11.06,9.72,10.58,10.87,9.08,14.82,7.92
2025/10/18,shikoku,10.01,10.01,6.61,8.07,10.87,6.03,14.82,4
2025/10/18,system,11.24,11.24,9.88,10.71,11.09,9.33,14.82,8.01
2025/10/18,tohoku,11.34,11.34,10.22,10.98,11.06,9.74,14.82,8.4
2025/10/18,tokyo,11.34,11.34,10.22,10.98,11.06,9.74,14.82,8.4
2025/10/19,chubu,10.33,10.33,8.79,9.58,10.26,8.41,13.66,7.39
2025/10/19,chugoku,9.91,9.91,8.44,9.33,9.54,8.17,13.66,7.39
2025/10/19,hokkaido,7.02,7.02,1.79,3.74,8.16,1.04,15.36,0.01
2025/10/19,hokuriku,9.91,9.91,8.44,9.33,9.54,8.17,13.66,7.39
2025/10/19,kansai,9.91,9.91,8.44,9.33,9.54,8.17,13.66,7.39
2025/10/19,kyushu,9.85,9.85,8.37,9.19,9.54,8.17,13.66,7.39
2025/10/19,shikoku,9.85,9.85,8.22,9.18,9.54,8,13.66,7.26
2025/10/19,system,10.16,10.16,8.14,9.11,10.36,7.78,14.02,7.32
2025/10/19,tohoku,10.55,10.55,8.36,9.33,10.76,7.81,15.36,6.94
2025/10/19,tokyo,10.88,10.88,9.43,10.09,10.76,9.3,15.36,7.92
2025/10/20,chubu,11.21,11.21,9.84,11.02,10.68,9.01,17.34,7.31
2025/10/20,chugoku,10.83,10.83,9.82,11,9.77,8.98,17.34,7.31
2025/10/20,hokkaido,12.64,12.64,9.14,11.15,12.68,8.17,18.57,6
2025/10/20,hokuriku,10.83,10.83,9.82,11,9.77,8.98,17.34,7.31
2025/10/20,kansai,10.83,10.83,9.82,11,9.77,8.98,17.34,7.31
2025/10/20,kyushu,10.82,10.82,9.8,10.99,9.77,8.95,17.34,7.31
2025/10/20,shikoku,10.18,10.18,7.61,9.44,9.77,7.22,17.34,6.81
2025/10/20,system,11.4,11.4,9.87,11.32,10.66,9.01,18,7.32
2025/10/20,tohoku,11.81,11.81,9.23,11.21,11.3,8.29,18.57,6
2025/10/20,tokyo,12.4,12.4,11.28,12.65,11.3,10.64,18.57,10.28
2025/10/21,chubu,11.82,11.82,11.06,11.69,10.62,10.73,18,8.93
2025/10/21,chugoku,11.42,11.42,10.98,11.63,9.77,10.62,18,8.93
2025/10/21,hokkaido,15.08,15.08,10.7,14.14,14.96,9.46,35.83,7.32
2025/10/21,hokuriku,11.42,11.42,10.98,11.63,9.77,10.62,18,8.93
2025/10/21,kansai,11.42,11.42,10.98,11.63,9.77,10.62,18,8.93
2025/10/21,kyushu,11.42,11.42,10.98,11.63,9.77,10.62,18,8.93
2025/10/21,shikoku,10.59,10.59,8.34,9.72,9.77,7.64,18,7.36
2025/10/21,system,12.66,12.66,11.92,13,11.23,11.24,18.73,10.38
2025/10/21,tohoku,14.01,14.01,10.81,14.22,12.27,9.62,35.83,8
2025/10/21,tokyo,14.68,14.68,12.98,15.83,12.27,12.14,35.83,11.42
2025/10/22,chubu,12.42,12.42,14.03,14.38,10.35,12.88,18,7.92
2025/10/22,chugoku,12.17,12.17,14.03,14.38,9.68,12.88,18,7.92
2025/10/22,hokkaido,20.93,20.93,14.26,20.44,18.41,12.29,50,7.32
2025/10/22,hokuriku,12.17,12.17,14.03,14.38,9.68,12.88,18,7.92
2025/10/22,kansai,12.17,12.17,14.03,14.38,9.68,12.88,18,7.92
2025/10/22,kyushu,12.17,12.17,14.03,14.38,9.68,12.88,18,7.92
2025/10/22,shikoku,11.52,11.52,12.37,12.82,9.68,12.48,15.25,7.63
2025/10/22,system,13.6,13.6,14.55,15.28,11.24,13.74,18.58,10.5
2025/10/22,tohoku,17.27,17.27,14.57,18.88,12.85,12.72,35.83,9.33
2025/10/22,tokyo,18.66,18.66,18.68,21.79,13.29,17.32,35.83,11.86
2025/10/23,chubu,10.49,10.49,8.37,9.46,10.66,8.14,13.21,6.65
2025/10/23,chugoku,9.44,9.44,7.71,8.74,9.23,7.54,13.21,6.65
2025/10/23,hokkaido,23.48,23.48,12.37,18.59,21.7,9.68,80,6
2025/10/23,hokuriku,9.52,9.52,7.9,8.92,9.23,7.54,13.21,6.65
2025/10/23,kansai,9.52,9.52,7.9,8.92,9.23,7.54,13.21,6.65
2025/10/23,kyushu,9.41,9.41,7.6,8.66,9.23,7.38,13.21,6.65
2025/10/23,shikoku,9.42,9.42,7.65,8.7,9.23,7.5,13.21,6.65
2025/10/23,system,11.55,11.55,8.49,10.42,11.56,7.86,17.65,7.19
2025/10/23,tohoku,13.01,13.01,8.25,10.52,13.51,6.84,19.17,4
2025/10/23,tokyo,14.25,14.25,11.9,13.36,13.51,11.02,19.17,10.9
2025/10/24,chubu,9.53,9.53,6.58,7.88,10.39,5.78,12.66,1
2025/10/24,chugoku,9.1,9.1,6.46,7.8,9.47,5.62,12.57,1
2025/10/24,hokkaido,18.8,18.8,14.44,16.8,21.84,11.5,44.48,7.32
2025/10/24,hokuriku,9.1,9.1,6.46,7.8,9.47,5.62,12.57,1
2025/10/24,kansai,9.1,9.1,6.46,7.8,9.47,5.62,12.57,1
2025/10/24,kyushu,9.09,9.09,6.44,7.76,9.47,5.62,12.57,1
2025/10/24,shikoku,8.88,8.88,5.97,7.27,9.47,5.45,12.57,1
2025/10/24,system,10.92,10.92,8.1,9.72,11.15,7.56,17.07,6.01
2025/10/24,tohoku,12.58,12.58,9.78,11.62,12.06,8.88,18.81,7.32
2025/10/24,tokyo,12.97,12.97,11.11,12.55,12.06,10.54,18.81,10.23
2025/10/25,chubu,10.94,10.94,9.89,10.39,11.14,9.74,12.5,7.01
2025/10/25,chugoku,10.5,10.5,9.38,10,10.45,9.27,12.5,7.01
2025/10/25,hokkaido,12.55,12.55,10.39,11.44,12.85,9.75,15.87,4
2025/10/25,hokuriku,10.5,10.5,9.38,10,10.45,9.27,12.5,7.01
2025/10/25,kansai,10.5,10.5,9.38,10,10.45,9.27,12.5,7.01
2025/10/25,kyushu,9.29,9.29,6.4,7.65,10.16,5.68,12.5,2.01
2025/10/25,shikoku,9.79,9.79,7.33,8.29,10.45,7.3,12.5,7.01
2025/10/25,system,11.08,11.08,9.79,10.34,11.43,9.55,13.01,8.12
2025/10/25,tohoku,12.25,12.25,10.59,11.58,11.9,10.04,15.86,4
2025/10/25,tokyo,12.67,12.67,11.93,12.59,11.9,11.66,15.86,10.7
2025/10/26,chubu,10.56,10.56,10.04,10.3,10.43,9.9,13.01,7.01
2025/10/26,chugoku,9.45,9.45,8.53,9.15,8.99,8.28,12.74,6.81
2025/10/26,hokkaido,14.26,14.26,14.03,14.36,13.11,14.38,17.45,11.4
2025/10/26,hokuriku,9.45,9.45,8.53,9.15,8.99,8.28,12.74,6.81
2025/10/26,kansai,9.45,9.45,8.53,9.15,8.99,8.28,12.74,6.81
2025/10/26,kyushu,7.76,7.76,3.17,5.24,8.99,1.66,12.74,0.01
2025/10/26,shikoku,8.51,8.51,7.74,7.87,8.99,7.63,10.9,6.46
2025/10/26,system,10.72,10.72,9.48,10.11,10.86,9.17,13.17,8.57
2025/10/26,tohoku,12.9,12.9,13.72,13.7,11.7,14.25,15.94,11.4
2025/10/26,tokyo,12.9,12.9,13.72,13.7,11.7,14.25,15.94,11.4
2025/10/27,chubu,10.24,10.24,8.3,9.14,10.92,7.74,12.48,5
2025/10/27,chugoku,8.93,8.93,7.51,8.55,8.33,7.25,12.48,5
2025/10/27,hokkaido,11.37,11.37,7.79,9.64,12.09,6.65,18,4
2025/10/27,hokuriku,8.93,8.93,7.51,8.55,8.33,7.25,12.48,5
2025/10/27,kansai,8.93,8.93,7.51,8.55,8.33,7.25,12.48,5
2025/10/27,kyushu,7.67,7.67,3.58,5.66,8.33,1.89,12.48,0.01
2025/10/27,shikoku,7.33,7.33,6.22,6.48,8.12,5.8,10.67,1
2025/10/27,system,10.19,10.19,7.87,9.32,10.24,7.48,15.57,6
2025/10/27,tohoku,10.99,10.99,7.57,9.48,11.25,6.65,18,4
2025/10/27,tokyo,12.27,12.27,11.37,12.36,11.25,11,18,10.64
2025/10/28,chubu,11.46,11.46,10.04,11.06,11.52,10.57,17.61,8.01
2025/10/28,chugoku,9.2,9.2,6.62,8.32,8.88,5.89,17.61,1
2025/10/28,hokkaido,11.62,11.62,7.08,9.71,11.8,6.36,18.48,3.5
2025/10/28,hokuriku,9.2,9.2,6.62,8.32,8.88,5.89,17.61,1
2025/10/28,kansai,9.2,9.2,6.62,8.32,8.88,5.89,17.61,1
2025/10/28,kyushu,8.3,8.3,3.52,6.15,8.88,1.67,17.61,0.01
2025/10/28,shikoku,7.38,7.38,5.06,5.64,8.88,4.5,11,0.01
2025/10/28,system,10.83,10.83,7.54,9.42,10.87,7.04,18,5.01
2025/10/28,tohoku,11.57,11.57,7.08,9.71,11.62,6.36,18.48,3.5
2025/10/28,tokyo,12.84,12.84,11.28,12.66,11.62,10.57,18.48,8.87
2025/10/29,chubu,10.98,10.98,10.1,10.42,11.3,10.42,13.27,7.5
2025/10/29,chugoku,8.3,8.3,2.83,5.33,9.97,1.31,13.27,0.01
2025/10/29,hokkaido,14.64,14.64,7.46,10.14,14.32,6.46,32.54,2.01
2025/10/29,hokuriku,9.9,9.9,8.33,9.18,9.97,7.95,13.27,3
2025/10/29,kansai,9.9,9.9,8.33,9.18,9.97,7.95,13.27,3
2025/10/29,kyushu,8.05,8.05,2.35,4.81,9.97,1.04,13.27,0.01
2025/10/29,shikoku,6.92,6.92,2,3.66,9.71,1.05,13.1,0.01
2025/10/29,system,10.96,10.96,7.77,9.47,11.38,7.19,16.75,5.01
2025/10/29,tohoku,11.95,11.95,7.46,9.55,12.19,6.46,29.21,2.01
2025/10/29,tokyo,13.47,13.47,11.85,13.06,12.19,11.25,29.21,10.96
2025/10/30,chubu,11.06,11.06,7.06,8.98,11.87,6.41,16.91,1
2025/10/30,chugoku,10.22,10.22,6.34,8.47,10.34,5.55,16.91,1
2025/10/30,hokkaido,13.45,13.45,9.78,11.72,15.29,8.92,18.69,4
2025/10/30,hokuriku,10.43,10.43,7.06,8.97,10.34,6.41,16.91,1
2025/10/30,kansai,10.43,10.43,7.06,8.97,10.34,6.41,16.91,1
2025/10/30,kyushu,9.57,9.57,4.3,6.92,10.34,2.8,16.91,0.01
2025/10/30,shikoku,8.19,8.19,5.56,6.17,10.02,5.13,13.27,1
2025/10/30,system,11.13,11.13,7.39,9.37,11.74,6.72,17,4
2025/10/30,tohoku,10.7,10.7,5.16,7.71,12.34,3.78,18.69,0.02
2025/10/30,tokyo,12.63,12.63,11.01,12.27,12.34,10.77,18.69,10.55
2025/10/31,chubu,13.62,13.62,15.61,15.23,11.58,16.02,17.47,7.5
2025/10/31,chugoku,13.01,13.01,15.61,15.23,9.95,16.02,17.47,7.5
2025/10/31,hokkaido,14.06,14.06,13.97,15.21,12.25,13.46,25,10.99
2025/10/31,hokuriku,13.01,13.01,15.61,15.23,9.95,16.02,17.47,7.5
2025/10/31,kansai,13.01,13.01,15.61,15.23,9.95,16.02,17.47,7.5
2025/10/31,kyushu,13.01,13.01,15.61,15.23,9.95,16.02,17.47,7.5
2025/10/31,shikoku,8.84,8.84,7.22,7.34,9.95,7.21,14.5,7.11
2025/10/31,system,13.43,13.43,14.7,14.84,11.37,14.43,16.4,10.5
2025/10/31,tohoku,13.68,13.68,13.97,14.42,12.1,13.46,17.34,10.99
2025/10/31,tokyo,14.14,14.14,15.57,15.54,12.1,15.26,17.34,11.15
2025/11/01,chubu,8.64,8.64,4.68,6.13,10.58,3.94,11.51,3
2025/11/01,chugoku,7.61,7.61,4.6,6,8.41,3.94,11.21,3
2025/11/01,hokkaido,10.64,10.64,9.27,10.04,11.19,9.34,15.8,7.32
2025/11/01,hokuriku,7.61,7.61,4.6,6,8.41,3.94,11.21,3
2025/11/01,kansai,7.61,7.61,4.6,6,8.41,3.94,11.21,3
2025/11/01,kyushu,6.96,6.96,2.61,4.49,8.41,1.31,11.21,0.02
2025/11/01,shikoku,7.49,7.49,4.41,5.73,8.41,3.94,11.21,3
2025/11/01,system,8.9,8.9,5.46,6.82,10.24,4.73,11.68,3.1
2025/11/01,tohoku,9.78,9.78,7.02,8.22,10.94,6.29,12.83,5.01
2025/11/01,tokyo,10.72,10.72,9.59,10.14,11.02,9.25,12.83,6.3
2025/11/02,chubu,7.77,7.77,2.63,4.3,10.26,1.81,12.92,0.01
2025/11/02,chugoku,6.71,6.71,2.52,4.22,8.49,1.66,10.88,0.01
2025/11/02,hokkaido,11.09,11.09,8.33,9.99,10.86,8,20.83,7.32
2025/11/02,hokuriku,6.71,6.71,2.52,4.22,8.49,1.66,10.88,0.01
2025/11/02,kansai,6.71,6.71,2.52,4.22,8.49,1.66,10.88,0.01
2025/11/02,kyushu,6.69,6.69,2.45,4.17,8.49,1.56,10.88,0.01
2025/11/02,shikoku,6.54,6.54,2.29,3.82,8.48,1.46,10.78,0.01
2025/11/02,system,8.37,8.37,4.63,6.16,9.64,3.82,11.81,2.01
2025/11/02,tohoku,9.96,9.96,6.12,8.01,10.86,5.25,15.36,1.01
2025/11/02,tokyo,11.15,11.15,9.44,10.65,10.88,9.24,15.36,8
2025/11/03,chubu,9.37,9.37,5.68,7.13,10.68,4.88,13,3.69
2025/11/03,chugoku,8.42,8.42,5.12,6.55,9.02,4.14,12.5,2.01
2025/11/03,hokkaido,15.7,15.7,8.8,13.86,12.59,8.42,45.29,7.31
2025/11/03,hokuriku,8.42,8.42,5.12,6.55,9.02,4.14,12.5,2.01
2025/11/03,kansai,8.42,8.42,5.12,6.55,9.02,4.14,12.5,2.01
2025/11/03,kyushu,7.75,7.75,3.06,4.96,9.02,1.81,12.5,0.01
2025/11/03,shikoku,7.51,7.51,4,5.14,8.91,2.92,12,0.02
2025/11/03,system,9.59,9.59,6.76,8.1,10.13,6.06,13.74,4.9
2025/11/03,tohoku,11.3,11.3,8.79,10.24,11.18,8.46,15.53,7.31
2025/11/03,tokyo,11.4,11.4,9.11,10.48,11.18,8.91,15.53,7.31
2025/11/04,chubu,10.58,10.58,8.42,9.31,11.36,7.66,15.5,5.01
2025/11/04,chugoku,9.71,9.71,7.99,9.01,9.56,7.38,13.5,5.01
2025/11/04,hokkaido,11.08,11.08,7.1,9.07,11.82,6.08,16.93,5.01
2025/11/04,hokuriku,9.81,9.81,8.35,9.27,9.56,7.57,13.5,5.01
2025/11/04,kansai,9.81,9.81,8.35,9.27,9.56,7.57,13.5,5.01
2025/11/04,kyushu,9.56,9.56,7.61,8.67,9.56,7.17,13.5,5.01
2025/11/04,shikoku,8.56,8.56,7.71,7.75,9.33,7.37,11.45,5.01
2025/11/04,system,10.65,10.65,7.81,9.43,11.01,7.07,15.5,5.01
2025/11/04,tohoku,11.12,11.12,7.17,9.12,11.82,6.08,16.93,5.01
2025/11/04,tokyo,11.96,11.96,9.52,11.04,11.82,8.73,16.93,5.01
2025/11/05,chubu,11.55,11.55,11.02,11.78,11.26,10.96,16.13,7.94
2025/11/05,chugoku,9.62,9.62,7.96,9.64,8.8,7.4,16.13,6.58
2025/11/05,hokkaido,13.46,13.46,8.87,11.67,12.18,7.51,32.84,5.01
2025/11/05,hokuriku,10.27,10.27,10.19,11.2,8.8,9.8,16.13,6.58
2025/11/05,kansai,10.27,10.27,10.19,11.2,8.8,9.8,16.13,6.58
2025/11/05,kyushu,9.55,9.55,7.72,9.47,8.8,7.3,16.13,6.58
2025/11/05,shikoku,7.87,7.87,7.4,7.46,8.46,7.25,10.35,6.58
2025/11/05,system,11.23,11.23,9.3,10.69,11.04,8.84,16.13,7.38
2025/11/05,tohoku,11.44,11.44,8.01,9.69,11.92,6.87,16.13,5.01
2025/11/05,tokyo,12.54,12.54,11.44,12.3,11.92,11.16,16.13,10.75
2025/11/06,chubu,10.24,10.24,9.31,9.88,10.24,8.74,13.5,6.39
2025/11/06,chugoku,9.57,9.57,9.07,9.71,8.76,8.4,13.5,6.39
2025/11/06,hokkaido,16.05,16.05,13.35,15.79,16.79,11.29,30,7.89
2025/11/06,hokuriku,9.57,9.57,9.07,9.71,8.76,8.4,13.5,6.39
2025/11/06,kansai,9.57,9.57,9.07,9.71,8.76,8.4,13.5,6.39
2025/11/06,kyushu,8.45,8.45,5.57,7.08,8.76,4.6,13.5,2.01
2025/11/06,shikoku,7.67,7.67,7.15,7.27,8.15,7.33,9.18,6.39
2025/11/06,system,10.8,10.8,9.19,10.3,10.82,8.44,15.17,7.38
2025/11/06,tohoku,12.63,12.63,11.71,12.86,11.9,10.84,15.71,7.89
2025/11/06,tokyo,12.82,12.82,12.38,13.32,11.9,11.77,15.71,11.22
2025/11/07,chubu,11.09,11.09,8.67,9.85,11.47,7.67,14,3.5
2025/11/07,chugoku,10.91,10.91,8.63,9.81,11.02,7.67,14,3.5
2025/11/07,hokkaido,9.51,9.51,5.3,7.24,10.76,4.13,14.01,2.01
2025/11/07,hokuriku,10.91,10.91,8.63,9.81,11.02,7.67,14,3.5
2025/11/07,kansai,10.91,10.91,8.63,9.81,11.02,7.67,14,3.5
2025/11/07,kyushu,9.96,9.96,5.87,7.52,11.02,4.79,14,2.01
2025/11/07,shikoku,9,9,6.86,7.25,9.91,6.9,13,3.5
2025/11/07,system,10.58,10.58,7.45,8.84,11.43,6.69,13.49,3.5
2025/11/07,tohoku,9.71,9.71,5.06,7.07,11.44,3.8,14.01,2.01
2025/11/07,tokyo,11.74,11.74,10.33,11.16,11.69,9.94,15,7.89
2025/11/08,chubu,9.76,9.76,6.45,7.62,11.18,5.61,14.4,3.5
2025/11/08,chugoku,9.46,9.46,5.43,6.9,11.16,4.18,14.4,0.01
2025/11/08,hokkaido,11.51,11.51,8.49,10.32,11.92,7.9,19.47,6.33
2025/11/08,hokuriku,9.46,9.46,5.43,6.9,11.16,4.18,14.4,0.01
2025/11/08,kansai,9.46,9.46,5.43,6.9,11.16,4.18,14.4,0.01
2025/11/08,kyushu,8.55,8.55,2.61,4.84,11.16,1.25,14.4,0.01
2025/11/08,shikoku,9.42,9.42,5.3,6.81,11.16,4.02,14.4,0.01
2025/11/08,system,10.5,10.5,7.62,8.68,11.71,6.99,14.4,5.84
2025/11/08,tohoku,11.29,11.29,8.53,9.78,11.92,7.99,15.59,6.33
2025/11/08,tokyo,11.95,11.95,10.47,11.33,11.92,10.13,15.59,9
2025/11/09,chubu,11.26,11.26,10.81,11.36,10.72,10.5,14.49,8.66
2025/11/09,chugoku,11.06,11.06,10.81,11.36,10.2,10.5,14.49,8.61
2025/11/09,hokkaido,11.2,11.2,9.48,10.52,11.43,9.07,14.49,7.94
2025/11/09,hokuriku,11.06,11.06,10.81,11.36,10.2,10.5,14.49,8.61
2025/11/09,kansai,11.06,11.06,10.81,11.36,10.2,10.5,14.49,8.61
2025/11/09,kyushu,10.62,10.62,9.52,10.45,10.12,8.69,14.49,7.61
2025/11/09,shikoku,10.83,10.83,9.99,10.79,10.2,9.44,14.49,7.55
2025/11/09,system,11.45,11.45,10.98,11.47,11.07,10.8,14.19,10.37
2025/11/09,tohoku,11.77,11.77,11.44,11.89,11.43,11.3,14.49,11
2025/11/09,tokyo,11.82,11.82,11.59,12,11.43,11.51,14.49,11.23
2025/11/10,chubu,11,11,9.28,10.11,11.12,8.98,14.47,6
2025/11/10,chugoku,10.54,10.54,9.16,10.03,10.14,8.81,14.47,6
2025/11/10,hokkaido,10.47,10.47,8.33,9.84,10.54,7.61,16.29,5
2025/11/10,hokuriku,10.54,10.54,9.16,10.03,10.14,8.81,14.47,6
2025/11/10,kansai,10.54,10.54,9.16,10.03,10.14,8.81,14.47,6
2025/11/10,kyushu,8.84,8.84,3.61,6.07,10.05,1.94,14.47,0.01
2025/11/10,shikoku,7.18,7.18,2.46,4.33,9.31,1.21,12,0.01
2025/11/10,system,10.8,10.8,8.27,9.74,10.97,7.67,15.69,6.39
2025/11/10,tohoku,10.42,10.42,8.16,9.72,10.54,7.38,16.29,5
2025/11/10,tokyo,11.86,11.86,10.57,11.7,11.39,10.1,16.29,8.61
2025/11/11,chubu,12.92,12.92,10.64,11.85,12.54,9.84,16.81,8
2025/11/11,chugoku,9.49,9.49,5.69,7.88,9.68,4.49,16.81,0.04
2025/11/11,hokkaido,11.31,11.31,8.35,9.88,11.47,7.82,16.81,7.34
2025/11/11,hokuriku,12.7,12.7,10.64,11.85,11.97,9.84,16.81,8
2025/11/11,kansai,9.49,9.49,5.69,7.88,9.68,4.49,16.81,0.04
2025/11/11,kyushu,9.49,9.49,5.69,7.88,9.68,4.49,16.81,0.04
2025/11/11,shikoku,7.54,7.54,2.07,3.86,9.68,0.36,12.07,0.01
2025/11/11,system,11.48,11.48,8.57,10.23,11.66,7.86,16.81,6.07
2025/11/11,tohoku,10.83,10.83,6.98,8.8,11.47,6.43,16.81,5.01
2025/11/11,tokyo,13.23,13.23,11.6,12.53,12.64,11.18,16.81,10.83
2025/11/12,chubu,13.39,13.39,11.78,12.88,12.62,11.04,18,10.36
2025/11/12,chugoku,10.54,10.54,8.99,10.38,9.42,8.45,18,6.77
2025/11/12,hokkaido,12.34,12.34,8.61,10.54,12.62,7.11,18.52,5
2025/11/12,hokuriku,13.39,13.39,11.78,12.88,12.62,11.04,18,10.36
2025/11/12,kansai,10.54,10.54,8.99,10.38,9.42,8.45,18,6.77
2025/11/12,kyushu,10.51,10.51,8.9,10.32,9.42,8.33,18,6.77
2025/11/12,shikoku,9.67,9.67,7.04,8.29,9.42,6.95,14.51,6.51
2025/11/12,system,12.02,12.02,9.64,11.24,11.62,8.82,18.52,6.99
2025/11/12,tohoku,12.14,12.14,7.95,10.07,12.62,6.41,18.52,5
2025/11/12,tokyo,13.47,13.47,11.86,13.07,12.62,11.15,18.52,10.75
2025/11/13,chubu,13.77,13.77,14.42,14.85,12.2,13.82,16.97,11.43
2025/11/13,chugoku,11.95,11.95,13.14,13.87,9.03,12.78,16.97,7.02
2025/11/13,hokkaido,11.5,11.5,8.61,10.32,11.85,7.84,16.97,5.7
2025/11/13,hokuriku,13.77,13.77,14.42,14.85,12.2,13.82,16.97,11.43
2025/11/13,kansai,11.95,11.95,13.14,13.87,9.03,12.78,16.97,7.02
2025/11/13,kyushu,11.95,11.95,13.14,13.87,9.03,12.78,16.97,7.02
2025/11/13,shikoku,10.06,10.06,7.82,9.61,9.03,7.57,15.2,7.02
2025/11/13,system,12.84,12.84,12.7,13.59,11.6,11.97,17.21,10.08
2025/11/13,tohoku,11.5,11.5,8.61,10.32,11.85,7.84,16.97,5.7
2025/11/13,tokyo,13.77,13.77,14.42,14.85,12.2,13.82,16.97,11.43
2025/11/14,chubu,12.21,12.21,10.69,11.53,11.94,10.34,15.51,9.34
2025/11/14,chugoku,10.26,10.26,8,9.29,9.52,7.76,15.51,3
2025/11/14,hokkaido,11.36,11.36,8.51,10.12,11.68,8.09,17,7.34
2025/11/14,hokuriku,12.21,12.21,10.69,11.53,11.94,10.34,15.51,9.34
2025/11/14,kansai,10.26,10.26,8,9.29,9.52,7.76,15.51,3
2025/11/14,kyushu,9.2,9.2,4.37,6.74,9.52,2.82,15.51,0.01
2025/11/14,shikoku,9.55,9.55,6.54,7.72,9.52,6.34,14.76,3
2025/11/14,system,11.15,11.15,8.48,9.79,11.42,8.07,15.09,6.16
2025/11/14,tohoku,11.02,11.02,7.46,9.28,11.68,6.86,16.95,4
2025/11/14,tokyo,12.43,12.43,10.96,12.06,11.94,10.68,16.95,10.01
2025/11/15,chubu,11.04,11.04,7.92,9.06,12.31,7.2,15,4.15
2025/11/15,chugoku,9.24,9.24,4.94,6.55,10.85,4.05,14.5,0.1
2025/11/15,hokkaido,10.85,10.85,7.35,8.58,12.31,6.63,15,6.14
2025/11/15,hokuriku,11.04,11.04,7.92,9.06,12.31,7.2,15,4.15
2025/11/15,kansai,9.24,9.24,4.94,6.55,10.85,4.05,14.5,0.1
2025/11/15,kyushu,8.35,8.35,1.88,4.41,10.85,0.61,14.5,0.01
2025/11/15,shikoku,9.18,9.18,4.72,6.4,10.85,3.86,14.5,0.1
2025/11/15,system,9.89,9.89,5.44,7.16,11.72,4.1,13.29,0.32
2025/11/15,tohoku,10.86,10.86,7.41,8.62,12.31,6.63,15,6.14
2025/11/15,tokyo,11.57,11.57,9.63,10.32,12.31,9.23,15,8.13
2025/11/16,chubu,10.66,10.66,8.5,9.44,11.44,7.82,12.7,4.15
2025/11/16,chugoku,7.04,7.04,0.76,3.12,9.63,0.01,12.7,0.01
2025/11/16,hokkaido,9.06,9.06,4.22,6.13,11.22,2.68,12.7,0.01
2025/11/16,hokuriku,10.66,10.66,8.5,9.44,11.44,7.82,12.7,4.15
2025/11/16,kansai,7.04,7.04,0.76,3.12,9.63,0.01,12.7,0.01
2025/11/16,kyushu,7.04,7.04,0.76,3.12,9.63,0.01,12.7,0.01
2025/11/16,shikoku,7.04,7.04,0.76,3.12,9.63,0.01,12.7,0.01
2025/11/16,system,8.71,8.71,3.24,5.53,10.84,1.5,12.78,0.01
2025/11/16,tohoku,9.28,9.28,4.33,6.21,11.44,2.68,12.7,0.01
2025/11/16,tokyo,10.85,10.85,9.14,9.89,11.44,8.72,12.7,8.15
2025/11/17,chubu,10.46,10.46,8.93,9.83,10.69,8.22,13.36,4.5
2025/11/17,chugoku,8.9,8.9,7.35,8.53,8.28,6.88,13.36,4.5
2025/11/17,hokkaido,9.85,9.85,8.22,9.06,10.35,7.8,13.36,6.01
2025/11/17,hokuriku,10.46,10.46,8.93,9.83,10.69,8.22,13.36,4.5
2025/11/17,kansai,8.9,8.9,7.35,8.53,8.28,6.88,13.36,4.5
2025/11/17,kyushu,8.86,8.86,7.22,8.43,8.28,6.77,13.36,4.5
2025/11/17,shikoku,7.7,7.7,6.44,7.05,8.04,6.22,10.14,4.5
2025/11/17,system,9.79,9.79,8.12,9.11,9.84,7.57,13.22,6.01
2025/11/17,tohoku,9.93,9.93,8.35,9.15,10.42,7.92,13.36,6.01
2025/11/17,tokyo,10.74,10.74,9.92,10.51,10.69,9.56,13.36,7
2025/11/18,chubu,13.16,13.16,12.48,13.57,11.5,11.9,17.62,10.11
2025/11/18,chugoku,11.85,11.85,9.78,11.68,10.12,9.22,17.62,7.69
2025/11/18,hokkaido,11.6,11.6,9.01,10.59,11.3,7.87,17.62,6
2025/11/18,hokuriku,13.16,13.16,12.48,13.57,11.5,11.9,17.62,10.11
2025/11/18,kansai,11.91,11.91,9.96,11.81,10.12,9.48,17.62,7.69
2025/11/18,kyushu,11.39,11.39,8.29,10.57,10.12,7.77,17.62,7.69
2025/11/18,shikoku,8.77,8.77,8.18,8.04,9.05,8.58,13.5,6.57
2025/11/18,system,12.11,12.11,10.15,11.62,10.99,9.34,17.62,7.87
2025/11/18,tohoku,11.56,11.56,8.83,10.46,11.3,7.61,17.62,3.1
2025/11/18,tokyo,13.17,13.17,12.56,13.63,11.47,12.02,17.62,10.74
2025/11/19,chubu,13.38,13.38,11.53,13.13,12.03,10.9,18,10.4
2025/11/19,chugoku,12.7,12.7,10.4,12.35,11.09,9.39,18,8
2025/11/19,hokkaido,11.92,11.92,8.78,10.53,11.86,7.85,18,6
2025/11/19,hokuriku,13.3,13.3,11.45,13.07,11.9,10.78,18,8.93
2025/11/19,kansai,12.77,12.77,10.64,12.51,11.09,9.72,18,8
2025/11/19,kyushu,12.62,12.62,10.14,12.16,11.09,9.02,18,7.9
2025/11/19,shikoku,11.06,11.06,8.92,9.6,10.85,8.73,15.57,6.68
2025/11/19,system,12.82,12.82,10.49,12.11,11.97,9.67,17.52,7.9
2025/11/19,tohoku,11.72,11.72,8.01,9.99,11.91,6.78,18,4
2025/11/19,tokyo,13.37,13.37,11.53,13.13,12,10.9,18,10.4
2025/11/20,chubu,12.57,12.57,10.06,11.75,11.91,9.34,17.9,6.2
2025/11/20,chugoku,11.6,11.6,9.21,11,10.3,8.65,17.76,6.2
2025/11/20,hokkaido,11.04,11.04,8.19,10.08,11.56,7.11,18.25,5.71
2025/11/20,hokuriku,12.22,12.22,9.24,11.02,11.91,8.69,17.76,6.2
2025/11/20,kansai,11.61,11.61,9.24,11.02,10.3,8.69,17.76,6.2
2025/11/20,kyushu,11.29,11.29,8.12,10.23,10.3,7.54,17.76,6.2
2025/11/20,shikoku,11.27,11.27,8.97,10.42,10.3,8.63,17.76,6.2
2025/11/20,system,12.07,12.07,9.42,11.14,11.52,8.73,17.76,7.52
2025/11/20,tohoku,10.94,10.94,7.75,9.87,11.56,6.48,18.25,4
2025/11/20,tokyo,13.02,13.02,11.47,12.81,11.91,11.06,18.25,10.63
2025/11/21,chubu,12.27,12.27,10.54,11.47,11.88,10.2,16.43,8.45
2025/11/21,chugoku,9.54,9.54,6.46,8.34,9.04,5.87,15.28,2
2025/11/21,hokkaido,10.15,10.15,8.64,9.44,10.79,8.2,12.27,6
2025/11/21,hokuriku,11.74,11.74,9.54,10.65,11.77,9.1,16.43,7.56
2025/11/21,kansai,9.54,9.54,6.46,8.34,9.04,5.87,15.28,2
2025/11/21,kyushu,9.54,9.54,6.46,8.34,9.04,5.87,15.28,2
2025/11/21,shikoku,9.54,9.54,6.46,8.34,9.04,5.87,15.28,2
2025/11/21,system,10.82,10.82,8.39,9.82,10.92,7.88,15.08,6.48
2025/11/21,tohoku,10.18,10.18,8.73,9.5,10.79,8.29,12.27,6
2025/11/21,tokyo,12.27,12.27,10.54,11.47,11.88,10.2,16.43,8.45
2025/11/22,chubu,9.98,9.98,6.71,8.04,11.11,5.58,12.7,3
2025/11/22,chugoku,8.09,8.09,2.18,4.52,10.03,0.51,12.7,0.01
2025/11/22,hokkaido,8.52,8.52,3.54,5.35,10.69,2.75,12.7,0.03
2025/11/22,hokuriku,9.86,9.86,6.71,8.04,10.8,5.58,12.7,3
2025/11/22,kansai,8.13,8.13,2.33,4.62,10.03,0.71,12.7,0.01
2025/11/22,kyushu,8.09,8.09,2.16,4.5,10.03,0.51,12.7,0.01
2025/11/22,shikoku,8.09,8.09,2.18,4.52,10.03,0.51,12.7,0.01
2025/11/22,system,8.71,8.71,3.45,5.58,10.59,1.76,12.7,0.01
2025/11/22,tohoku,8.74,8.74,3.66,5.46,10.93,2.58,12.7,0.03
2025/11/22,tokyo,10.1,10.1,7.14,8.36,11.08,6.1,12.7,3
2025/11/23,chubu,10.07,10.07,7.33,8.35,11.03,6.78,12.72,5.22
2025/11/23,chugoku,7.16,7.16,0.58,3.06,9.41,0.01,12.72,0.01
2025/11/23,hokkaido,9.9,9.9,7.17,8.24,10.78,6.47,12.72,6.02
2025/11/23,hokuriku,8.55,8.55,5.12,6.41,9.41,4.96,12.72,0.02
2025/11/23,kansai,7.16,7.16,0.58,3.06,9.41,0.01,12.72,0.01
2025/11/23,kyushu,7.16,7.16,0.58,3.06,9.41,0.01,12.72,0.01
2025/11/23,shikoku,7.16,7.16,0.58,3.06,9.41,0.01,12.72,0.01
2025/11/23,system,8.56,8.56,3.13,5.27,10.57,1.44,12.75,0.03
2025/11/23,tohoku,10.02,10.02,7.24,8.29,11.03,6.47,12.72,6.02
2025/11/23,tokyo,10.16,10.16,7.65,8.57,11.03,7.04,12.72,6.04
2025/11/24,chubu,10.99,10.99,9.26,10.14,11.19,8.71,14,6.69
2025/11/24,chugoku,8.34,8.34,5.13,6.45,8.77,4.23,12.7,1
2025/11/24,hokkaido,10.98,10.98,9.23,10.12,11.19,8.67,14,6.69
2025/11/24,hokuriku,9.2,9.2,8.09,8.53,8.77,8.38,12.7,6.69
2025/11/24,kansai,8.34,8.34,5.13,6.45,8.77,4.23,12.7,1
2025/11/24,kyushu,8.34,8.34,5.13,6.45,8.77,4.23,12.7,1
2025/11/24,shikoku,8.34,8.34,5.13,6.45,8.77,4.23,12.7,1
2025/11/24,system,10.2,10.2,7.84,8.86,10.63,7.36,12.78,6.69
2025/11/24,tohoku,10.99,10.99,9.26,10.14,11.19,8.71,14,6.69
2025/11/24,tokyo,10.99,10.99,9.26,10.14,11.19,8.71,14,6.69
2025/11/25,chubu,13.68,13.68,14.11,14.42,12.45,13.79,21,11.37
2025/11/25,chugoku,9.87,9.87,8.94,10.05,8.49,8.52,13,6.56
2025/11/25,hokkaido,12.21,12.21,10.57,11.81,12.06,9.84,15.73,7.89
2025/11/25,hokuriku,13.68,13.68,14.11,14.42,12.45,13.79,21,11.37
2025/11/25,kansai,9.87,9.87,8.94,10.05,8.49,8.52,13,6.56
2025/11/25,kyushu,9.62,9.62,8.08,9.45,8.49,7.65,13,6.56
2025/11/25,shikoku,9.47,9.47,7.55,9.08,8.49,6.58,13,3
2025/11/25,system,12,12,10.9,12,11.35,10.34,15,8.7
2025/11/25,tohoku,12.6,12.6,10.56,11.93,12.45,9.83,15.73,7.89
2025/11/25,tokyo,13.49,13.49,13.46,13.96,12.45,12.91,15.73,11.37
2025/11/26,chubu,12.42,12.42,10.92,11.8,12.15,10.25,15.58,9.04
2025/11/26,chugoku,10.2,10.2,7.83,9.43,9.35,7.55,15.58,6.44
2025/11/26,hokkaido,12.42,12.42,10.93,11.81,12.15,10.27,15.58,8.65
2025/11/26,hokuriku,12.32,12.32,10.57,11.56,12.15,10.14,15.58,9.04
2025/11/26,kansai,10.2,10.2,7.83,9.43,9.35,7.55,15.58,6.44
2025/11/26,kyushu,9.94,9.94,6.93,8.8,9.35,6.39,15.58,2.01
2025/11/26,shikoku,9.47,9.47,7.2,8.67,9.35,7.17,14.47,6.44
2025/11/26,system,11.48,11.48,9.23,10.55,11.36,8.56,15.55,7.56
2025/11/26,tohoku,12.46,12.46,11.07,11.91,12.15,10.47,15.58,9.33
2025/11/26,tokyo,12.46,12.46,11.07,11.91,12.15,10.47,15.58,9.33
2025/11/27,chubu,12.31,12.31,11.75,12.35,11.91,11.32,16.88,10.66
2025/11/27,chugoku,10.79,10.79,8.32,9.95,10.55,7.65,16.88,6.53
2025/11/27,hokkaido,11.52,11.52,9.98,11.05,11.73,9.17,16.04,6.23
2025/11/27,hokuriku,11.18,11.18,8.32,9.95,11.57,7.65,16.88,6.53
2025/11/27,kansai,10.79,10.79,8.32,9.95,10.55,7.65,16.88,6.53
2025/11/27,kyushu,10.62,10.62,7.74,9.54,10.55,7.32,16.88,6.53
2025/11/27,shikoku,10.5,10.5,7.57,9.32,10.55,7.27,16.88,6.53
2025/11/27,system,11.42,11.42,9.37,10.68,11.51,8.78,16.04,7.26
2025/11/27,tohoku,11.62,11.62,9.81,10.94,11.83,8.96,16.04,6.23
2025/11/27,tokyo,12.28,12.28,11.75,12.35,11.86,11.32,16.04,10.66
2025/11/28,chubu,11.16,11.16,9.82,10.66,11.07,9.33,14,6.09
2025/11/28,chugoku,10.23,10.23,8.05,9.39,9.99,7.45,14,4
2025/11/28,hokkaido,10.07,10.07,8.17,9.36,10.24,7.18,13.02,3.5
2025/11/28,hokuriku,10.91,10.91,9.82,10.66,10.41,9.33,14,6.09
2025/11/28,kansai,10.23,10.23,8.05,9.39,9.99,7.45,14,4
2025/11/28,kyushu,9.74,9.74,6.39,8.23,9.99,5.48,14,0.01
2025/11/28,shikoku,9.95,9.95,7.44,8.76,9.99,7.07,14,4
2025/11/28,system,10.45,10.45,8.35,9.53,10.58,7.55,13.5,5
2025/11/28,tohoku,10.21,10.21,7.95,9.2,10.62,6.87,13.02,3.5
2025/11/28,tokyo,10.93,10.93,9.82,10.51,10.9,9.33,13.61,6.09
2025/11/29,chubu,9.86,9.86,6.22,7.71,11.03,5.04,12.5,1
2025/11/29,chugoku,8.99,8.99,4.94,6.5,10.34,4.07,12.5,1
2025/11/29,hokkaido,8.77,8.77,4.97,6.67,9.69,3.39,12.5,0.1
2025/11/29,hokuriku,9.79,9.79,6.22,7.71,10.83,5.04,12.5,1
2025/11/29,kansai,8.99,8.99,4.94,6.5,10.34,4.07,12.5,1
2025/11/29,kyushu,8.15,8.15,2.11,4.49,10.34,0.11,12.5,0.01
2025/11/29,shikoku,8.99,8.99,4.94,6.5,10.34,4.07,12.5,1
2025/11/29,system,9.14,9.14,4.65,6.45,10.59,3.36,12.25,0.1
2025/11/29,tohoku,8.78,8.78,5,6.69,9.69,3.43,12.5,0.1
2025/11/29,tokyo,9.85,9.85,6.22,7.71,11.02,5.04,12.5,1
2025/11/30,chubu,8.94,8.94,5.67,6.85,10.31,4.52,11.83,1
2025/11/30,chugoku,6.45,6.45,0.59,2.69,9.03,0.01,10.5,0.01
2025/11/30,hokkaido,8.95,8.95,4.89,6.3,10.64,3.93,11.83,1
2025/11/30,hokuriku,8.08,8.08,5.62,6.56,9.05,4.46,10.5,1
2025/11/30,kansai,6.45,6.45,0.59,2.69,9.03,0.01,10.5,0.01
2025/11/30,kyushu,6.45,6.45,0.59,2.69,9.03,0.01,10.5,0.01
2025/11/30,shikoku,6.45,6.45,0.59,2.69,9.03,0.01,10.5,0.01
2025/11/30,system,7.9,7.9,2.68,4.6,10.02,1.25,11.53,0.01
2025/11/30,tohoku,8.95,8.95,4.9,6.31,10.64,3.94,11.83,1
2025/11/30,tokyo,9.18,9.18,5.67,6.85,10.64,4.52,11.83,1
2025/12/01,chubu,10.6,10.6,9.4,10.12,10.49,8.83,13.23,6.65
2025/12/01,chugoku,9.99,9.99,8.75,9.67,9.45,8.3,13.23,6.65
2025/12/01,hokkaido,10.1,10.1,8.4,9.06,10.71,8.1,12.34,6.05
2025/12/01,hokuriku,9.99,9.99,8.75,9.67,9.45,8.3,13.23,6.65
2025/12/01,kansai,9.99,9.99,8.75,9.67,9.45,8.3,13.23,6.65
2025/12/01,kyushu,9.99,9.99,8.75,9.67,9.45,8.3,13.23,6.65
2025/12/01,shikoku,9.49,9.49,7.29,8.59,9.45,7.14,13.23,4
2025/12/01,system,10.24,10.24,8.81,9.65,10.17,8.29,12.47,6.94
2025/12/01,tohoku,9.98,9.98,7.84,8.76,10.71,7.37,12.34,6.05
2025/12/01,tokyo,10.94,10.94,10.35,10.79,10.71,10.13,13.23,9.7
2025/12/02,chubu,11.22,11.22,10.36,11.03,11.21,9.73,13.12,7.7
2025/12/02,chugoku,10.44,10.44,9.44,10.35,9.89,8.9,13.12,7.7
2025/12/02,hokkaido,11.6,11.6,10.65,11.1,11.63,10.15,15.9,8.64
2025/12/02,hokuriku,10.6,10.6,9.46,10.36,10.31,8.9,13.12,7.7
2025/12/02,kansai,10.44,10.44,9.44,10.35,9.89,8.9,13.12,7.7
2025/12/02,kyushu,10.41,10.41,9.34,10.28,9.89,8.76,13.12,7.7
2025/12/02,shikoku,10.2,10.2,9.4,9.83,9.89,8.9,13.1,7.7
2025/12/02,system,11.23,11.23,10.43,11.11,10.91,9.79,13.5,7.76
2025/12/02,tohoku,11.59,11.59,10.68,11.26,11.63,10.19,13.12,8.64
2025/12/02,tokyo,11.88,11.88,11.63,11.92,11.66,11.42,13.12,10.71
2025/12/03,chubu,12.9,12.9,12.56,13.57,11.07,11.68,17,9.35
2025/12/03,chugoku,12.43,12.43,11.58,12.88,10.58,10.31,17,8.7
2025/12/03,hokkaido,12.54,12.54,13,13.87,10.38,12.29,16.25,8.55
2025/12/03,hokuriku,13.35,13.35,14.75,15.09,10.58,14.16,18.8,8.7
2025/12/03,kansai,12.43,12.43,11.58,12.88,10.58,10.31,17,8.7
2025/12/03,kyushu,12.42,12.42,11.58,12.88,10.57,10.31,17,8.5
2025/12/03,shikoku,11.13,11.13,7.62,9.77,10.58,7.25,17,6.27
2025/12/03,system,12.7,12.7,12.47,13.48,10.89,11.67,16.34,10.07
2025/12/03,tohoku,12.67,12.67,13.09,13.93,10.66,12.42,16.25,9.7
2025/12/03,tokyo,12.99,12.99,13.16,13.98,11.08,12.47,16.25,10.34
2025/12/04,chubu,13.55,13.55,11.57,13.21,12.14,10.82,18.08,8.7
2025/12/04,chugoku,13.55,13.55,11.57,13.21,12.14,10.82,18.08,8.7
2025/12/04,hokkaido,10.96,10.96,9.3,10.64,10.68,8.22,16,7.71
2025/12/04,hokuriku,13.55,13.55,11.57,13.21,12.14,10.82,18.08,8.7
2025/12/04,kansai,13.55,13.55,11.57,13.21,12.14,10.82,18.08,8.7
2025/12/04,kyushu,13.52,13.52,11.48,13.15,12.14,10.69,18.08,8.06
2025/12/04,shikoku,12.57,12.57,8.42,10.87,12.14,7.31,18.08,0.02
2025/12/04,system,13.01,13.01,10.94,12.49,11.9,10.08,16.49,8.11
2025/12/04,tohoku,10.71,10.71,8.44,10.04,10.68,7.3,16,4.37
2025/12/04,tokyo,13.28,13.28,11.57,12.89,12.14,10.82,16.32,8.7
2025/12/05,chubu,13.79,13.79,11.79,13.39,12.16,10.83,19.78,8.7
2025/12/05,chugoku,13.31,13.31,10.38,12.4,11.96,8.96,19.78,7.54
2025/12/05,hokkaido,12.42,12.42,11.4,12.8,11.38,10.63,17.12,9.41
2025/12/05,hokuriku,13.59,13.59,11.34,13.07,11.98,10.21,19.78,8.7
2025/12/05,kansai,13.59,13.59,11.34,13.07,11.96,10.21,19.78,8.7
2025/12/05,kyushu,12.91,12.91,9.01,11.44,11.96,7.76,19.78,7.54
2025/12/05,shikoku,12.96,12.96,9.2,11.58,11.96,8.29,19.78,7.54
2025/12/05,system,13.24,13.24,11.05,12.69,12.06,9.97,18.01,8.28
2025/12/05,tohoku,12.61,12.61,11.4,12.87,11.47,10.63,17.12,9.41
2025/12/05,tokyo,13.38,13.38,11.66,13.05,12.16,10.97,17.12,10.13
2025/12/06,chubu,11.48,11.48,7.83,9.32,12.73,6.87,17.04,2.93
2025/12/06,chugoku,11.44,11.44,7.69,9.23,12.73,6.82,17.04,2.93
2025/12/06,hokkaido,10.84,10.84,8.52,9.68,11.13,7.98,14.99,6.48
2025/12/06,hokuriku,11.48,11.48,7.83,9.32,12.73,6.87,17.04,2.93
2025/12/06,kansai,11.48,11.48,7.83,9.32,12.73,6.87,17.04,2.93
2025/12/06,kyushu,10.8,10.8,5.63,7.7,12.73,4.75,17.04,0.01
2025/12/06,shikoku,11.44,11.44,7.69,9.23,12.73,6.82,17.04,2.93
2025/12/06,system,11.29,11.29,8.39,9.72,11.92,7.88,15.16,7.37
2025/12/06,tohoku,10.87,10.87,8.47,9.65,11.24,7.91,14.99,6.48
2025/12/06,tokyo,11.73,11.73,10.29,11.04,11.63,9.86,14.99,9.02
2025/12/07,chubu,9.69,9.69,6.93,7.93,10.77,6.32,12,3
2025/12/07,chugoku,9.53,9.53,6.85,7.72,10.58,6.32,12,3
2025/12/07,hokkaido,9.71,9.71,7.05,8.07,10.87,6.33,12,4
2025/12/07,hokuriku,9.53,9.53,6.85,7.72,10.58,6.32,12,3
2025/12/07,kansai,9.53,9.53,6.85,7.72,10.58,6.32,12,3
2025/12/07,kyushu,8.78,8.78,4.38,5.91,10.58,3.01,12,0.01
2025/12/07,shikoku,9.53,9.53,6.85,7.72,10.58,6.32,12,3
2025/12/07,system,9.86,9.86,7.31,8.26,10.87,6.79,12,5.08
2025/12/07,tohoku,9.72,9.72,7.05,8.12,10.87,6.33,12,4
2025/12/07,tokyo,10.62,10.62,9.46,9.88,11.08,9.15,12,8
2025/12/08,chubu,11.26,11.26,10.65,11.37,10.71,10.45,14.7,9.41
2025/12/08,chugoku,10.38,10.38,9.54,10.58,9.27,9.19,14.7,7.75
2025/12/08,hokkaido,10.68,10.68,10.06,10.64,10.36,10,14.7,8.1
2025/12/08,hokuriku,10.46,10.46,9.81,10.77,9.27,9.57,14.7,7.75
2025/12/08,kansai,10.46,10.46,9.81,10.77,9.27,9.57,14.7,7.75
2025/12/08,kyushu,10,10,8.23,9.67,9.27,7.81,14.7,7.75
2025/12/08,shikoku,10.09,10.09,8.57,9.9,9.27,8.61,14.7,7.72
2025/12/08,system,10.62,10.62,9.53,10.53,10.04,9.11,14.7,8.06
2025/12/08,tohoku,10.54,10.54,9.55,10.28,10.36,9.29,14.7,8.1
2025/12/08,tokyo,11.24,11.24,10.67,11.36,10.74,10.47,14.7,9.92
2025/12/09,chubu,12.44,12.44,10.54,11.79,10.96,9.89,18.25,8.24
2025/12/09,chugoku,12.19,12.19,9.91,11.35,10.78,9.28,18.25,8.24
2025/12/09,hokkaido,11.52,11.52,10.38,11.27,10.58,9.72,15.35,8
2025/12/09,hokuriku,12.36,12.36,10.47,11.75,10.78,9.81,18.25,8.24
2025/12/09,kansai,12.36,12.36,10.47,11.75,10.78,9.81,18.25,8.24
2025/12/09,kyushu,11.55,11.55,7.73,9.82,10.78,7.59,18.25,7
2025/12/09,shikoku,11.64,11.64,8.28,10.03,10.78,8.27,18.25,4.7
2025/12/09,system,11.71,11.71,9.7,11.09,10.81,9.1,15.35,7.92
2025/12/09,tohoku,11.5,11.5,9.92,11.22,10.58,9.18,15.35,8
2025/12/09,tokyo,12.06,12.06,11.05,12.04,10.91,10.62,15.35,9.92
2025/12/10,chubu,12.76,12.76,10.94,12.45,11.75,10.26,18.25,8.18
2025/12/10,chugoku,12.44,12.44,10.01,11.74,11.69,9.53,18.25,8.18
2025/12/10,hokkaido,13.18,13.18,12.67,14.43,11.32,11.31,30,8.44
2025/12/10,hokuriku,12.56,12.56,10.42,12.02,11.69,10.1,18.25,8.18
2025/12/10,kansai,12.56,12.56,10.42,12.02,11.69,10.1,18.25,8.18
2025/12/10,kyushu,12,12,8.5,10.68,11.69,7.84,18.25,7.76
2025/12/10,shikoku,12.43,12.43,9.98,11.72,11.69,9.49,18.25,7.82
2025/12/10,system,12.51,12.51,10.53,12.03,11.7,9.87,18.25,8.14
2025/12/10,tohoku,12.66,12.66,11.14,12.37,11.71,10.54,18.25,8.44
2025/12/10,tokyo,12.72,12.72,11.36,12.52,11.71,10.85,18.25,10.25
2025/12/11,chubu,11.7,11.7,10.75,11.84,11.02,9.98,15.12,7.73
2025/12/11,chugoku,11.26,11.26,9.91,11.25,10.59,8.97,15.12,7.73
2025/12/11,hokkaido,20.84,20.84,36.85,31.99,12.2,38.59,50,10.72
2025/12/11,hokuriku,11.37,11.37,10.27,11.49,10.59,9.46,15.12,7.73
2025/12/11,kansai,11.37,11.37,10.27,11.49,10.59,9.46,15.12,7.73
2025/12/11,kyushu,11.22,11.22,9.76,11.14,10.59,8.76,15.12,7.73
2025/12/11,shikoku,10.9,10.9,8.66,10.37,10.59,7.97,15.1,6.49
2025/12/11,system,11.82,11.82,10.82,11.99,11.05,10.05,15.1,8.29
2025/12/11,tohoku,11.55,11.55,10.06,11.31,11.3,9.21,15,8.05
2025/12/11,tokyo,11.99,11.99,11.36,12.26,11.31,10.83,15.12,10.3
2025/12/12,chubu,12.69,12.69,10.86,12.29,11.26,10.31,16.86,8.73
2025/12/12,chugoku,12.27,12.27,10.1,11.76,10.72,9.51,16.86,7.82
2025/12/12,hokkaido,14.55,14.55,16.02,16.23,12.14,15.67,17.9,8.68
2025/12/12,hokuriku,12.49,12.49,10.86,12.29,10.72,10.31,16.86,8.43
2025/12/12,kansai,12.49,12.49,10.86,12.29,10.72,10.31,16.86,8.43
2025/12/12,kyushu,12.03,12.03,9.26,11.17,10.72,8.33,16.86,7.82
2025/12/12,shikoku,11.99,11.99,9.13,11.08,10.72,8.14,16.86,7.7
2025/12/12,system,12.59,12.59,10.69,12.18,11.19,10,16.86,8.44
2025/12/12,tohoku,11.99,11.99,10.18,11.56,11.08,9.58,16.8,8
2025/12/12,tokyo,12.71,12.71,10.92,12.24,11.35,10.4,16.86,9.04
2025/12/13,chubu,11.1,11.1,9.6,10.45,10.78,9.2,14.27,7.92
2025/12/13,chugoku,10.93,10.93,9.18,10.16,10.65,8.77,14.27,7.92
2025/12/13,hokkaido,12.01,12.01,10.27,11.08,11.67,10.04,15.47,9.78
2025/12/13,hokuriku,11.05,11.05,9.6,10.45,10.65,9.2,14.27,7.92
2025/12/13,kansai,11.05,11.05,9.6,10.45,10.65,9.2,14.27,7.92
2025/12/13,kyushu,10.75,10.75,8.58,9.74,10.65,8.08,14.27,7.92
2025/12/13,shikoku,10.81,10.81,8.78,9.88,10.65,8.21,14.27,7.78
2025/12/13,system,11.21,11.21,9.69,10.57,10.87,9.29,14.37,8.27
2025/12/13,tohoku,11.19,11.19,9.44,10.45,10.99,8.88,14.27,8
2025/12/13,tokyo,11.45,11.45,10.29,11.05,10.99,10.06,14.27,9.78
2025/12/14,chubu,10.18,10.18,8.8,9.57,10.45,7.61,14.37,6.02
2025/12/14,chugoku,8.93,8.93,7.31,7.9,9.24,7.1,11.85,6.02
2025/12/14,hokkaido,21.95,21.95,34.83,29.77,15.5,35.13,50,10.88
2025/12/14,hokuriku,8.93,8.93,7.31,7.9,9.24,7.1,11.85,6.02
2025/12/14,kansai,8.93,8.93,7.31,7.9,9.24,7.1,11.85,6.02
2025/12/14,kyushu,8.86,8.86,7.22,7.83,9.1,7.08,11.85,6.02
2025/12/14,shikoku,8.92,8.92,7.25,7.85,9.24,7.1,11.85,6.02
2025/12/14,system,10.19,10.19,9.04,9.56,10.43,8.63,12,8.06
2025/12/14,tohoku,11.48,11.48,12.28,12.28,10.84,12.17,15,10.35
2025/12/14,tokyo,11.48,11.48,12.28,12.28,10.84,12.17,15,10.35
2025/12/15,chubu,11.1,11.1,9.69,10.96,10.17,9.21,15.01,7.47
2025/12/15,chugoku,10.37,10.37,8.35,10,9.32,7.84,15.01,7.47
2025/12/15,hokkaido,10.87,10.87,10.91,11.39,10.05,11.14,17.31,9.73
2025/12/15,hokuriku,10.67,10.67,9.37,10.71,9.32,9.02,15.01,7.47
2025/12/15,kansai,10.67,10.67,9.37,10.71,9.32,9.02,15.01,7.47
2025/12/15,kyushu,10.36,10.36,8.29,9.96,9.32,7.78,15.01,7.47
2025/12/15,shikoku,10.3,10.3,8.1,9.82,9.32,7.53,15.01,6.66
2025/12/15,system,10.84,10.84,9.24,10.59,10.08,8.73,15.01,7.87
2025/12/15,tohoku,10.08,10.08,8.37,9.59,9.94,7.64,15.01,5
2025/12/15,tokyo,11.3,11.3,10.27,11.37,10.26,10.03,15.01,9.5
2025/12/16,chubu,10.52,10.52,8.5,9.78,10.44,7.89,14.31,6.63
2025/12/16,chugoku,9.88,9.88,8.24,9.5,9.14,7.89,14.04,6.63
2025/12/16,hokkaido,12.04,12.04,13.13,13.3,10.65,12.8,16.98,9.86
2025/12/16,hokuriku,9.88,9.88,8.24,9.51,9.14,7.89,14.04,6.63
2025/12/16,kansai,9.88,9.88,8.24,9.51,9.14,7.89,14.04,6.63
2025/12/16,kyushu,9.84,9.84,8.1,9.41,9.14,7.72,14.04,6.63
2025/12/16,shikoku,9.66,9.66,7.73,8.99,9.14,7.5,14.04,5
2025/12/16,system,10.78,10.78,9.46,10.5,10.28,9.09,14.2,7.92
2025/12/16,tohoku,11.11,11.11,10.31,11.05,10.65,10.03,14.31,9.14
2025/12/16,tokyo,11.24,11.24,10.71,11.32,10.65,10.59,14.31,10.18
2025/12/17,chubu,11.19,11.19,10.8,11.52,10.28,10.16,14.58,7.75
2025/12/17,chugoku,10.41,10.41,10.4,11.16,9.01,10,14,7.75
2025/12/17,hokkaido,11.28,11.28,10.68,11.41,10.67,10.21,14.58,9.44
2025/12/17,hokuriku,10.41,10.41,10.4,11.16,9.01,10,14,7.75
2025/12/17,kansai,10.41,10.41,10.4,11.16,9.01,10,14,7.75
2025/12/17,kyushu,10.38,10.38,10.31,11.1,9.01,9.87,14,7.75
2025/12/17,shikoku,10.1,10.1,9.43,10.43,9.01,8.78,14,7.71
2025/12/17,system,10.96,10.96,10.52,11.26,10.11,10.07,13.98,9.04
2025/12/17,tohoku,11.28,11.28,10.68,11.41,10.67,10.21,14.58,9.44
2025/12/17,tokyo,11.41,11.41,11.01,11.67,10.67,10.46,14.58,9.59
2025/12/18,chubu,9.88,9.88,7.44,8.68,10.23,7,14.01,5
2025/12/18,chugoku,9.19,9.19,7.35,8.5,8.69,7,12.8,5
2025/12/18,hokkaido,11.9,11.9,10.84,11.66,11.91,9.72,17.25,8.17
2025/12/18,hokuriku,9.19,9.19,7.35,8.5,8.69,7,12.8,5
2025/12/18,kansai,9.19,9.19,7.35,8.5,8.69,7,12.8,5
2025/12/18,kyushu,9.19,9.19,7.35,8.5,8.69,7,12.8,5
2025/12/18,shikoku,9.18,9.18,7.32,8.48,8.69,6.96,12.8,5
2025/12/18,system,10.31,10.31,8.71,9.67,10.04,8.21,12.8,7.66
2025/12/18,tohoku,10.87,10.87,9.67,10.46,10.67,9.16,14,8.17
2025/12/18,tokyo,11.16,11.16,10.48,11.07,10.77,10.12,14.01,9.76
2025/12/19,chubu,10.83,10.83,8.81,10.08,10.84,7.96,15.08,6
2025/12/19,chugoku,9.55,9.55,7.81,8.83,9.39,7.37,13.5,6
2025/12/19,hokkaido,13.24,13.24,11.9,12.88,13.49,10.77,20,9.78
2025/12/19,hokuriku,9.55,9.55,7.81,8.83,9.39,7.37,13.5,6
2025/12/19,kansai,9.55,9.55,7.81,8.83,9.39,7.37,13.5,6
2025/12/19,kyushu,9.55,9.55,7.81,8.83,9.39,7.37,13.5,6
2025/12/19,shikoku,9.52,9.52,7.71,8.76,9.39,7.3,13.5,6
2025/12/19,system,10.74,10.74,9.21,10.17,10.67,8.57,14.48,7.92
2025/12/19,tohoku,11.15,11.15,9.48,10.51,11.22,8.63,15.08,6.85
2025/12/19,tokyo,11.62,11.62,11,11.65,11.22,10.42,15.08,9.87
2025/12/20,chubu,8.61,8.61,8.19,8.37,8.65,8.12,9.31,7
2025/12/20,chugoku,8.6,8.6,8.19,8.37,8.62,8.12,9.31,7
2025/12/20,hokkaido,9.57,9.57,8.74,9.31,9.78,8.5,15,8
2025/12/20,hokuriku,8.6,8.6,8.19,8.37,8.62,8.12,9.31,7
2025/12/20,kansai,8.6,8.6,8.19,8.37,8.62,8.12,9.31,7
2025/12/20,kyushu,8.6,8.6,8.19,8.37,8.62,8.12,9.31,7
2025/12/20,shikoku,8.58,8.58,8.14,8.34,8.62,8.08,9.3,7
2025/12/20,system,9.11,9.11,8.57,8.83,9.18,8.33,9.72,7.67
2025/12/20,tohoku,8.98,8.98,7.56,8.13,9.51,7.02,10.11,6.21
2025/12/20,tokyo,9.63,9.63,9.59,9.67,9.51,9.55,10.11,9.33
2025/12/21,chubu,8.49,8.49,8.45,8.51,8.17,8.38,9.52,6.85
2025/12/21,chugoku,8.48,8.48,8.45,8.51,8.15,8.38,9.52,6.85
2025/12/21,hokkaido,9.7,9.7,9.4,9.75,9.28,9.21,12.36,8.66
2025/12/21,hokuriku,8.48,8.48,8.45,8.51,8.15,8.38,9.52,6.85
2025/12/21,kansai,8.48,8.48,8.45,8.51,8.15,8.38,9.52,6.85
2025/12/21,kyushu,8.37,8.37,8.05,8.23,8.15,7.93,9.52,6.85
2025/12/21,shikoku,8.48,8.48,8.45,8.51,8.15,8.38,9.52,6.85
2025/12/21,system,9.09,9.09,8.95,9.13,8.77,8.81,10.15,7.77
2025/12/21,tohoku,9.65,9.65,9.37,9.73,9.19,9.18,12.36,8.66
2025/12/21,tokyo,10.29,10.29,10.97,11.07,9.19,10.26,17,8.89
2025/12/22,chubu,9.52,9.52,8.7,9.51,8.6,8.34,12.89,7
2025/12/22,chugoku,9.44,9.44,8.7,9.51,8.4,8.34,12.89,7
2025/12/22,hokkaido,12.45,12.45,11.44,14.1,10.06,10.19,30,8.6
2025/12/22,hokuriku,9.44,9.44,8.7,9.51,8.4,8.34,12.89,7
2025/12/22,kansai,9.44,9.44,8.7,9.51,8.4,8.34,12.89,7
2025/12/22,kyushu,9.32,9.32,8.29,9.23,8.4,7.83,12.89,7
2025/12/22,shikoku,9.37,9.37,8.46,9.35,8.4,8.13,12.89,7
2025/12/22,system,9.65,9.65,8.72,9.57,8.8,8.28,13.01,7.78
2025/12/22,tohoku,9.85,9.85,8.89,9.64,9.37,8.59,12.89,7.99
2025/12/22,tokyo,10.02,10.02,9.42,10.02,9.37,9.2,12.89,8.88
2025/12/23,chubu,9.9,9.9,8.85,9.66,9.43,8.5,13.56,7
2025/12/23,chugoku,9.69,9.69,8.55,9.28,9.36,8.31,13.56,7
2025/12/23,hokkaido,13.72,13.72,10.8,12.96,13.08,9.16,30,7.67
2025/12/23,hokuriku,9.71,9.71,8.61,9.32,9.36,8.39,13.56,7
2025/12/23,kansai,9.71,9.71,8.61,9.32,9.36,8.39,13.56,7
2025/12/23,kyushu,9.55,9.55,8.07,8.94,9.36,7.77,13.56,6.95
2025/12/23,shikoku,9.69,9.69,8.55,9.28,9.36,8.31,13.56,7
2025/12/23,system,9.94,9.94,8.55,9.41,9.78,8.15,13.63,7.37
2025/12/23,tohoku,9.83,9.83,7.98,9.03,9.92,7.45,13.56,5.5
2025/12/23,tokyo,10.29,10.29,9.32,10.15,9.92,8.96,13.56,7.87
2025/12/24,chubu,11.07,11.07,12.53,12.86,8.66,12.03,15,7.72
2025/12/24,chugoku,10.33,10.33,12.04,12.04,8.49,11.81,12.84,7.72
2025/12/24,hokkaido,11.41,11.41,11.73,12.36,9.85,11.01,15,9.31
2025/12/24,hokuriku,10.33,10.33,12.04,12.04,8.49,11.81,12.84,7.72
2025/12/24,kansai,10.33,10.33,12.04,12.04,8.49,11.81,12.84,7.72
2025/12/24,kyushu,10.33,10.33,12.04,12.04,8.49,11.81,12.84,7.72
2025/12/24,shikoku,10.33,10.33,12.04,12.04,8.49,11.81,12.84,7.72
2025/12/24,system,11.01,11.01,12.14,12.4,9.19,11.73,13.5,8.87
2025/12/24,tohoku,11.31,11.31,11.73,12.31,9.62,11.01,15,9.31
2025/12/24,tokyo,11.55,11.55,12.53,12.86,9.62,12.03,15,9.31
2025/12/25,chubu,10.06,10.06,10.88,11.01,8.78,10.72,12.5,8
2025/12/25,chugoku,9.56,9.56,9.89,10.24,8.41,9.76,11.73,7.99
2025/12/25,hokkaido,12.85,12.85,12.73,13.23,11.93,11.31,29.17,9.35
2025/12/25,hokuriku,9.56,9.56,9.89,10.24,8.41,9.76,11.73,7.99
2025/12/25,kansai,9.56,9.56,9.89,10.24,8.41,9.76,11.73,7.99
2025/12/25,kyushu,9.35,9.35,9.18,9.75,8.41,8.77,11.73,7.99
2025/12/25,shikoku,9.56,9.56,9.89,10.24,8.41,9.76,11.73,7.99
2025/12/25,system,10.22,10.22,10.7,10.92,9.22,10.55,12.33,8.82
2025/12/25,tohoku,10.65,10.65,11.46,11.49,9.76,11.31,12.88,9.17
2025/12/25,tokyo,10.65,10.65,11.46,11.49,9.76,11.31,12.88,9.17
2025/12/26,chubu,9.79,9.79,9.28,9.82,9.01,8.96,11.5,7.77
2025/12/26,chugoku,9.78,9.78,9.28,9.82,9,8.96,11.5,7.77
2025/12/26,hokkaido,9.7,9.7,9.5,10.1,9.04,9.37,15.84,7.67
2025/12/26,hokuriku,9.78,9.78,9.28,9.82,9,8.96,11.5,7.77
2025/12/26,kansai,9.78,9.78,9.28,9.82,9,8.96,11.5,7.77
2025/12/26,kyushu,9.66,9.66,8.84,9.52,9,8.35,11.5,7.77
2025/12/26,shikoku,9.51,9.51,8.36,9.18,9,8.54,11.5,7.77
2025/12/26,system,9.79,9.79,9.16,9.74,9.29,8.84,11.37,8.21
2025/12/26,tohoku,9.1,9.1,7.94,8.76,8.98,7.37,11.08,5.8
2025/12/26,tokyo,10.04,10.04,9.39,9.9,9.61,9.11,11.98,8.7
2025/12/27,chubu,9.03,9.03,6.99,7.84,9.44,6.36,11.16,5.5
2025/12/27,chugoku,8.9,8.9,6.99,7.84,9.1,6.36,11.16,5.5
2025/12/27,hokkaido,9.4,9.4,8.28,8.71,9.75,8.01,10.81,7.52
2025/12/27,hokuriku,8.9,8.9,6.99,7.84,9.1,6.36,11.16,5.5
2025/12/27,kansai,8.9,8.9,6.99,7.84,9.1,6.36,11.16,5.5
2025/12/27,kyushu,8.84,8.84,6.81,7.7,9.1,6.36,11.16,5.5
2025/12/27,shikoku,8.73,8.73,6.41,7.43,9.1,5.68,11.16,4
2025/12/27,system,9.41,9.41,8.13,8.7,9.5,7.8,11,7.5
2025/12/27,tohoku,9.2,9.2,7.73,8.23,9.75,7.31,10.81,5
2025/12/27,tokyo,9.81,9.81,9.13,9.42,9.77,8.93,11.16,8.67
2025/12/28,chubu,8.07,8.07,5.52,6.51,8.92,4.71,10,3
2025/12/28,chugoku,8.02,8.02,5.52,6.51,8.81,4.71,9.89,3
2025/12/28,hokkaido,10.4,10.4,7.6,9.35,10.09,7.02,18,6
2025/12/28,hokuriku,8.02,8.02,5.52,6.51,8.81,4.71,9.89,3
2025/12/28,kansai,8.02,8.02,5.52,6.51,8.81,4.71,9.89,3
2025/12/28,kyushu,7.73,7.73,4.52,5.81,8.81,3.31,9.89,0.01
2025/12/28,shikoku,7.96,7.96,5.48,6.35,8.81,4.71,9.89,3
2025/12/28,system,8.83,8.83,6.03,7.25,9.48,5.09,11.26,2.01
2025/12/28,tohoku,10.03,10.03,6.33,8.47,10.09,5.25,18,3
2025/12/28,tokyo,10.79,10.79,6.33,8.74,10.23,5.25,18.06,3
2025/12/29,chubu,8.54,8.54,6.41,7.34,9.14,5.77,9.89,3.5
2025/12/29,chugoku,8.19,8.19,6.41,7.18,8.77,5.77,9.86,3.5
2025/12/29,hokkaido,9.76,9.76,8.55,9.09,10.08,8.44,14.01,8.24
2025/12/29,hokuriku,8.19,8.19,6.41,7.18,8.77,5.77,9.86,3.5
2025/12/29,kansai,8.19,8.19,6.41,7.18,8.77,5.77,9.86,3.5
2025/12/29,kyushu,8.17,8.17,6.35,7.13,8.77,5.77,9.86,3.5
2025/12/29,shikoku,8.19,8.19,6.41,7.18,8.77,5.77,9.86,3.5
2025/12/29,system,8.98,8.98,7.49,8.15,9.38,7.05,10.28,6.05
2025/12/29,tohoku,9.39,9.39,7.27,8.19,10.08,6.68,14.01,5.73
2025/12/29,tokyo,10.41,10.41,10.07,10.64,10.08,9.08,18.04,8.67
2025/12/30,chubu,8.04,8.04,5.27,6.39,8.93,4.32,9.89,3
2025/12/30,chugoku,7.34,7.34,5.27,6.2,7.91,4.32,9.68,3
2025/12/30,hokkaido,9.04,9.04,7.5,8.14,9.54,7.16,10.46,6
2025/12/30,hokuriku,7.34,7.34,5.27,6.2,7.91,4.32,9.68,3
2025/12/30,kansai,7.34,7.34,5.27,6.2,7.91,4.32,9.68,3
2025/12/30,kyushu,7.34,7.34,5.27,6.2,7.91,4.32,9.68,3
2025/12/30,shikoku,6.79,6.79,5.27,5.42,7.63,4.32,9,3
2025/12/30,system,8.21,8.21,5.98,6.93,8.93,5.22,9.8,4
2025/12/30,tohoku,8.71,8.71,6.36,7.35,9.53,5.7,10.46,4.28
2025/12/30,tokyo,8.86,8.86,6.86,7.71,9.53,6.02,10.46,4.28
2025/12/31,chubu,7.22,7.22,3.28,4.94,8.73,2.26,9.62,0.01
2025/12/31,chugoku,7.17,7.17,3.28,4.9,8.68,2.26,9.62,0.01
2025/12/31,hokkaido,8.56,8.56,6.82,7.63,9.26,6.09,10.02,5
2025/12/31,hokuriku,7.17,7.17,3.28,4.9,8.68,2.26,9.62,0.01
2025/12/31,kansai,7.17,7.17,3.28,4.9,8.68,2.26,9.62,0.01
2025/12/31,kyushu,7.06,7.06,2.89,4.63,8.68,1.71,9.62,0.01
2025/12/31,shikoku,7.17,7.17,3.28,4.9,8.68,2.26,9.62,0.01
2025/12/31,system,7.86,7.86,4.94,6.16,8.92,3.93,9.56,3
2025/12/31,tohoku,8.65,8.65,6.82,7.63,9.29,6.09,10.02,5
2025/12/31,tokyo,8.65,8.65,6.82,7.63,9.29,6.09,10.02,5
2026/01/01,chubu,9.04,9.04,7.25,7.97,9.4,6.79,10.86,6.07
2026/01/01,chugoku,8.54,8.54,7.02,7.55,8.85,6.72,10.5,6.07
2026/01/01,hokkaido,9.06,9.06,7.55,8.13,9.41,7.26,10.86,6.07
2026/01/01,hokuriku,8.54,8.54,7.02,7.55,8.85,6.72,10.5,6.07
2026/01/01,kansai,8.54,8.54,7.02,7.55,8.85,6.72,10.5,6.07
2026/01/01,kyushu,8.53,8.53,6.97,7.51,8.85,6.72,10.5,6.07
2026/01/01,shikoku,8.45,8.45,6.8,7.32,8.85,6.72,10.5,4.5
2026/01/01,system,8.91,8.91,7.19,7.86,9.28,6.87,10.86,6.07
2026/01/01,tohoku,9.01,9.01,7.28,8.02,9.41,6.87,10.86,6.07
2026/01/01,tokyo,9.11,9.11,7.36,8.14,9.41,6.88,10.86,6.07
2026/01/02,chubu,9.56,9.56,7.35,8.31,10.05,6.42,11.3,4.94
2026/01/02,chugoku,9.19,9.19,7.17,8.04,9.49,6.42,11.3,4.94
2026/01/02,hokkaido,10.3,10.3,8.98,9.75,10.44,8.71,18.05,8.24
2026/01/02,hokuriku,9.19,9.19,7.17,8.04,9.49,6.42,11.3,4.94
2026/01/02,kansai,9.19,9.19,7.17,8.04,9.49,6.42,11.3,4.94
2026/01/02,kyushu,9.06,9.06,6.75,7.71,9.49,6.24,11.3,4.94
2026/01/02,shikoku,9.18,9.18,7.17,8,9.49,6.42,11.3,4.94
2026/01/02,system,9.71,9.71,8.03,8.76,9.88,7.61,11.91,6.81
2026/01/02,tohoku,10.04,10.04,8.34,9.14,10.44,7.83,18.05,6.38
2026/01/02,tokyo,10.46,10.46,9.64,10.05,10.48,9.4,18.05,9.25
2026/01/03,chubu,9.51,9.51,7.34,8.27,10.1,6.68,11.14,6
2026/01/03,chugoku,8.54,8.54,6.63,7.43,8.92,6.42,11,6
2026/01/03,hokkaido,10.88,10.88,8.5,9.08,12.39,8.11,17.88,7.52
2026/01/03,hokuriku,8.75,8.75,6.7,7.53,9.37,6.42,11,6
2026/01/03,kansai,8.54,8.54,6.63,7.43,8.92,6.42,11,6
2026/01/03,kyushu,7.58,7.58,3.34,5.13,8.92,1.82,11,0.01
2026/01/03,shikoku,8.49,8.49,6.63,7.31,8.92,6.42,11,5
2026/01/03,system,9.27,9.27,7.14,8.01,9.81,6.84,11.14,5.9
2026/01/03,tohoku,9.68,9.68,7.91,8.67,10.09,7.37,11.24,6.42
2026/01/03,tokyo,9.68,9.68,7.91,8.67,10.1,7.37,11.24,6.42
2026/01/04,chubu,9.44,9.44,7.21,8.3,9.73,6.77,12.62,6.28
2026/01/04,chugoku,8.69,8.69,7.03,7.63,8.67,6.77,11.48,6.28
2026/01/04,hokkaido,9.72,9.72,8.06,9.07,9.75,7.75,14.72,7.52
2026/01/04,hokuriku,8.74,8.74,7.03,7.63,8.81,6.77,11.48,6.28
2026/01/04,kansai,8.69,8.69,7.03,7.63,8.67,6.77,11.48,6.28
2026/01/04,kyushu,8.69,8.69,7.03,7.63,8.67,6.77,11.48,6.28
2026/01/04,shikoku,8.69,8.69,7.03,7.63,8.67,6.77,11.48,6.28
2026/01/04,system,9.43,9.43,7.25,8.21,9.7,6.89,12,6.34
2026/01/04,tohoku,9.61,9.61,7.71,8.83,9.75,7.26,14.72,7
2026/01/04,tokyo,10.66,10.66,7.71,9.15,9.87,7.26,17.93,7
2026/01/05,chubu,10.82,10.82,10.66,11.15,10.09,10.13,14.51,9.5
2026/01/05,chugoku,9.68,9.68,9.52,10.3,8.16,8.87,14.51,7.1
2026/01/05,hokkaido,12.74,12.74,11.22,12.72,11.17,10.14,20,9.15
2026/01/05,hokuriku,9.9,9.9,10.08,10.69,8.31,9.19,14.51,7.1
2026/01/05,kansai,9.68,9.68,9.52,10.3,8.16,8.87,14.51,7.1
2026/01/05,kyushu,9.68,9.68,9.52,10.3,8.16,8.87,14.51,7.1
2026/01/05,shikoku,7.78,7.78,6.22,7.27,7.69,5.52,14.51,3
2026/01/05,system,10.61,10.61,10.25,11.01,9.71,9.68,14.51,8.99
2026/01/05,tohoku,11.14,11.14,10.69,11.74,10.04,10.13,15,9.15
2026/01/05,tokyo,11.27,11.27,10.91,11.89,10.22,10.13,15,9.58
2026/01/06,chubu,11.14,11.14,9.24,10.83,9.98,8.68,16.39,8.08
2026/01/06,chugoku,10.39,10.39,8.69,10.15,8.83,8.53,15,8
2026/01/06,hokkaido,17.49,17.49,13.06,17.55,15.16,11.78,35.98,9.25
2026/01/06,hokuriku,10.84,10.84,8.78,10.21,9.87,8.55,15.18,8.08
2026/01/06,kansai,10.41,10.41,8.78,10.21,8.83,8.55,15,8
2026/01/06,kyushu,10.25,10.25,8.22,9.82,8.83,7.98,15,7.92
2026/01/06,shikoku,6.64,6.64,2.38,4.18,8.03,0.97,11.5,0.01
2026/01/06,system,10.85,10.85,8.81,10.37,9.71,8.36,15,8.08
2026/01/06,tohoku,11.27,11.27,9.87,11.26,9.98,9.5,16.39,8.16
2026/01/06,tokyo,11.34,11.34,9.94,11.32,9.98,9.61,16.39,9.25
2026/01/07,chubu,12.45,12.45,10.31,12.37,10.97,8.79,22,6
2026/01/07,chugoku,9.69,9.69,8.11,9.34,8.88,7.56,14.63,6
2026/01/07,hokkaido,15.05,15.05,13.52,14.54,15.98,12.35,20.45,9.04
2026/01/07,hokuriku,10.17,10.17,8.12,9.35,10.15,7.57,15.03,6
2026/01/07,kansai,9.69,9.69,8.12,9.35,8.88,7.57,14.63,6
2026/01/07,kyushu,9.69,9.69,8.11,9.34,8.88,7.56,14.63,6
2026/01/07,shikoku,7.39,7.39,7.86,7.7,6.83,7.54,13.38,5
2026/01/07,system,11.23,11.23,9.47,10.99,10.36,8.48,17.06,8.03
2026/01/07,tohoku,12.28,12.28,11.3,12.98,10.61,10.34,18.3,9.04
2026/01/07,tokyo,12.89,12.89,11.81,13.42,10.97,10.89,22,9.85
2026/01/08,chubu,12.34,12.34,10.09,11.57,10.83,9.7,21.9,8.14
2026/01/08,chugoku,10.89,10.89,9.24,10.55,9.18,8.94,17.06,8.08
2026/01/08,hokkaido,12.12,12.12,12.83,13.29,10.21,11.61,20,9
2026/01/08,hokuriku,11.19,11.19,9.25,10.56,9.97,8.96,17.06,8.08
2026/01/08,kansai,10.89,10.89,9.25,10.56,9.18,8.96,17.06,8.08
2026/01/08,kyushu,10.67,10.67,8.49,10.03,9.18,7.99,17.06,7.92
2026/01/08,shikoku,6.99,6.99,7.2,7.15,6.44,8.49,9.65,0.01
2026/01/08,system,11.26,11.26,9.34,10.68,10.09,8.92,16.36,8.08
2026/01/08,tohoku,11.32,11.32,10.18,11.43,10.21,9.82,16.56,8.77
2026/01/08,tokyo,12.37,12.37,10.18,11.63,10.83,9.82,21.9,8.77
2026/01/09,chubu,12.22,12.22,10.05,11.95,11.11,9.32,17.06,7.47
2026/01/09,chugoku,11.28,11.28,8.59,10.66,10.06,7.69,17.06,5.5
2026/01/09,hokkaido,11.59,11.59,9.92,11.29,10.79,9.41,17.06,8.6
2026/01/09,hokuriku,11.58,11.58,9.05,10.98,10.52,8.34,17.06,7.47
2026/01/09,kansai,11.41,11.41,9.05,10.98,10.06,8.34,17.06,7.47
2026/01/09,kyushu,11.28,11.28,8.58,10.65,10.06,7.68,17.06,5.5
2026/01/09,shikoku,7.01,7.01,6.87,6.81,6.65,6.61,10.91,1
2026/01/09,system,11.51,11.51,9.22,11,10.55,8.52,16.26,7.61
2026/01/09,tohoku,11.55,11.55,9.8,11.2,10.79,9.24,17.06,8.17
2026/01/09,tokyo,12.22,12.22,10.34,11.94,11.11,9.73,17.06,9.25
2026/01/10,chubu,10.02,10.02,8.41,8.99,10.74,7.91,13.5,6
2026/01/10,chugoku,8.34,8.34,7.19,7.68,8.5,6.97,11,6
2026/01/10,hokkaido,10.5,10.5,10.01,10.11,10.78,9.45,15.59,9.06
2026/01/10,hokuriku,8.34,8.34,7.19,7.68,8.5,6.97,11,6
2026/01/10,kansai,8.34,8.34,7.19,7.68,8.5,6.97,11,6
2026/01/10,kyushu,8.34,8.34,7.19,7.68,8.5,6.97,11,6
2026/01/10,shikoku,5.57,5.57,2.95,3.44,7.3,2.2,9,0.01
2026/01/10,system,9.37,9.37,7.83,8.42,9.97,7.63,11.9,6.98
2026/01/10,tohoku,9.87,9.87,7.99,8.7,10.68,7.36,13.5,5.01
2026/01/10,tokyo,10.26,10.26,9.22,9.56,10.75,9.05,13.5,8.71
2026/01/11,chubu,9.7,9.7,8.44,8.97,9.79,7.95,12,6.71
2026/01/11,chugoku,8.81,8.81,7.71,8.27,8.32,7.6,12,6.71
2026/01/11,hokkaido,9.42,9.42,8.18,8.75,9.65,7.86,10.95,6.09
2026/01/11,hokuriku,8.81,8.81,7.71,8.27,8.32,7.6,12,6.71
2026/01/11,kansai,8.81,8.81,7.71,8.27,8.32,7.6,12,6.71
2026/01/11,kyushu,8.81,8.81,7.71,8.27,8.32,7.6,12,6.71
2026/01/11,shikoku,7.7,7.7,7.59,7.67,6.77,7.6,11.45,6.37
2026/01/11,system,9.43,9.43,8.13,8.72,9.4,7.87,11.5,7.15
2026/01/11,tohoku,9.42,9.42,8.18,8.75,9.65,7.86,10.95,6.09
2026/01/11,tokyo,9.93,9.93,9.22,9.52,9.79,9.06,12,8.83
2026/01/12,chubu,11.62,11.62,9.59,10.85,10.68,9.09,17.19,8.83
2026/01/12,chugoku,9.27,9.27,7.66,8.43,9.01,7.29,13.24,6.44
2026/01/12,hokkaido,10.36,10.36,8.81,9.61,10.3,8.28,13.24,7.22
2026/01/12,hokuriku,9.44,9.44,7.66,8.43,9.47,7.29,13.24,6.44
2026/01/12,kansai,9.27,9.27,7.66,8.43,9.01,7.29,13.24,6.44
2026/01/12,kyushu,9.27,9.27,7.66,8.43,9.01,7.29,13.24,6.44
2026/01/12,shikoku,7.66,7.66,7.07,7.3,7,7.14,11.34,6.37
2026/01/12,system,10.56,10.56,8.53,9.55,10.24,8.02,13.95,7.69
2026/01/12,tohoku,10.31,10.31,8.63,9.48,10.3,8.02,13.24,5.01
2026/01/12,tokyo,11.63,11.63,9.6,10.85,10.68,9.1,17.19,8.83
2026/01/13,chubu,12,12,10.07,11.07,12.14,9.77,20,8.89
2026/01/13,chugoku,9.41,9.41,8.61,9.4,8.42,8.35,13.88,7.73
2026/01/13,hokkaido,12.23,12.23,11.35,11.97,11.78,11.6,20,9.07
2026/01/13,hokuriku,9.41,9.41,8.61,9.4,8.42,8.35,13.88,7.73
2026/01/13,kansai,9.41,9.41,8.61,9.4,8.42,8.35,13.88,7.73
2026/01/13,kyushu,9.36,9.36,8.44,9.28,8.42,8.11,13.88,7.73
2026/01/13,shikoku,6.59,6.59,6.49,6.25,6.91,7.69,9,0.01
2026/01/13,system,10.61,10.61,9.02,10.04,10.35,8.7,14,7.93
2026/01/13,tohoku,11.85,11.85,10.02,11.03,11.81,9.74,20,8.55
2026/01/13,tokyo,11.99,11.99,10.04,11.05,12.14,9.77,20,8.89
2026/01/14,chubu,12.31,12.31,10.53,11.86,11.37,9.88,22.35,8.01
2026/01/14,chugoku,10.82,10.82,7.99,9.44,10.28,7.54,15.02,5.5
2026/01/14,hokkaido,11.87,11.87,10.77,12.03,10.4,10.22,16,9.72
2026/01/14,hokuriku,11.19,11.19,9.06,10.19,10.44,8.85,15.31,8.01
2026/01/14,kansai,11.13,11.13,9.06,10.19,10.28,8.85,15.02,8.01
2026/01/14,kyushu,10.49,10.49,6.85,8.64,10.28,5.95,15.02,1
2026/01/14,shikoku,8.25,8.25,5.63,6.95,7.77,4.4,14.21,0.01
2026/01/14,system,11.55,11.55,9.4,10.77,10.68,8.84,15,7.86
2026/01/14,tohoku,11.87,11.87,10.77,12.03,10.4,10.22,16,9.72
2026/01/14,tokyo,12.17,12.17,10.77,12.03,10.84,10.22,16,9.72
2026/01/15,chubu,12.56,12.56,10.95,12.59,11.51,10.05,20,9.57
2026/01/15,chugoku,9.86,9.86,8.74,9.71,9.37,8.15,17.32,7.93
2026/01/15,hokkaido,12.79,12.79,11.06,12.54,11.62,10.05,20,9.57
2026/01/15,hokuriku,9.87,9.87,8.77,9.72,9.37,8.18,17.32,7.93
2026/01/15,kansai,9.87,9.87,8.77,9.72,9.37,8.18,17.32,7.93
2026/01/15,kyushu,9.83,9.83,8.62,9.62,9.37,7.98,17.32,7.93
2026/01/15,shikoku,8.5,8.5,7.29,8,8.35,6.29,13.52,2
2026/01/15,system,11.43,11.43,10.11,11.35,10.64,9.43,15.53,8.24
2026/01/15,tohoku,12.39,12.39,10.95,12.46,11.38,10.05,20,9.57
2026/01/15,tokyo,12.41,12.41,10.95,12.46,11.41,10.05,20,9.57
2026/01/16,chubu,9.44,9.44,5.53,7.44,10.25,4.24,13.93,3
2026/01/16,chugoku,7.97,7.97,4.35,5.9,8.67,3.24,11.74,0.01
2026/01/16,hokkaido,11.22,11.22,11.4,11.7,10.35,10.46,20,9.1
2026/01/16,hokuriku,8.26,8.26,4.35,5.9,9.44,3.24,11.74,0.01
2026/01/16,kansai,7.97,7.97,4.35,5.9,8.67,3.24,11.74,0.01
2026/01/16,kyushu,7.83,7.83,3.85,5.55,8.67,2.53,11.74,0.01
2026/01/16,shikoku,6.87,6.87,2.05,3.33,8.67,2.36,11.74,0.01
2026/01/16,system,9.74,9.74,7.85,8.74,9.93,7.46,12.44,5.5
2026/01/16,tohoku,10.56,10.56,9.45,10.19,10.25,9.27,13.93,8.92
2026/01/16,tokyo,10.59,10.59,9.45,10.19,10.25,9.27,13.93,8.92
2026/01/17,chubu,8.28,8.28,2.84,5.13,10.15,1.13,13.34,0.02
2026/01/17,chugoku,6.66,6.66,1.59,3.85,8.42,0.72,11,0.01
2026/01/17,hokkaido,13.47,13.47,9.65,12.96,13.02,8.56,30,8.14
2026/01/17,hokuriku,8.28,8.28,2.84,5.13,10.15,1.13,13.34,0.02
2026/01/17,kansai,6.66,6.66,1.59,3.85,8.42,0.72,11,0.01
2026/01/17,kyushu,6.57,6.57,1.29,3.64,8.42,0.31,11,0.01
2026/01/17,shikoku,6.43,6.43,1.37,3.41,8.42,0.72,11,0.01
2026/01/17,system,8.63,8.63,5.3,6.62,9.7,4.1,12.13,1
2026/01/17,tohoku,10.01,10.01,8.63,9.18,10.25,8.22,13.34,7.57
2026/01/17,tokyo,10.01,10.01,8.63,9.18,10.25,8.22,13.34,7.57
2026/01/18,chubu,8.82,8.82,5.64,7.14,9.58,4.4,12.93,3
2026/01/18,chugoku,6.92,6.92,1.5,3.58,8.54,0.53,11.5,0.01
2026/01/18,hokkaido,10.78,10.78,8.36,9.43,10.76,8.07,17.35,7.55
2026/01/18,hokuriku,7.9,7.9,2.47,4.92,9.58,0.89,12.93,0.01
2026/01/18,kansai,6.92,6.92,1.5,3.58,8.54,0.53,11.5,0.01
2026/01/18,kyushu,6.92,6.92,1.5,3.58,8.54,0.53,11.5,0.01
2026/01/18,shikoku,6.68,6.68,0.99,3,8.54,0.53,11.5,0.01
2026/01/18,system,8.33,8.33,4.23,5.87,9.39,2.65,12.62,1
2026/01/18,tohoku,10.01,10.01,7.19,8.51,9.73,6.5,17.35,5.5
2026/01/18,tokyo,10.21,10.21,7.71,8.96,9.73,7.1,17.35,5.5
2026/01/19,chubu,11.75,11.75,8.5,11.3,10.45,7.66,28,5.5
2026/01/19,chugoku,9.63,9.63,8.02,9.26,8.98,7.53,16,5.5
2026/01/19,hokkaido,23.92,23.92,18.01,25.83,21.08,14.17,50,9.31
2026/01/19,hokuriku,10.12,10.12,8.02,9.26,10.17,7.53,17.5,5.5
2026/01/19,kansai,9.63,9.63,8.02,9.26,8.98,7.53,16,5.5
2026/01/19,kyushu,9.62,9.62,8,9.24,8.98,7.53,16,5.5
2026/01/19,shikoku,8.29,8.29,6.34,7.55,8.91,6.99,14.48,0.01
2026/01/19,system,11.32,11.32,9.39,11.16,10.02,8.7,17.5,8
2026/01/19,tohoku,14,14,11.79,14.84,10.45,10.79,28,9.31
2026/01/19,tokyo,14,14,11.79,14.84,10.45,10.79,28,9.31
2026/01/20,chubu,11.95,11.95,10.29,11.87,10.03,9.89,19,8.01
2026/01/20,chugoku,10.8,10.8,10.12,11.27,8.53,9.89,16.04,7.39
2026/01/20,hokkaido,13.63,13.63,13.3,14.6,10.95,12.45,19,9.78
2026/01/20,hokuriku,11.09,11.09,10.18,11.31,8.99,9.89,16.04,7.39
2026/01/20,kansai,10.8,10.8,10.12,11.27,8.53,9.89,16.04,7.39
2026/01/20,kyushu,10.44,10.44,8.88,10.4,8.53,8.33,16.04,7.39
2026/01/20,shikoku,8.14,8.14,7.89,8.65,7.61,7.84,13,7.39
2026/01/20,system,11.49,11.49,10.03,11.54,9.77,9.7,17.22,8.89
2026/01/20,tohoku,12.12,12.12,10.37,12,10.21,9.95,19,8.9
2026/01/20,tokyo,12.19,12.19,10.47,12.07,10.32,10.1,19,9.78
2026/01/21,chubu,14.09,14.09,10.43,13.4,11.89,9.65,25.12,8.43
2026/01/21,chugoku,12.18,12.18,9.96,11.68,10.85,9.6,17.31,8.13
2026/01/21,hokkaido,15.5,15.5,13.65,15.65,13.26,13.05,25.12,9.79
2026/01/21,hokuriku,12.74,12.74,9.96,11.68,11.89,9.6,22,8.13
2026/01/21,kansai,12.18,12.18,9.96,11.68,10.85,9.6,17.31,8.13
2026/01/21,kyushu,11.87,11.87,8.91,10.95,10.85,8.13,17.31,7.92
2026/01/21,shikoku,10.93,10.93,9.11,10.46,10.24,9.6,15.28,7.51
2026/01/21,system,13.37,13.37,10.39,12.71,11.65,9.56,20,8.97
2026/01/21,tohoku,14.26,14.26,10.88,13.71,11.89,10.14,25.12,9.79
2026/01/21,tokyo,14.26,14.26,10.88,13.71,11.89,10.14,25.12,9.79
2026/01/22,chubu,13.88,13.88,11.08,13.15,11.83,10.1,22.37,8.43
2026/01/22,chugoku,13.65,13.65,11.08,13.15,11.24,10.1,22.37,8.43
2026/01/22,hokkaido,16.33,16.33,12.23,15.59,13.33,10.4,30,9.64
2026/01/22,hokuriku,13.88,13.88,11.08,13.15,11.83,10.1,22.37,8.43
2026/01/22,kansai,13.65,13.65,11.08,13.15,11.24,10.1,22.37,8.43
2026/01/22,kyushu,13.65,13.65,11.08,13.15,11.24,10.1,22.37,8.43
2026/01/22,shikoku,10.82,10.82,10.43,10.48,9.88,10.1,15.28,7.55
2026/01/22,system,14,14,10.88,12.86,11.77,10.01,26.96,9.2
2026/01/22,tohoku,13.85,13.85,10.99,13.08,11.83,10.33,22.37,9.49
2026/01/22,tokyo,13.85,13.85,10.99,13.08,11.83,10.33,22.37,9.49
2026/01/23,chubu,13.34,13.34,11.31,13,11.62,10.06,18.39,8.23
2026/01/23,chugoku,13.34,13.34,11.31,13,11.62,10.06,18.39,8.23
2026/01/23,hokkaido,15.18,15.18,14.13,16.6,12.63,13.11,30,9.78
2026/01/23,hokuriku,13.34,13.34,11.31,13,11.62,10.06,18.39,8.23
2026/01/23,kansai,13.34,13.34,11.31,13,11.62,10.06,18.39,8.23
2026/01/23,kyushu,13.34,13.34,11.31,13,11.62,10.06,18.39,8.23
2026/01/23,shikoku,10.23,10.23,8.84,9.26,9.13,9.39,16.01,7.4
2026/01/23,system,13.28,13.28,10.88,12.73,11.54,10.05,18.39,8.6
2026/01/23,tohoku,12.93,12.93,10.93,12.47,11.24,10.3,18.39,9.33
2026/01/23,tokyo,12.93,12.93,10.93,12.47,11.24,10.3,18.39,9.33
2026/01/24,chubu,11.86,11.86,8.73,10.01,12.07,8.4,15.5,8
2026/01/24,chugoku,11.5,11.5,8.65,9.9,11.24,8.3,15.5,8
2026/01/24,hokkaido,13.65,13.65,10.45,12.52,14.05,10.15,20.3,9.92
2026/01/24,hokuriku,11.73,11.73,8.65,9.9,11.85,8.3,15.5,8
2026/01/24,kansai,11.5,11.5,8.65,9.9,11.24,8.3,15.5,8
2026/01/24,kyushu,11.45,11.45,8.47,9.77,11.24,8.16,15.5,8
2026/01/24,shikoku,10.78,10.78,6.59,8.19,11.21,7.11,15.5,0.02
2026/01/24,system,11.93,11.93,9.13,10.33,11.91,8.65,15.5,8.09
2026/01/24,tohoku,12.46,12.46,10.45,11.31,12.23,10.15,15.5,9.92
2026/01/24,tokyo,12.46,12.46,10.45,11.31,12.24,10.15,15.5,9.92
2026/01/25,chubu,11.56,11.56,8.88,9.93,11.41,8.32,16.42,7.25
2026/01/25,chugoku,10.81,10.81,7.99,8.9,10.53,7.89,16.42,7.25
2026/01/25,hokkaido,12.89,12.89,10.34,11.08,13.48,9.99,17.45,9.03
2026/01/25,hokuriku,11.56,11.56,8.88,9.93,11.41,8.32,16.42,7.25
2026/01/25,kansai,10.81,10.81,7.99,8.9,10.53,7.89,16.42,7.25
2026/01/25,kyushu,10.42,10.42,6.67,7.98,10.53,6.09,16.42,2.01
2026/01/25,shikoku,9.95,9.95,7.08,8.06,9.58,6.83,16.42,1
2026/01/25,system,11.52,11.52,8.84,9.81,11.33,8.43,16.42,7.92
2026/01/25,tohoku,12.2,12.2,10.24,11.01,11.73,9.99,16.42,9.03
2026/01/25,tokyo,12.26,12.26,10.45,11.16,11.73,10.28,16.42,10.1
2026/01/26,chubu,16.08,16.08,11.64,16.47,13.26,10.78,45.01,10.34
2026/01/26,chugoku,14.98,14.98,11.25,14.43,12.59,10.34,30,9.23
2026/01/26,hokkaido,16.77,16.77,12.26,17.11,14.02,10.96,45.01,10.34
2026/01/26,hokuriku,15.23,15.23,11.25,14.43,13.26,10.34,30,9.23
2026/01/26,kansai,14.98,14.98,11.25,14.43,12.59,10.34,30,9.23
2026/01/26,kyushu,14.74,14.74,10.42,13.86,12.59,9.19,30,8.23
2026/01/26,shikoku,14.28,14.28,8.84,12.75,12.59,7.74,30,6.46
2026/01/26,system,15.04,15.04,11.14,14.98,12.76,10.34,34.26,9.57
2026/01/26,tohoku,16.42,16.42,12.08,16.86,13.26,10.91,45.01,10.34
2026/01/26,tokyo,16.42,16.42,12.08,16.86,13.26,10.91,45.01,10.34
2026/01/27,chubu,13.84,13.84,11.45,13.42,12.35,10.01,23.58,8.23
2026/01/27,chugoku,12.75,12.75,10.41,12.01,11.51,9.26,18.89,8.23
2026/01/27,hokkaido,19.92,19.92,18.56,21.05,18.32,14.86,44.45,10.5
2026/01/27,hokuriku,13.04,13.04,10.41,12.01,12.27,9.26,18.89,8.23
2026/01/27,kansai,12.75,12.75,10.41,12.01,11.51,9.26,18.89,8.23
2026/01/27,kyushu,12.75,12.75,10.41,12.01,11.51,9.26,18.89,8.23
2026/01/27,shikoku,11.33,11.33,7.26,9.42,10.84,7.09,18.89,6.49
2026/01/27,system,13.5,13.5,11.41,13.08,12.2,10.31,18.89,8.99
2026/01/27,tohoku,14.09,14.09,12.05,13.84,12.4,10.85,25.66,10.38
2026/01/27,tokyo,14.09,14.09,12.05,13.84,12.4,10.85,25.66,10.38
2026/01/28,chubu,13.13,13.13,10.84,12.69,11.76,10.11,19.31,8.75
2026/01/28,chugoku,12.66,12.66,10.67,12.41,10.87,10.11,17.95,8.75
2026/01/28,hokkaido,17.44,17.44,16.04,17.07,17.2,14.02,30,10.15
2026/01/28,hokuriku,13,13,10.67,12.41,11.76,10.11,17.95,8.75
2026/01/28,kansai,12.66,12.66,10.67,12.41,10.87,10.11,17.95,8.75
2026/01/28,kyushu,12.38,12.38,9.69,11.72,10.87,8.74,17.95,8.08
2026/01/28,shikoku,10.26,10.26,7.57,9.04,9.99,7.49,17,6.85
2026/01/28,system,12.99,12.99,10.81,12.53,11.56,10.14,17.3,8.74
2026/01/28,tohoku,13.41,13.41,11.28,12.99,11.76,10.58,20,9.99
2026/01/28,tokyo,13.41,13.41,11.28,12.99,11.76,10.58,20,9.99
2026/01/29,chubu,13.8,13.8,11.11,12.78,12.22,10.37,20,9.85
2026/01/29,chugoku,12.55,12.55,9.94,11.79,10.69,9.27,17.82,8.27
2026/01/29,hokkaido,16.98,16.98,12.68,15.15,17.93,11.09,30,9.85
2026/01/29,hokuriku,13.2,13.2,9.94,11.79,12.22,9.27,20,8.27
2026/01/29,kansai,12.55,12.55,9.94,11.79,10.69,9.27,17.82,8.27
2026/01/29,kyushu,12.38,12.38,9.36,11.38,10.69,8.48,17.82,8.08
2026/01/29,shikoku,11.79,11.79,7.89,10.08,10.69,7.36,17.82,6.78
2026/01/29,system,13.3,13.3,10.56,12.35,11.88,9.86,18.2,8.23
2026/01/29,tohoku,13.8,13.8,11.11,12.78,12.22,10.37,20,9.85
2026/01/29,tokyo,13.8,13.8,11.11,12.78,12.22,10.37,20,9.85
2026/01/30,chubu,13.77,13.77,11.51,13.15,12.46,10.63,19.9,8.99
2026/01/30,chugoku,13.49,13.49,11.27,12.98,11.99,10.58,19.9,8.99
2026/01/30,hokkaido,15.25,15.25,11.68,13.27,16.27,10.88,19.91,10.22
2026/01/30,hokuriku,13.7,13.7,11.27,12.98,12.46,10.58,19.9,8.99
2026/01/30,kansai,13.49,13.49,11.27,12.98,11.99,10.58,19.9,8.99
2026/01/30,kyushu,13.04,13.04,9.73,11.91,11.99,8.66,19.9,8.08
2026/01/30,shikoku,13.19,13.19,10.25,12.27,11.99,9.36,19.9,7.59
2026/01/30,system,13.66,13.66,11.36,13.05,12.26,10.53,19.9,9.98
2026/01/30,tohoku,13.8,13.8,11.68,13.27,12.4,10.88,19.9,10.22
2026/01/30,tokyo,13.8,13.8,11.68,13.27,12.4,10.88,19.9,10.22
2026/01/31,chubu,11.53,11.53,8.91,10,11.74,8.44,15,7.87
2026/01/31,chugoku,11.43,11.43,8.82,9.86,11.64,8.4,15,7.87
2026/01/31,hokkaido,13.51,13.51,10.69,12.06,14.19,10.47,20,9.83
2026/01/31,hokuriku,11.53,11.53,8.91,10,11.74,8.44,15,7.87
2026/01/31,kansai,11.43,11.43,8.82,9.86,11.64,8.4,15,7.87
2026/01/31,kyushu,11.43,11.43,8.82,9.85,11.64,8.39,15,7.87
2026/01/31,shikoku,11.24,11.24,8.15,9.39,11.64,7.67,15,7.45
2026/01/31,system,11.53,11.53,8.95,10,11.7,8.55,15,7.93
2026/01/31,tohoku,11.66,11.66,9.37,10.32,11.74,9.09,15,8.01
2026/01/31,tokyo,11.66,11.66,9.37,10.32,11.74,9.09,15,8.01
2026/02/01,chubu,10.67,10.67,8.49,9.29,11.32,7.96,13.55,6.86
2026/02/01,chugoku,10.06,10.06,7.61,8.3,10.78,7.52,13.55,6.86
2026/02/01,hokkaido,10.93,10.93,9.01,9.68,11.53,8.72,15.01,7.85
2026/02/01,hokuriku,10.67,10.67,8.49,9.29,11.32,7.96,13.55,6.86
2026/02/01,kansai,10.06,10.06,7.61,8.3,10.78,7.52,13.55,6.86
2026/02/01,kyushu,10.05,10.05,7.6,8.29,10.78,7.52,13.55,6.86
2026/02/01,shikoku,8.52,8.52,6.31,7.06,9.86,6.74,11.64,0.02
2026/02/01,system,10.48,10.48,8.14,8.92,11.24,7.92,13.5,7.75
2026/02/01,tohoku,10.78,10.78,8.78,9.51,11.32,8.36,13.55,7.11
2026/02/01,tokyo,10.78,10.78,8.78,9.51,11.32,8.36,13.55,7.11
2026/02/02,chubu,12.7,12.7,10.02,11.89,11.75,8.97,17.3,8.27
2026/02/02,chugoku,12.59,12.59,10.02,11.89,11.66,8.97,17.23,8.27
2026/02/02,hokkaido,12.92,12.92,10.77,12.41,11.75,10.16,17.3,9.72
2026/02/02,hokuriku,12.67,12.67,10.02,11.89,11.66,8.97,17.3,8.27
2026/02/02,kansai,12.59,12.59,10.02,11.89,11.66,8.97,17.23,8.27
2026/02/02,kyushu,12.55,12.55,9.86,11.78,11.66,8.75,17.23,7.88
2026/02/02,shikoku,8.26,8.26,5.2,6.69,9.04,4.3,13.89,0.01
2026/02/02,system,12.49,12.49,9.85,11.69,11.61,8.91,17.04,8.04
2026/02/02,tohoku,12.92,12.92,10.77,12.41,11.75,10.16,17.3,9.72
2026/02/02,tokyo,12.92,12.92,10.77,12.41,11.75,10.16,17.3,9.72
2026/02/03,chubu,13.23,13.23,10.7,12.29,12.46,10.11,17.76,8.94
2026/02/03,chugoku,13.2,13.2,10.6,12.22,12.46,10.05,17.76,8.94
2026/02/03,hokkaido,12.91,12.91,10.75,12.16,12.2,10.2,17.76,9.26
2026/02/03,hokuriku,13.2,13.2,10.6,12.22,12.46,10.05,17.76,8.94
2026/02/03,kansai,13.2,13.2,10.6,12.22,12.46,10.05,17.76,8.94
2026/02/03,kyushu,12.61,12.61,8.67,10.81,12.46,7.65,17.76,4.01
2026/02/03,shikoku,7.94,7.94,2.32,4.54,8.59,1.22,14.33,0.01
2026/02/03,system,12.71,12.71,9.87,11.59,12.1,9.11,17.49,8.01
2026/02/03,tohoku,12.78,12.78,10.75,12.16,11.85,10.2,17.76,9.26
2026/02/03,tokyo,12.78,12.78,10.75,12.16,11.85,10.2,17.76,9.26
2026/02/04,chubu,12.68,12.68,10.09,11.6,12.77,9.26,16.12,7.88
2026/02/04,chugoku,12.49,12.49,9.79,11.14,12.77,9.16,16.12,7.88
2026/02/04,hokkaido,11.9,11.9,9.52,11.01,11.42,8.83,15.54,7.88
2026/02/04,hokuriku,12.49,12.49,9.79,11.14,12.77,9.16,16.12,7.88
2026/02/04,kansai,12.49,12.49,9.79,11.14,12.77,9.16,16.12,7.88
2026/02/04,kyushu,12.3,12.3,9.13,10.68,12.77,8.4,16.12,7.88
2026/02/04,shikoku,10.4,10.4,9.33,9.25,10.93,8.71,14.8,7.29
2026/02/04,system,11.87,11.87,9.15,10.74,11.63,8.38,15.61,7.5
2026/02/04,tohoku,11.9,11.9,9.52,11.01,11.42,8.83,15.54,7.88
2026/02/04,tokyo,12.01,12.01,9.87,11.25,11.42,9.26,15.54,7.88
2026/02/05,chubu,11.91,11.91,10.09,11.4,11.48,9.46,15.61,8.04
2026/02/05,chugoku,11.12,11.12,9.26,10.17,11.02,8.87,15.5,8.04
2026/02/05,hokkaido,11.85,11.85,9.98,11.23,11.48,9.46,15.61,8.04
2026/02/05,hokuriku,11.22,11.22,9.26,10.17,11.29,8.87,15.61,8.04
2026/02/05,kansai,11.12,11.12,9.26,10.17,11.02,8.87,15.5,8.04
2026/02/05,kyushu,11.05,11.05,9.03,10.01,11.02,8.55,15.5,8.04
2026/02/05,shikoku,8.38,8.38,8.72,8.43,8.65,8.87,12,7
2026/02/05,system,11.43,11.43,9.39,10.61,11.3,8.87,15.02,7.76
2026/02/05,tohoku,11.85,11.85,9.98,11.23,11.48,9.46,15.61,8.04
2026/02/05,tokyo,11.85,11.85,9.98,11.23,11.48,9.46,15.61,8.04
2026/02/06,chubu,10.39,10.39,8.79,9.48,10.57,8.7,12.45,8.04
2026/02/06,chugoku,10.13,10.13,8.32,9.14,10.26,8.05,12.45,7.84
2026/02/06,hokkaido,10.57,10.57,9.5,10.1,10.46,9.37,12.42,8.12
2026/02/06,hokuriku,10.24,10.24,8.32,9.14,10.57,8.05,12.45,7.84
2026/02/06,kansai,10.13,10.13,8.32,9.14,10.26,8.05,12.45,7.84
2026/02/06,kyushu,10.13,10.13,8.32,9.14,10.26,8.05,12.45,7.84
2026/02/06,shikoku,7.76,7.76,8.1,7.92,7.48,8.05,10.8,6.74
2026/02/06,system,10.15,10.15,8.33,9.22,10.3,8.04,12.24,7.62
2026/02/06,tohoku,10.53,10.53,9.36,10,10.46,9.37,12.42,8.12
2026/02/06,tokyo,10.61,10.61,9.38,10.02,10.57,9.37,12.45,8.12
2026/02/07,chubu,11.23,11.23,9.2,10.04,11.49,8.76,14.5,7.76
2026/02/07,chugoku,9.77,9.77,8.34,8.94,8.91,8.26,14.5,7.76
2026/02/07,hokkaido,12.09,12.09,10.76,11.56,11.53,10.16,15,9.7
2026/02/07,hokuriku,11.16,11.16,9.2,9.99,11.19,8.76,17,7.76
2026/02/07,kansai,9.77,9.77,8.34,8.94,8.91,8.26,14.5,7.76
2026/02/07,kyushu,9.04,9.04,5.87,7.21,8.91,5.01,14.5,1.01
2026/02/07,shikoku,7.28,7.28,3.98,4.99,8.11,3.98,11.92,0.01
2026/02/07,system,11.01,11.01,8.99,9.98,10.67,8.54,14.6,8.07
2026/02/07,tohoku,12.09,12.09,10.76,11.56,11.53,10.16,15,9.7
2026/02/07,tokyo,12.28,12.28,11.41,12.01,11.53,11.07,15,9.98
2026/02/08,chubu,11.71,11.71,8.7,9.71,11.55,8.36,18.12,7.28
2026/02/08,chugoku,10.5,10.5,7.89,9.05,9.28,7.67,16.97,6.01
2026/02/08,hokkaido,13.64,13.64,11.18,12.33,13.28,10.43,20,9.62
2026/02/08,hokuriku,11.71,11.71,8.7,9.71,11.55,8.36,18.12,7.28
2026/02/08,kansai,10.5,10.5,7.89,9.05,9.28,7.67,16.97,6.01
2026/02/08,kyushu,10.43,10.43,7.66,8.89,9.28,7.41,16.97,6.01
2026/02/08,shikoku,7.17,7.17,5.09,5.8,7.42,6.19,11.99,0.01
2026/02/08,system,12.01,12.01,9.03,10.32,11.66,8.43,18.1,8.12
2026/02/08,tohoku,13.42,13.42,11.18,12.33,12.7,10.43,20,9.62
2026/02/08,tokyo,13.73,13.73,12.23,13.07,12.7,11.9,20,10.61
2026/02/09,chubu,14.72,14.72,12.57,13.91,13.52,11.88,20.21,10
2026/02/09,chugoku,14.28,14.28,12.42,13.65,12.73,11.8,20.21,10
2026/02/09,hokkaido,13.98,13.98,11.42,13.11,12.82,10.62,20.21,9.7
2026/02/09,hokuriku,14.6,14.6,12.42,13.65,13.49,11.8,20.21,10
2026/02/09,kansai,14.28,14.28,12.42,13.65,12.73,11.8,20.21,10
2026/02/09,kyushu,13.03,13.03,8.33,10.65,12.73,6.75,20.21,2.5
2026/02/09,shikoku,9.94,9.94,7.2,7.57,10,7.49,15.64,4
2026/02/09,system,13.65,13.65,10.55,12.26,12.93,9.67,18.73,8.47
2026/02/09,tohoku,13.98,13.98,11.42,13.11,12.82,10.62,20.21,9.7
2026/02/09,tokyo,14.61,14.61,12.18,13.64,13.52,11.4,20.21,10
2026/02/10,chubu,14.51,14.51,13.11,14.18,13.5,11.98,22.21,10.5
2026/02/10,chugoku,14.35,14.35,13.11,14.18,13.08,11.98,22.21,8.59
2026/02/10,hokkaido,13.3,13.3,11.17,12.52,12.54,10.6,19.5,9.34
2026/02/10,hokuriku,14.37,14.37,13.11,14.18,13.14,11.98,22.21,8.59
2026/02/10,kansai,14.35,14.35,13.11,14.18,13.08,11.98,22.21,8.59
2026/02/10,kyushu,14.35,14.35,13.11,14.18,13.08,11.98,22.21,8.59
2026/02/10,shikoku,11.36,11.36,9.77,9.85,12.69,10.82,15,7
2026/02/10,system,13.83,13.83,11.91,13.25,12.88,11.14,19.8,9.96
2026/02/10,tohoku,13.3,13.3,11.17,12.52,12.54,10.6,19.5,9.34
2026/02/10,tokyo,13.72,13.72,11.81,13.15,12.74,11.3,19.5,10.5
2026/02/11,chubu,12.78,12.78,12.15,13.13,11.41,11.22,19.5,7.76
2026/02/11,chugoku,10.33,10.33,8.94,9.33,9.93,8.74,14,7.76
2026/02/11,hokkaido,13.24,13.24,13.95,14.35,11.31,13.41,19.5,10.38
2026/02/11,hokuriku,12.57,12.57,12.15,13.03,11.09,11.22,19.5,7.76
2026/02/11,kansai,10.33,10.33,8.94,9.33,9.93,8.74,14,7.76
2026/02/11,kyushu,10,10,7.9,8.53,9.93,7.84,14,7.76
2026/02/11,shikoku,8.88,8.88,7.85,8.14,9.93,7.94,12,6.65
2026/02/11,system,11.85,11.85,10.77,11.62,11.05,10.11,16.02,8.59
2026/02/11,tohoku,13.24,13.24,13.95,14.35,11.31,13.41,19.5,10.38
2026/02/11,tokyo,13.28,13.28,13.95,14.35,11.41,13.41,19.5,10.38
2026/02/12,chubu,11.41,11.41,8.44,9.67,11.76,8.23,15.5,7.49
2026/02/12,chugoku,11.22,11.22,8.27,9.4,11.59,8,15.48,7.49
2026/02/12,hokkaido,11.73,11.73,9.05,10.27,11.95,8.59,15.5,7.5
2026/02/12,hokuriku,11.26,11.26,8.27,9.4,11.68,8,15.48,7.49
2026/02/12,kansai,11.22,11.22,8.27,9.4,11.59,8,15.48,7.49
2026/02/12,kyushu,9.8,9.8,3.49,5.99,11.59,1.64,15.48,0.01
2026/02/12,shikoku,9.13,9.13,7.46,7.6,11.01,7.67,15.03,5
2026/02/12,system,11.18,11.18,8.17,9.39,11.76,7.94,15.48,7.55
2026/02/12,tohoku,11.66,11.66,9.05,10.27,11.77,8.59,15.5,7.5
2026/02/12,tokyo,12.04,12.04,10.24,11.12,11.82,10.19,15.5,9.53
2026/02/13,chubu,11,11,6.77,8.84,11.89,5.79,16.62,1
2026/02/13,chugoku,10.51,10.51,6.49,8.02,11.63,5.65,16.62,1
2026/02/13,hokkaido,13.1,13.1,9.53,12.05,11.88,9.07,35.68,7.5
2026/02/13,hokuriku,10.55,10.55,6.49,8.02,11.74,5.65,16.62,1
2026/02/13,kansai,10.51,10.51,6.49,8.02,11.63,5.65,16.62,1
2026/02/13,kyushu,9.6,9.6,3.39,5.84,11.63,1.62,16.62,0.01
2026/02/13,shikoku,8.08,8.08,5.9,6.2,9.03,5.5,12.29,0.01
2026/02/13,system,11.08,11.08,8.2,9.49,11.67,7.83,15.8,6.71
2026/02/13,tohoku,11.84,11.84,9.62,10.84,11.88,9.09,16.62,7.5
2026/02/13,tokyo,12.21,12.21,10.91,11.74,11.89,10.73,16.62,10
2026/02/14,chubu,9.81,9.81,7.48,8.26,10.8,7.12,12,5.1
2026/02/14,chugoku,9.64,9.64,7.48,8.19,10.4,7.12,12,5.1
2026/02/14,hokkaido,10.32,10.32,8.46,9.23,10.93,8.14,12,7.93
2026/02/14,hokuriku,9.81,9.81,7.48,8.26,10.8,7.12,12,5.1
2026/02/14,kansai,9.64,9.64,7.48,8.19,10.4,7.12,12,5.1
2026/02/14,kyushu,9.54,9.54,7.15,7.96,10.4,6.87,12,5.1
2026/02/14,shikoku,7.53,7.53,2.8,4.35,10.39,1.65,12,0.01
2026/02/14,system,9.87,9.87,7.53,8.36,10.76,7.12,12.3,5.1
2026/02/14,tohoku,10.18,10.18,7.96,8.88,10.93,7.46,12,5.5
2026/02/14,tokyo,10.23,10.23,8.14,9.01,10.93,7.71,12,5.5
2026/02/15,chubu,8.21,8.21,3.36,5.12,10.29,2.27,10.89,0.1
2026/02/15,chugoku,6.81,6.81,3.07,4.48,8.47,1.86,8.89,0.1
2026/02/15,hokkaido,9.66,9.66,8.33,8.5,10.41,8.33,10.89,7.75
2026/02/15,hokuriku,7.56,7.56,3.07,4.5,10.13,1.86,10.89,0.1
2026/02/15,kansai,6.81,6.81,3.07,4.48,8.47,1.86,8.89,0.1
2026/02/15,kyushu,6.81,6.81,3.07,4.48,8.47,1.86,8.89,0.1
2026/02/15,shikoku,5.93,5.93,1.67,2.99,8.27,0.9,8.89,0.01
2026/02/15,system,7.93,7.93,3.65,5.15,9.97,2.53,10.85,0.1
2026/02/15,tohoku,8.38,8.38,3.79,5.43,10.41,2.37,10.89,0.1
2026/02/15,tokyo,8.4,8.4,3.79,5.43,10.45,2.37,10.89,0.1
2026/02/16,chubu,10.29,10.29,8.93,9.63,10.19,8.78,12.54,7.77
2026/02/16,chugoku,9.66,9.66,8.78,9.32,8.87,8.57,12.54,7.77
2026/02/16,hokkaido,10.45,10.45,9.4,9.98,10.21,9.08,12.54,7.93
2026/02/16,hokuriku,10,10,8.78,9.32,9.79,8.57,12.54,7.77
2026/02/16,kansai,9.66,9.66,8.78,9.32,8.87,8.57,12.54,7.77
2026/02/16,kyushu,9.43,9.43,8.05,8.78,8.87,7.81,12.54,7.7
2026/02/16,shikoku,6.65,6.65,4.23,5.04,7.5,4.8,10.15,0.01
2026/02/16,system,10.06,10.06,8.71,9.4,9.89,8.35,12.38,7.7
2026/02/16,tohoku,10.44,10.44,9.38,9.97,10.19,9.06,12.54,7.77
2026/02/16,tokyo,10.44,10.44,9.4,9.98,10.19,9.08,12.54,7.77
2026/02/17,chubu,11.02,11.02,9.23,10.26,11.03,8.49,15.3,6.5
2026/02/17,chugoku,10.06,10.06,7.59,8.53,10.5,6.95,13.66,3
2026/02/17,hokkaido,11.12,11.12,8.87,10,11.22,8.41,15.3,7
2026/02/17,hokuriku,10.4,10.4,8.57,9.22,10.63,8.05,13.66,6.5
2026/02/17,kansai,10.35,10.35,8.57,9.22,10.5,8.05,13.66,6.5
2026/02/17,kyushu,8.79,8.79,3.22,5.48,10.5,2.07,13.66,0.01
2026/02/17,shikoku,7.89,7.89,6.06,6.5,9.05,5.47,12,0.02
2026/02/17,system,10.56,10.56,8.42,9.3,10.94,7.94,13.93,6.86
2026/02/17,tohoku,11.12,11.12,8.88,10.01,11.22,8.41,15.3,7
2026/02/17,tokyo,11.66,11.66,10.61,11.28,11.22,10.32,15.3,9.78
2026/02/18,chubu,10.35,10.35,8.36,9.12,10.78,7.84,12.67,5.63
2026/02/18,chugoku,10.03,10.03,7.45,8.39,10.73,6.98,12.67,3
2026/02/18,hokkaido,10.64,10.64,8.98,9.81,10.78,8.44,12.83,7.93
2026/02/18,hokuriku,10.22,10.22,8.02,8.79,10.78,7.69,12.67,5.63
2026/02/18,kansai,10.2,10.2,8.02,8.79,10.73,7.69,12.67,5.63
2026/02/18,kyushu,8.33,8.33,1.89,4.31,10.73,0.21,12.67,0.01
2026/02/18,shikoku,7.02,7.02,3.59,4.36,9.39,3.68,11,0.01
2026/02/18,system,10.11,10.11,7.62,8.61,10.78,7.25,12.67,5
2026/02/18,tohoku,10.6,10.6,8.84,9.71,10.78,8.28,12.83,7
2026/02/18,tokyo,10.84,10.84,9.58,10.23,10.84,9.32,12.83,8.61
2026/02/19,chubu,11.04,11.04,8.96,10.05,10.85,8.57,14.21,6.5
2026/02/19,chugoku,10.83,10.83,8.27,9.55,10.85,7.81,14.21,4.08
2026/02/19,hokkaido,11.18,11.18,9.44,10.38,10.85,9.02,14.21,8
2026/02/19,hokuriku,11.01,11.01,8.91,10,10.85,8.5,14.21,6.5
2026/02/19,kansai,11.01,11.01,8.91,10,10.85,8.5,14.21,6.5
2026/02/19,kyushu,9.93,9.93,5.66,7.39,10.85,4.72,14.21,0.01
2026/02/19,shikoku,9.52,9.52,6.64,7.92,10.44,6.07,13.87,2.01
2026/02/19,system,10.81,10.81,8.49,9.54,10.83,8.06,14.17,6.98
2026/02/19,tohoku,11.18,11.18,9.44,10.38,10.85,9.02,14.21,8
2026/02/19,tokyo,11.2,11.2,9.53,10.45,10.85,9.14,14.21,8
2026/02/20,chubu,11.4,11.4,10.39,10.92,11.3,9.91,14.01,8
2026/02/20,chugoku,11,11,9.63,10.18,11.08,9.3,14.01,8
2026/02/20,hokkaido,10.89,10.89,8.61,9.67,11.33,8.03,14.01,7
2026/02/20,hokuriku,11.08,11.08,9.63,10.18,11.3,9.3,14.01,8
2026/02/20,kansai,11,11,9.63,10.18,11.08,9.3,14.01,8
2026/02/20,kyushu,9.8,9.8,5.62,7.28,11.08,4.27,14.01,0.01
2026/02/20,shikoku,9.7,9.7,9.43,9.61,10.29,9.3,12.54,7.25
2026/02/20,system,10.78,10.78,8.95,9.73,11.2,8.47,13.5,8
2026/02/20,tohoku,10.89,10.89,8.63,9.68,11.33,8.07,14.01,7
2026/02/20,tokyo,11.54,11.54,10.84,11.24,11.33,10.53,14.01,9.78
2026/02/21,chubu,8.6,8.6,4.3,5.66,10.76,3.59,11.49,1
2026/02/21,chugoku,8.41,8.41,4.21,5.51,10.42,3.58,11.49,1
2026/02/21,hokkaido,8.97,8.97,5.21,6.48,10.76,4.05,11.49,1
2026/02/21,hokuriku,8.6,8.6,4.3,5.66,10.76,3.59,11.49,1
2026/02/21,kansai,8.44,8.44,4.3,5.57,10.42,3.59,11.49,1
2026/02/21,kyushu,7.53,7.53,1.21,3.4,10.42,0.01,11.49,0.01
2026/02/21,shikoku,7.69,7.69,2.53,4.21,10.28,1.22,11.49,0.01
2026/02/21,system,8.26,8.26,3.09,4.9,10.65,1.83,11.49,0.01
2026/02/21,tohoku,8.9,8.9,4.97,6.31,10.76,4.05,11.49,1
2026/02/21,tokyo,8.9,8.9,4.97,6.31,10.76,4.05,11.49,1
2026/02/22,chubu,8.06,8.06,3.04,5.08,10.07,1.69,10.57,0.02
2026/02/22,chugoku,6.53,6.53,2.51,4.07,8.43,1.65,8.88,0.02
2026/02/22,hokkaido,8.09,8.09,3.29,5.21,10.05,1.65,10.57,0.02
2026/02/22,hokuriku,7.85,7.85,2.51,4.57,10.07,1.65,10.57,0.02
2026/02/22,kansai,6.53,6.53,2.51,4.07,8.43,1.65,8.88,0.02
2026/02/22,kyushu,6.35,6.35,1.91,3.66,8.43,0.81,8.88,0.01
2026/02/22,shikoku,6.24,6.24,2.12,3.74,8.32,1.11,8.88,0.02
2026/02/22,system,7.34,7.34,2.84,4.61,9.26,1.48,10.38,0.01
2026/02/22,tohoku,8.14,8.14,3.32,5.28,10.05,1.69,10.57,0.02
2026/02/22,tokyo,8.14,8.14,3.32,5.28,10.07,1.69,10.57,0.02
2026/02/23,chubu,7.73,7.73,3,4.99,9.4,1.6,10.57,0.01
2026/02/23,chugoku,6.86,6.86,2.29,4.08,8.32,1.6,10.57,0.01
2026/02/23,hokkaido,7.62,7.62,3.01,4.89,9.27,1.6,10.57,0.01
2026/02/23,hokuriku,7.49,7.49,2.29,4.42,9.4,1.6,10.57,0.01
2026/02/23,kansai,6.86,6.86,2.29,4.08,8.32,1.6,10.57,0.01
2026/02/23,kyushu,6.39,6.39,0.69,2.95,8.32,0.01,10.57,0.01
2026/02/23,shikoku,6.03,6.03,1.45,3.27,8.26,0.41,8.8,0.01
2026/02/23,system,7.17,7.17,2,4.08,9.06,0.53,10.59,0.01
2026/02/23,tohoku,7.72,7.72,3.07,5.04,9.32,1.6,10.57,0.01
2026/02/23,tokyo,7.76,7.76,3.07,5.04,9.43,1.6,10.57,0.01
2026/02/24,chubu,9.68,9.68,8.51,9.01,9.95,8.22,11.66,6.21
2026/02/24,chugoku,9.32,9.32,7.82,8.53,9.54,7.55,11,6.21
2026/02/24,hokkaido,9.59,9.59,7.93,8.73,9.94,7.31,11.05,5
2026/02/24,hokuriku,9.48,9.48,7.82,8.53,9.95,7.55,11.66,6.21
2026/02/24,kansai,9.32,9.32,7.82,8.53,9.54,7.55,11,6.21
2026/02/24,kyushu,9.32,9.32,7.82,8.53,9.54,7.55,11,6.21
2026/02/24,shikoku,8.02,8.02,6.9,7,9.2,7.26,10.76,2.5
2026/02/24,system,9.6,9.6,8.38,9,9.75,8.04,10.77,7.59
2026/02/24,tohoku,9.63,9.63,7.99,8.82,9.94,7.36,11.05,5
2026/02/24,tokyo,10.12,10.12,9.67,10,9.94,9.44,11.05,9.02
2026/02/25,chubu,10.69,10.69,11.52,11.77,9.47,11.19,13.45,8.14
2026/02/25,chugoku,9.76,9.76,10.76,10.73,8.5,10.65,12.38,8.04
2026/02/25,hokkaido,10.63,10.63,10.33,11.07,9.81,9.52,15.43,8.85
2026/02/25,hokuriku,9.98,9.98,10.76,10.73,8.99,10.65,12.38,8.04
2026/02/25,kansai,9.76,9.76,10.76,10.73,8.5,10.65,12.38,8.04
2026/02/25,kyushu,9.62,9.62,10.28,10.4,8.5,10.09,12.38,8.04
2026/02/25,shikoku,7.66,7.66,7.41,7.5,7.51,7.43,9.27,7.18
2026/02/25,system,10.53,10.53,11.35,11.45,9.33,11.13,13.01,8.81
2026/02/25,tohoku,10.9,10.9,11.52,11.77,9.73,11.19,13.45,9.23
2026/02/25,tokyo,10.9,10.9,11.52,11.77,9.73,11.19,13.45,9.23
2026/02/26,chubu,8.66,8.66,5.72,7.01,9.7,4.59,10.93,0.05
2026/02/26,chugoku,7.76,7.76,5.3,6.15,8.95,4.4,10.25,0.05
2026/02/26,hokkaido,10.31,10.31,9.82,10.25,9.99,9.56,12,9.19
2026/02/26,hokuriku,7.91,7.91,5.3,6.15,9.23,4.4,10.77,0.05
2026/02/26,kansai,7.76,7.76,5.3,6.15,8.95,4.4,10.25,0.05
2026/02/26,kyushu,7.76,7.76,5.3,6.15,8.95,4.4,10.25,0.05
2026/02/26,shikoku,6.95,6.95,5.22,5.81,7.91,4.4,9.27,0.05
2026/02/26,system,9.28,9.28,7.9,8.43,9.55,7.69,10.86,6.21
2026/02/26,tohoku,10.35,10.35,9.98,10.36,9.97,9.79,12,9.21
2026/02/26,tokyo,10.35,10.35,9.98,10.36,9.97,9.79,12,9.21
2026/02/27,chubu,9.4,9.4,9.33,9.46,8.92,9.1,10.77,7.52
2026/02/27,chugoku,9,9,9.33,9.46,8.27,9.1,10.5,7.52
2026/02/27,hokkaido,10.35,10.35,9.92,10.46,9.77,9.54,12.36,9.04
2026/02/27,hokuriku,9,9,9.33,9.46,8.27,9.1,10.5,7.52
2026/02/27,kansai,9,9,9.33,9.46,8.27,9.1,10.5,7.52
2026/02/27,kyushu,9,9,9.33,9.46,8.27,9.1,10.5,7.52
2026/02/27,shikoku,8.5,8.5,9.33,9.15,8.19,9.1,10.26,7.34
2026/02/27,system,9.48,9.48,9.31,9.64,8.92,9.1,11,8.3
2026/02/27,tohoku,10.3,10.3,9.91,10.46,9.64,9.53,12.36,9.04
2026/02/27,tokyo,10.3,10.3,9.91,10.46,9.64,9.53,12.36,9.04
2026/02/28,chubu,7.35,7.35,2.72,4.01,9.99,2.86,11.8,1.76
2026/02/28,chugoku,6.31,6.31,2.72,3.91,7.77,2.86,9.74,1.76
2026/02/28,hokkaido,9.62,9.62,8.12,8.75,10.15,7.95,15.02,3
2026/02/28,hokuriku,6.31,6.31,2.72,3.91,7.77,2.86,9.74,1.76
2026/02/28,kansai,6.31,6.31,2.72,3.91,7.77,2.86,9.74,1.76
2026/02/28,kyushu,5.67,5.67,0.54,2.39,7.77,0.01,9.74,0.01
2026/02/28,shikoku,5.43,5.43,0.79,2.13,7.77,0.56,9.19,0.01
2026/02/28,system,7.19,7.19,2.51,4.25,9.18,1.6,10,0.1
2026/02/28,tohoku,8.81,8.81,5.29,6.77,10.19,4.48,15.02,2
2026/02/28,tokyo,9.04,9.04,5.29,7.06,10.37,4.48,15.02,2
2026/03/01,chubu,6.75,6.75,0.92,2.82,9.34,0.47,11.01,0.01
2026/03/01,chugoku,5.61,5.61,0.26,1.63,8.35,0.21,9,0.01
2026/03/01,hokkaido,7.28,7.28,1.15,3,9.83,0.01,12.92,0.01
2026/03/01,hokuriku,5.61,5.61,0.26,1.63,8.35,0.21,9,0.01
2026/03/01,kansai,5.61,5.61,0.26,1.63,8.35,0.21,9,0.01
2026/03/01,kyushu,5.55,5.55,0.05,1.48,8.35,0.01,9,0.01
2026/03/01,shikoku,5.54,5.54,0.05,1.49,8.32,0.01,9,0.01
2026/03/01,system,6.51,6.51,0.23,2.28,9.3,0.02,10.52,0.01
2026/03/01,tohoku,6.98,6.98,0.31,2.11,9.86,0.01,12.92,0.01
2026/03/01,tokyo,7.47,7.47,0.95,3.26,9.86,0.5,12.92,0.01
2026/03/02,chubu,9.51,9.51,8.72,9.03,9.74,8.26,10.68,6.8
2026/03/02,chugoku,9.01,9.01,8.72,9.03,8.4,8.26,10.62,6.8
2026/03/02,hokkaido,10.58,10.58,7.09,8.8,10.49,6.19,17.79,3
2026/03/02,hokuriku,9.01,9.01,8.72,9.03,8.4,8.26,10.62,6.8
2026/03/02,kansai,9.01,9.01,8.72,9.03,8.4,8.26,10.62,6.8
2026/03/02,kyushu,9.01,9.01,8.72,9.03,8.4,8.26,10.62,6.8
2026/03/02,shikoku,7.1,7.1,4.34,5.41,8.13,3.79,9.5,0.02
2026/03/02,system,10.05,10.05,8.67,9.46,9.75,8.28,12.63,7.62
2026/03/02,tohoku,10.71,10.71,7.09,8.93,10.5,6.19,17.79,3
2026/03/02,tokyo,11.62,11.62,10.02,11.12,10.5,9.8,17.79,8.53
2026/03/03,chubu,10.66,10.66,11.48,11.58,9.04,11.41,12.97,7.88
2026/03/03,chugoku,10.24,10.24,10.98,10.95,8.82,10.96,12.97,7.88
2026/03/03,hokkaido,13.31,13.31,15.13,15.05,11.3,13.73,25.84,10.55
2026/03/03,hokuriku,10.24,10.24,10.98,10.95,8.82,10.96,12.97,7.88
2026/03/03,kansai,10.24,10.24,10.98,10.95,8.82,10.96,12.97,7.88
2026/03/03,kyushu,9.41,9.41,8.19,8.96,8.82,8.12,12.97,7.88
2026/03/03,shikoku,6.51,6.51,3.19,4.52,7.96,2.36,8.55,0.02
2026/03/03,system,11.49,11.49,11.57,12.02,10.45,11.16,15,9.92
2026/03/03,tohoku,13.31,13.31,15.13,15.05,11.3,13.73,25.84,10.55
2026/03/03,tokyo,13.31,13.31,15.13,15.05,11.3,13.73,25.84,10.55
2026/03/04,chubu,10.24,10.24,8.89,9.55,9.68,8.32,14.01,6.8
2026/03/04,chugoku,10.14,10.14,8.55,9.31,9.68,8.02,14.01,6.8
2026/03/04,hokkaido,12.16,12.16,11.93,12.63,11.01,11.19,18.01,10.2
2026/03/04,hokuriku,10.24,10.24,8.89,9.55,9.68,8.32,14.01,6.8
2026/03/04,kansai,10.24,10.24,8.89,9.55,9.68,8.32,14.01,6.8
2026/03/04,kyushu,8.77,8.77,4.38,6.04,9.68,2.84,14.01,0.01
2026/03/04,shikoku,5.7,5.7,1.76,2.84,7.64,0.83,8.89,0.01
2026/03/04,system,10.76,10.76,9.15,9.95,10.5,8.73,13.89,8.08
2026/03/04,tohoku,12.16,12.16,11.93,12.63,11.01,11.19,18.01,10.2
2026/03/04,tokyo,12.16,12.16,11.93,12.63,11.01,11.19,18.01,10.2
2026/03/05,chubu,9.67,9.67,7.61,8.35,9.79,7.21,13.84,4.5
2026/03/05,chugoku,9.59,9.59,7.32,8.15,9.79,6.91,13.84,3.01
2026/03/05,hokkaido,11.17,11.17,9.51,10.45,11.12,9.21,14.5,8.12
2026/03/05,hokuriku,9.67,9.67,7.61,8.35,9.79,7.21,13.84,4.5
2026/03/05,kansai,9.67,9.67,7.61,8.35,9.79,7.21,13.84,4.5
2026/03/05,kyushu,8.87,8.87,4.92,6.42,9.79,3.62,13.84,0.01
2026/03/05,shikoku,7.53,7.53,4.1,5.8,8.42,2.48,11,0.01
2026/03/05,system,10.16,10.16,7.84,8.74,10.57,7.43,13.6,5
2026/03/05,tohoku,10.98,10.98,8.86,9.99,11.12,8.3,14.5,6
2026/03/05,tokyo,10.98,10.98,8.86,9.99,11.12,8.3,14.5,6
2026/03/06,chubu,9.97,9.97,9.76,9.98,9.74,9.62,12.97,7.71
2026/03/06,chugoku,9.95,9.95,9.76,9.97,9.68,9.61,12.97,7.71
2026/03/06,hokkaido,11.01,11.01,9.64,10.4,11.15,9.17,14,7.99
2026/03/06,hokuriku,9.95,9.95,9.76,9.97,9.68,9.61,12.97,7.71
2026/03/06,kansai,9.95,9.95,9.76,9.97,9.68,9.61,12.97,7.71
2026/03/06,kyushu,9.95,9.95,9.76,9.97,9.68,9.61,12.97,7.71
2026/03/06,shikoku,8.91,8.91,9.7,9.49,8.51,9.61,11,7.63
2026/03/06,system,10.47,10.47,9.71,10.15,10.46,9.39,12.97,8.12
2026/03/06,tohoku,10.99,10.99,9.56,10.35,11.15,9.05,14,7
2026/03/06,tokyo,11.23,11.23,10.36,10.91,11.15,10.05,14,9.24
2026/03/07,chubu,8.17,8.17,3.6,5.41,9.67,2.81,13,1.21
2026/03/07,chugoku,8.7,8.7,5.43,6.69,9.67,5.37,13,1.21
2026/03/07,hokkaido,10.04,10.04,8.36,8.88,10.43,8.34,13.45,8
2026/03/07,hokuriku,8.7,8.7,5.43,6.69,9.67,5.37,13,1.21
2026/03/07,kansai,8.7,8.7,5.43,6.69,9.67,5.37,13,1.21
2026/03/07,kyushu,7.76,7.76,2.32,4.42,9.67,1.26,13,0.01
2026/03/07,shikoku,7.27,7.27,2.72,4.39,9.18,1.58,10.5,0.02
2026/03/07,system,8.15,8.15,2.75,4.8,10.17,1.71,12.91,0.81
2026/03/07,tohoku,8.01,8.01,1.36,3.96,10.47,0.35,13.45,0.01
2026/03/07,tokyo,8.01,8.01,1.36,3.96,10.47,0.35,13.45,0.01
2026/03/08,chubu,7.9,7.9,1.88,3.93,9.98,1.13,13.17,0.03
2026/03/08,chugoku,7.9,7.9,1.88,3.93,9.98,1.13,13.17,0.03
2026/03/08,hokkaido,9.02,9.02,3.52,5.47,11.01,3.03,15.32,0.01
2026/03/08,hokuriku,7.9,7.9,1.88,3.93,9.98,1.13,13.17,0.03
2026/03/08,kansai,7.9,7.9,1.88,3.93,9.98,1.13,13.17,0.03
2026/03/08,kyushu,7.62,7.62,0.94,3.26,9.98,0.01,13.17,0.01
2026/03/08,shikoku,7.19,7.19,0.94,2.63,9.91,0.21,13,0.01
2026/03/08,system,7.89,7.89,0.98,3.42,10.52,0.13,13.18,0.01
2026/03/08,tohoku,8.43,8.43,1.04,3.83,11.05,0.21,15.32,0.01
2026/03/08,tokyo,8.45,8.45,1.04,3.83,11.05,0.21,15.32,0.01
2026/03/09,chubu,10.67,10.67,7.22,8.37,11.18,6.49,15.9,5.01
2026/03/09,chugoku,10.6,10.6,7.13,8.3,11.07,6.49,15.9,5.01
2026/03/09,hokkaido,12.44,12.44,8.92,10.83,11.97,8.4,19.14,8.01
2026/03/09,hokuriku,10.63,10.63,7.22,8.37,11.07,6.49,15.9,5.01
2026/03/09,kansai,10.63,10.63,7.22,8.37,11.07,6.49,15.9,5.01
2026/03/09,kyushu,9.54,9.54,3.79,5.77,11.07,2.06,15.9,0.01
2026/03/09,shikoku,8.94,8.94,4.05,4.87,11.07,4,15.9,0.01
2026/03/09,system,11.43,11.43,8.04,9.33,11.66,7.69,17,5.55
2026/03/09,tohoku,12.5,12.5,8.65,10.64,12.1,8.02,19.14,7
2026/03/09,tokyo,12.91,12.91,10.07,11.63,12.1,9.85,19.14,9.09
2026/03/10,chubu,13.34,13.34,9.08,10.53,12.9,8.57,25.12,6.58
2026/03/10,chugoku,13.14,13.14,8.38,10.05,12.9,7.91,25.12,4.5
2026/03/10,hokkaido,15.09,15.09,12.59,14.38,13.14,11.67,25.12,10.39
2026/03/10,hokuriku,13.34,13.34,9.08,10.53,12.9,8.57,25.12,6.58
2026/03/10,kansai,13.34,13.34,9.08,10.53,12.9,8.57,25.12,6.58
2026/03/10,kyushu,11.36,11.36,2.92,5.79,12.9,1.35,25.12,0.01
2026/03/10,shikoku,9.23,9.23,4.6,5.13,12.06,5.12,14.53,0.01
2026/03/10,system,13.53,13.53,9.35,11.14,13.13,8.82,22.94,8.27
2026/03/10,tohoku,15.09,15.09,12.59,14.38,13.14,11.67,25.12,10.39
2026/03/10,tokyo,15.09,15.09,12.59,14.38,13.14,11.67,25.12,10.39
2026/03/11,chubu,11.9,11.9,8.06,9.02,13.18,7.37,18,3.01
2026/03/11,chugoku,11.25,11.25,5.84,7.47,13.18,4.53,18,1.5
2026/03/11,hokkaido,12.73,12.73,8.62,10.22,13.5,8.18,19.14,7
2026/03/11,hokuriku,11.9,11.9,8.06,9.02,13.18,7.37,18,3.01
2026/03/11,kansai,11.9,11.9,8.06,9.02,13.18,7.37,18,3.01
2026/03/11,kyushu,10.35,10.35,3.09,5.31,13.18,1.05,18,0.01
2026/03/11,shikoku,8.93,8.93,2.24,3.39,12.76,2.19,14.53,0.01
2026/03/11,system,11.92,11.92,7.33,8.77,13.35,6.82,19.14,3
2026/03/11,tohoku,12.72,12.72,8.57,10.19,13.5,8.12,19.14,7
2026/03/11,tokyo,12.95,12.95,9.35,10.74,13.5,9.14,19.14,7
2026/03/12,chubu,11.34,11.34,6.13,7.88,12.53,4.71,17.51,1.5
2026/03/12,chugoku,11.2,11.2,5.65,7.54,12.53,4.52,17.51,1.5
2026/03/12,hokkaido,11.85,11.85,7.69,9.24,12.37,7.48,17.76,6
2026/03/12,hokuriku,11.34,11.34,6.13,7.88,12.53,4.71,17.51,1.5
2026/03/12,kansai,11.34,11.34,6.13,7.88,12.53,4.71,17.51,1.5
2026/03/12,kyushu,10.81,10.81,4.73,6.59,12.53,3.31,17.51,0.01
2026/03/12,shikoku,8.87,8.87,0.47,2.91,12.48,0.01,17.02,0.01
2026/03/12,system,11.47,11.47,5.98,8,12.68,5.09,17.51,2
2026/03/12,tohoku,9.61,9.61,0.54,3.87,12.37,0.01,17.76,0.01
2026/03/12,tokyo,12.79,12.79,10.05,11.49,12.37,9.95,19.14,8.08
2026/03/13,chubu,13.56,13.56,11.45,12.66,12.59,10.31,19.62,8.5
2026/03/13,chugoku,13.24,13.24,10.36,11.89,12.59,8.77,19.62,2.33
2026/03/13,hokkaido,11.9,11.9,7.43,9.19,12.5,7.06,19.62,3
2026/03/13,hokuriku,13.56,13.56,11.45,12.66,12.59,10.31,19.62,8.5
2026/03/13,kansai,13.56,13.56,11.45,12.66,12.59,10.31,19.62,8.5
2026/03/13,kyushu,11.12,11.12,4.4,6.79,12.59,2.89,19.62,0.01
2026/03/13,shikoku,9.54,9.54,1.56,3.97,12.4,1.77,18.13,0.01
2026/03/13,system,13.49,13.49,9.84,11.66,12.94,9.35,20.97,8.4
2026/03/13,tohoku,10.78,10.78,3.42,6.49,12.5,2.43,19.62,0.01
2026/03/13,tokyo,14.2,14.2,12.72,14.03,12.5,12.09,19.91,10.79
2026/03/14,chubu,12.78,12.78,3.07,5.14,18.73,1.67,20.81,0.1
2026/03/14,chugoku,14.17,14.17,5.31,7.02,19.44,4.15,35,1
2026/03/14,hokkaido,14.24,14.24,7.08,8.76,18.91,6.45,20.81,3
2026/03/14,hokuriku,14.17,14.17,5.31,7.02,19.44,4.15,35,1
2026/03/14,kansai,14.17,14.17,5.31,7.02,19.44,4.15,35,1
2026/03/14,kyushu,12.29,12.29,0.63,3.04,19.44,0.01,35,0.01
2026/03/14,shikoku,8.08,8.08,0.37,2.3,13.63,0.26,16.42,0.01
2026/03/14,system,12.67,12.67,2.36,4.91,18.69,1.09,20.21,0.01
2026/03/14,tohoku,12.59,12.59,2.04,5.14,18.91,0.87,20.81,0.1
2026/03/14,tokyo,14.24,14.24,3.72,7.26,19.43,1.67,20.81,0.1
2026/03/15,chubu,14.04,14.04,7.69,8.58,17.69,7.96,20.2,3
2026/03/15,chugoku,13.43,13.43,4.88,6.96,17.69,4.18,20.2,1
2026/03/15,hokkaido,13.53,13.53,6.07,7.91,17.48,5.55,19.86,2.5
2026/03/15,hokuriku,14.25,14.25,7.69,8.93,17.69,7.96,20.2,3
2026/03/15,kansai,14.25,14.25,7.69,8.93,17.69,7.96,20.2,3
2026/03/15,kyushu,10.44,10.44,0.01,2.53,16.37,0.01,18.37,0.01
2026/03/15,shikoku,7.51,7.51,0.8,1.45,12.33,0.01,14.04,0.01
2026/03/15,system,12.39,12.39,3.27,5.54,16.97,2.06,19.72,0.6
2026/03/15,tohoku,12.04,12.04,1.2,4.34,17.48,0.11,19.86,0.01
2026/03/15,tokyo,14.96,14.96,8.89,9.94,18.48,8.84,20.2,3
2026/03/16,chubu,14.91,14.91,8.5,10.91,17.39,8.11,21.21,6.35
2026/03/16,chugoku,16.03,16.03,10.8,13.6,17.39,8.7,30.77,6.35
2026/03/16,hokkaido,13.18,13.18,6.01,8.02,16.95,4.9,19.77,2
2026/03/16,hokuriku,16.03,16.03,10.8,13.6,17.39,8.7,30.77,6.35
2026/03/16,kansai,16.03,16.03,10.8,13.6,17.39,8.7,30.77,6.35
2026/03/16,kyushu,11.21,11.21,3.57,5.49,14.72,1.8,19.77,0.01
2026/03/16,shikoku,11.06,11.06,1.72,3.4,16.66,0.86,21.21,0.01
2026/03/16,system,14.57,14.57,8.02,10.16,17.17,7.75,19.86,6.05
2026/03/16,tohoku,11.91,11.91,2.49,5.63,16.95,1.23,19.77,0.01
2026/03/16,tokyo,18.89,18.89,17.91,18.57,18.66,17.52,24,15.3
2026/03/17,chubu,15.94,15.94,9.1,11.65,18.56,8.12,24.11,4.88
2026/03/17,chugoku,15.61,15.61,7.97,10.86,18.56,7.01,24.11,2.47
2026/03/17,hokkaido,13.57,13.57,5.17,7.6,17.79,3.67,21.08,2
2026/03/17,hokuriku,16.3,16.3,10.32,12.51,18.56,8.12,30.77,4.88
2026/03/17,kansai,16.3,16.3,10.32,12.51,18.56,8.12,30.77,4.88
2026/03/17,kyushu,12.75,12.75,1.88,4.44,18.53,0.01,24.11,0.01
2026/03/17,shikoku,10,10,0.12,2.26,16.22,0.16,19.99,0.01
2026/03/17,system,14.93,14.93,6.33,9.15,18.85,5.41,23.31,2.5
2026/03/17,tohoku,12.04,12.04,1.22,4.38,17.6,0.41,21.08,0.01
2026/03/17,tokyo,17.73,17.73,12.62,14.74,19.61,11.2,24.11,8
2026/03/18,chubu,17.2,17.2,17.08,17.57,16.47,16.19,21.25,9.5
2026/03/18,chugoku,17.21,17.21,17.08,17.59,16.47,16.19,21.25,9.5
2026/03/18,hokkaido,14.74,14.74,7.79,10.38,18.1,6.27,21.07,3.02
2026/03/18,hokuriku,17.21,17.21,17.08,17.59,16.47,16.19,21.25,9.5
2026/03/18,kansai,17.21,17.21,17.08,17.59,16.47,16.19,21.25,9.5
2026/03/18,kyushu,15.47,15.47,14.79,15.98,13.61,13.75,20.7,8.71
2026/03/18,shikoku,12.05,12.05,8.37,9.31,13.07,8.13,18.74,7.61
2026/03/18,system,16.79,16.79,15.55,16.44,16.27,14.77,21.25,11.48
2026/03/18,tohoku,14.67,14.67,7.61,10.22,18.1,6.27,21.07,3.02
2026/03/18,tokyo,18.72,18.72,17.79,18.55,18.35,16.82,21.25,13.77
2026/03/19,chubu,12.68,12.68,6.72,8.8,14.85,5.41,17.2,2.03
2026/03/19,chugoku,11.24,11.24,5.35,7.51,12.73,4.17,17.2,2.03
2026/03/19,hokkaido,14.01,14.01,11.08,12.15,15.79,10.87,19.56,8.5
2026/03/19,hokuriku,11.64,11.64,6.72,8.47,12.73,5.41,17.2,2.03
2026/03/19,kansai,11.64,11.64,6.72,8.47,12.73,5.41,17.2,2.03
2026/03/19,kyushu,10.11,10.11,2.77,4.89,12.73,1.38,17.2,0.01
2026/03/19,shikoku,8.3,8.3,1.9,4.06,9.2,1.02,17.2,0.01
2026/03/19,system,12.8,12.8,7.18,9.04,14.58,6.39,18.14,4.37
2026/03/19,tohoku,12.86,12.86,7.14,9.39,15.79,6.19,19.56,3
2026/03/19,tokyo,17.26,17.26,14.41,16.07,17.45,12.86,20.28,9.7
2026/03/20,chubu,13.56,13.56,6.06,7.82,17.15,5.62,20,2.6
2026/03/20,chugoku,12.16,12.16,4.11,6.35,16.67,2.92,18.43,0.2
2026/03/20,hokkaido,10.55,10.55,1.83,5.19,14.98,0.77,18.94,0.01
2026/03/20,hokuriku,12.4,12.4,4.94,6.93,16.67,4.08,18.43,0.2
2026/03/20,kansai,12.4,12.4,4.94,6.93,16.67,4.08,18.43,0.2
2026/03/20,kyushu,10.06,10.06,0.01,2.23,16.4,0.01,18.43,0.01
2026/03/20,shikoku,7.46,7.46,0.26,1.68,12.93,0.26,17.88,0.01
2026/03/20,system,11.84,11.84,3.07,5.5,16.48,1.91,18.74,1
2026/03/20,tohoku,10.46,10.46,1.83,4.92,15.03,0.77,18.99,0.01
2026/03/20,tokyo,18.67,18.67,17.73,18.35,18.44,17.48,20.93,16.17
2026/03/21,chubu,10.84,10.84,0.78,3.4,16.83,0.99,18.41,0.01
2026/03/21,chugoku,10.3,10.3,0.1,2.12,16.78,0.06,18,0.01
2026/03/21,hokkaido,11.73,11.73,8.74,9.52,12.63,7.85,16.7,3
2026/03/21,hokuriku,10.49,10.49,0.76,2.59,16.78,0.99,18,0.01
2026/03/21,kansai,10.49,10.49,0.76,2.59,16.78,0.99,18,0.01
2026/03/21,kyushu,9.96,9.96,0.01,1.96,16.72,0.01,18,0.01
2026/03/21,shikoku,8.59,8.59,0.1,1.83,13.31,0.06,17.86,0.01
2026/03/21,system,10.84,10.84,0.01,2.52,17.28,0.01,17.74,0.01
2026/03/21,tohoku,7.7,7.7,0.01,2.02,11.29,0.01,16.7,0.01
2026/03/21,tokyo,12.69,12.69,1.32,4.69,18.16,1.49,19.63,0.02
2026/03/22,chubu,10.48,10.48,3.82,5.65,14,3.08,15.39,0.1
2026/03/22,chugoku,10.97,10.97,6.39,6.84,14,6.63,15.39,2.5
2026/03/22,hokkaido,11.98,11.98,1.23,4.53,17.08,0.26,21.98,0.01
2026/03/22,hokuriku,10.97,10.97,6.39,6.84,14,6.63,15.39,2.5
2026/03/22,kansai,10.97,10.97,6.39,6.84,14,6.63,15.39,2.5
2026/03/22,kyushu,10.97,10.97,6.39,6.84,14,6.63,15.39,2.5
2026/03/22,shikoku,8.23,8.23,6.39,6.57,9.29,6.63,14.86,2.5
2026/03/22,system,10.66,10.66,2.13,4.39,15.08,1.21,17.55,0.04
2026/03/22,tohoku,11.87,11.87,1.23,4.39,17.08,0.26,21.98,0.01
2026/03/22,tokyo,13.01,13.01,2.99,5.85,17.88,1.91,21.98,0.05
2026/03/23,chubu,15.68,15.68,12.51,13.26,16.73,11.8,19.63,8.17
2026/03/23,chugoku,14.12,14.12,9.82,11.32,14.96,8.66,19.48,4.27
2026/03/23,hokkaido,14.91,14.91,9.14,11.24,17.01,8.2,22.1,3
2026/03/23,hokuriku,14.72,14.72,11.88,12.77,14.96,11.33,19.48,6.91
2026/03/23,kansai,14.72,14.72,11.88,12.77,14.96,11.33,19.48,6.91
2026/03/23,kyushu,10.87,10.87,1.7,4.44,14.43,0.51,19.48,0.01
2026/03/23,shikoku,6.89,6.89,2.18,3.24,9.93,1.5,16.36,0.01
2026/03/23,system,14.49,14.49,9.11,11.23,15.83,8.39,19.27,7.8
2026/03/23,tohoku,14.33,14.33,7.14,9.8,17.06,5.98,22.1,3
2026/03/23,tokyo,18.29,18.29,17.68,18.38,17.55,17.22,22.1,16.3
2026/03/24,chubu,14.05,14.05,6.18,9.01,16.7,4.53,21,0.1
2026/03/24,chugoku,13.78,13.78,6.07,8.93,16.07,4.6,21,0.1
2026/03/24,hokkaido,12.68,12.68,1.58,5.55,17.65,0.41,21,0.01
2026/03/24,hokuriku,13.88,13.88,6.39,9.15,16.07,4.83,21,0.1
2026/03/24,kansai,13.88,13.88,6.39,9.15,16.07,4.83,21,0.1
2026/03/24,kyushu,13.13,13.13,5.61,7.53,15.94,4.6,21,0.1
2026/03/24,shikoku,8.95,8.95,4.99,5.63,10.32,4.38,19.5,0.1
2026/03/24,system,13.43,13.43,4.54,7.58,16.81,3.08,21,0.01
2026/03/24,tohoku,12.21,12.21,1.27,4.67,17.39,0.22,21,0.01
2026/03/24,tokyo,14.71,14.71,6.32,9.41,17.91,4.53,21,0.1
2026/03/25,chubu,17.68,17.68,18.78,18.53,16.53,18.24,21.39,13.88
2026/03/25,chugoku,17.29,17.29,18.78,18.53,15.5,18.24,21.39,10.25
2026/03/25,hokkaido,13.62,13.62,4.25,7.45,17.58,3.35,24.22,1
2026/03/25,hokuriku,17.29,17.29,18.78,18.53,15.5,18.24,21.39,10.25
2026/03/25,kansai,17.29,17.29,18.78,18.53,15.5,18.24,21.39,10.25
2026/03/25,kyushu,15.42,15.42,18.78,18.53,10.85,18.24,21.39,8.46
2026/03/25,shikoku,8.15,8.15,7.9,8.07,7.22,7.88,12.27,5.5
2026/03/25,system,17.49,17.49,17.29,17.64,16.72,16.94,19.35,14
2026/03/25,tohoku,13.66,13.66,4.15,7.52,17.61,3.27,24.22,1
2026/03/25,tokyo,18.94,18.94,18.94,19.24,17.72,18.47,24.22,16.82
2026/03/26,chubu,18.37,18.37,17.23,17.9,17.96,16.23,24.6,9.88
2026/03/26,chugoku,14.62,14.62,8.15,11.12,15.84,6.2,21,1
2026/03/26,hokkaido,16.69,16.69,12.32,14.3,17.78,11.04,21,8.27
2026/03/26,hokuriku,17.05,17.05,16.48,16.95,15.84,15.33,24.6,9.74
2026/03/26,kansai,17.05,17.05,16.48,16.95,15.84,15.33,24.6,9.74
2026/03/26,kyushu,10.88,10.88,0.61,3.38,15.48,0.01,20.7,0.01
2026/03/26,shikoku,5.17,5.17,0.55,1.73,6.75,0.01,12.19,0.01
2026/03/26,system,15.37,15.37,10.57,12.7,16.24,9.1,20.25,7.93
2026/03/26,tohoku,16.74,16.74,12.32,14.4,17.78,11.04,21,8.27
2026/03/26,tokyo,19.2,19.2,19.53,19.84,18,18.76,24.6,16.85
2026/03/27,chubu,15.26,15.26,8.01,10.84,18.12,5.44,20.4,1
2026/03/27,chugoku,11.33,11.33,2.43,5.41,14.71,0.47,18.1,0.01
2026/03/27,hokkaido,17.47,17.47,15.27,16.08,18,14.87,20.69,10.17
2026/03/27,hokuriku,11.55,11.55,3.19,5.94,14.71,1.54,18.1,0.02
2026/03/27,kansai,11.55,11.55,3.19,5.94,14.71,1.54,18.1,0.02
2026/03/27,kyushu,10.58,10.58,1.98,4.4,14.16,0.13,18.1,0.01
2026/03/27,shikoku,4.95,4.95,1.44,2.06,6.49,0.23,10,0.01
2026/03/27,system,14.08,14.08,7.12,9.21,17.05,6.48,20.04,3
2026/03/27,tohoku,15.01,15.01,7,10.27,18,5.78,20.69,3.01
2026/03/27,tokyo,16.98,16.98,12.99,14.57,18.29,12.41,20.69,10.62
2026/03/28,chubu,10.28,10.28,0.13,2.36,16.86,0.02,19.62,0.01
2026/03/28,chugoku,9.31,9.31,0.12,2.13,14.53,0.02,17.67,0.01
2026/03/28,hokkaido,15.17,15.17,9.68,11.48,17.69,9.12,21.11,9.12
2026/03/28,hokuriku,9.31,9.31,0.13,2.14,14.53,0.02,17.67,0.01
2026/03/28,kansai,9.31,9.31,0.13,2.14,14.53,0.02,17.67,0.01
2026/03/28,kyushu,8.53,8.53,0.01,1.95,12.73,0.01,16.2,0.01
2026/03/28,shikoku,5.43,5.43,0.12,1.84,8.18,0.02,12,0.01
2026/03/28,system,10.57,10.57,0.07,2.58,16.98,0.01,18.56,0.01
2026/03/28,tohoku,11.62,11.62,0.2,3.19,17.5,0.02,21.11,0.01
2026/03/28,tokyo,12.12,12.12,0.2,3.19,18.76,0.02,21.11,0.01
2026/03/29,chubu,9.01,9.01,0.02,2.3,15.06,0.01,18.5,0.01
2026/03/29,chugoku,7.16,7.16,0.01,1.72,10.77,0.01,15.07,0.01
2026/03/29,hokkaido,11.61,11.61,1.8,4.2,17.3,0.71,18.92,0.01
2026/03/29,hokuriku,7.16,7.16,0.01,1.72,10.77,0.01,15.07,0.01
2026/03/29,kansai,7.16,7.16,0.01,1.72,10.77,0.01,15.07,0.01
2026/03/29,kyushu,6.96,6.96,0.01,1.39,10.6,0.01,15.07,0.01
2026/03/29,shikoku,4.79,4.79,0.01,1.28,7.65,0.01,8.66,0.01
2026/03/29,system,7.98,7.98,0.01,1.8,11.96,0.01,15.58,0.01
2026/03/29,tohoku,10.75,10.75,0.02,2.25,17.25,0.01,18.92,0.01
2026/03/29,tokyo,11.03,11.03,0.02,2.43,17.73,0.01,18.92,0.01
2026/03/30,chubu,15.38,15.38,10.26,11.95,16.78,8.66,20.63,6.25
2026/03/30,chugoku,11.97,11.97,8.31,9.96,12.31,7.55,17.91,6.25
2026/03/30,hokkaido,14.65,14.65,8.38,10.3,17.07,7.97,21.53,3.82
2026/03/30,hokuriku,12.51,12.51,10.16,11.25,12.31,8.66,17.91,6.25
2026/03/30,kansai,12.51,12.51,10.16,11.25,12.31,8.66,17.91,6.25
2026/03/30,kyushu,10.97,10.97,8.11,8.68,12.31,7.55,17.91,6.25
2026/03/30,shikoku,7.46,7.46,7.32,7.47,7.66,7.14,8.74,6.25
2026/03/30,system,12.71,12.71,8.38,10.51,12.75,7.44,20,6.16
2026/03/30,tohoku,12.87,12.87,3.63,6.81,17.01,2.29,21.53,0.01
2026/03/30,tokyo,17.29,17.29,13.11,15,18.2,11.41,21.53,6.84
2026/03/31,chubu,18.88,18.88,18.8,18.98,18.72,18.03,22.24,15.58
2026/03/31,chugoku,12.21,12.21,12.8,13.15,10.07,11.72,17.49,8.08
2026/03/31,hokkaido,17.41,17.41,16.23,17.08,17.5,15.8,22.55,13.54
2026/03/31,hokuriku,13.5,13.5,16.84,16.24,10.07,16.92,22.18,8.46
2026/03/31,kansai,13.5,13.5,16.84,16.24,10.07,16.92,22.18,8.46
2026/03/31,kyushu,10.29,10.29,8.15,8.84,10.07,8.08,15.07,8.08
2026/03/31,shikoku,8.48,8.48,7.52,8.35,8.67,7,15.07,6.66
2026/03/31,system,14.79,14.79,15.1,15.23,12.99,14.49,18.33,8.5
2026/03/31,tohoku,17.41,17.41,16.23,17.08,17.5,15.8,22.55,13.54
2026/03/31,tokyo,19.93,19.93,21.66,21.36,18.89,21.5,22.55,17.57
2026/04/01,chubu,26.97,26.97,33.77,33.65,19.64,35.22,44.7,14.83
2026/04/01,chugoku,19.2,19.2,22.18,21.7,15.71,22.84,25.5,8.58
2026/04/01,hokkaido,18.89,18.89,13.66,15.36,19.05,11.46,38.54,7.83
2026/04/01,hokuriku,22.96,22.96,33.16,30.71,15.71,35.22,44.7,8.58
2026/04/01,kansai,19.77,19.77,24.12,23.06,15.71,24.2,34.6,8.58
2026/04/01,kyushu,14.64,14.64,15.05,15.98,10.79,13.58,24,8.58
2026/04/01,shikoku,16.24,16.24,19.46,16.95,15.71,21.54,25.5,7.93
2026/04/01,system,23.15,23.15,24.53,25.84,18.27,24.08,34.6,12.7
2026/04/01,tohoku,18.97,18.97,13.72,15.41,19.21,11.55,38.54,7.83
2026/04/01,tokyo,26.96,26.96,33.58,33.52,19.45,34.96,44.7,14.83
2026/04/02,chubu,25.9,25.9,11.45,16.25,35.41,7.78,42.17,1.87
2026/04/02,chugoku,12.49,12.49,7.15,8.29,14.75,6.67,19.66,1.87
2026/04/02,hokkaido,22.39,22.39,21.01,22.17,21.09,20.47,32,16.27
2026/04/02,hokuriku,13.53,13.53,9.65,10.79,14.75,7.52,19.66,1.87
2026/04/02,kansai,13.43,13.43,9.5,10.55,14.75,7.3,19.66,1.87
2026/04/02,kyushu,10.53,10.53,0.86,3.58,14.75,0.01,19.66,0.01
2026/04/02,shikoku,9.09,9.09,1.19,3.99,12.93,0.4,19.29,0.01
2026/04/02,system,17.46,17.46,10.84,13.44,19.49,9.2,22.78,6.95
2026/04/02,tohoku,22.51,22.51,21.01,22.17,21.41,20.47,32,16.27
2026/04/02,tokyo,25.62,25.62,24.35,26.17,23.65,25.02,50,17.93
2026/04/03,chubu,22.18,22.18,9.6,13.15,26.65,7.68,41.19,2.5
2026/04/03,chugoku,11.95,11.95,3.24,5.84,16.05,2.31,24.27,0.01
2026/04/03,hokkaido,18.68,18.68,1.09,5.84,25.29,0.21,50,0.01
2026/04/03,hokuriku,13.94,13.94,8.99,10.61,16.05,7.68,24.27,2.5
2026/04/03,kansai,13.94,13.94,8.99,10.61,16.05,7.68,24.27,2.5
2026/04/03,kyushu,11.13,11.13,1.63,4.48,16.05,0.06,19.66,0.01
2026/04/03,shikoku,4,4,0.01,0.5,6.92,0.01,6.95,0.01
2026/04/03,system,14.68,14.68,2.47,6.17,20.17,0.95,30,0.01
2026/04/03,tohoku,19.06,19.06,1.09,6.04,25.74,0.21,50,0.01
2026/04/03,tokyo,22.26,22.26,9.72,12.9,25.99,7.79,50.01,2.5
2026/04/04,chubu,24.29,24.29,27.95,27.63,22.94,27.74,34.57,15.78
2026/04/04,chugoku,13.2,13.2,13.27,12.87,12.48,13.41,18.73,8.61
2026/04/04,hokkaido,15.22,15.22,10.85,11.86,18.73,10.67,21.4,3.05
2026/04/04,hokuriku,13.2,13.2,13.27,12.87,12.48,13.41,18.73,8.61
2026/04/04,kansai,13.2,13.2,13.27,12.87,12.48,13.41,18.73,8.61
2026/04/04,kyushu,12.12,12.12,9.86,10.28,12.48,9.9,18.73,8.61
2026/04/04,shikoku,5.93,5.93,4.07,4.61,6.86,4.21,6.95,0.02
2026/04/04,system,16.82,16.82,16.92,17.05,16.42,16.63,18.82,11
2026/04/04,tohoku,15.39,15.39,11.35,12.21,18.78,11.37,21.4,3.05
2026/04/04,tokyo,22.95,22.95,27.9,27.59,19.41,27.53,35.83,15.78
2026/04/05,chubu,12.28,12.28,0.46,3.17,18.61,0.06,28.52,0.01
2026/04/05,chugoku,6.86,6.86,0.09,0.92,10.35,0.06,14.57,0.01
2026/04/05,hokkaido,12.67,12.67,1.5,4.99,18.03,0.4,21.79,0.01
2026/04/05,hokuriku,6.92,6.92,0.09,1.05,10.35,0.06,14.57,0.01
2026/04/05,kansai,6.86,6.86,0.09,0.92,10.35,0.06,14.57,0.01
2026/04/05,kyushu,6.84,6.84,0.01,0.86,10.35,0.01,14.57,0.01
2026/04/05,shikoku,4.41,4.41,0.01,0.74,7.41,0.01,8,0.01
2026/04/05,system,10.11,10.11,0.4,3.03,14.37,0.01,19.66,0.01
2026/04/05,tohoku,12.65,12.65,1.5,4.95,18.03,0.4,21.79,0.01
2026/04/05,tokyo,19.16,19.16,13.08,15.78,18.98,12.49,35,6.59
2026/04/06,chubu,18.75,18.75,9.68,14.67,19.18,8.59,38.72,1.95
2026/04/06,chugoku,9.56,9.56,6.85,8.22,8.96,6.28,16,1.95
2026/04/06,hokkaido,15.22,15.22,3.36,8.81,18.43,1.67,35,0.01
2026/04/06,hokuriku,9.79,9.79,7.62,8.79,8.96,7.34,16,1.95
2026/04/06,kansai,9.79,9.79,7.62,8.79,8.96,7.34,16,1.95
2026/04/06,kyushu,9.47,9.47,6.54,8.01,8.96,5.92,16,1.95
2026/04/06,shikoku,5.27,5.27,0.36,1.79,7.75,0.01,8.65,0.01
2026/04/06,system,12.68,12.68,5.14,8.19,14.78,3.65,23.5,0.02
2026/04/06,tohoku,15.99,15.99,3.61,9.1,18.43,1.67,37.97,0.01
2026/04/06,tokyo,19.59,19.59,12.35,16.54,19.18,12,38.72,1.5
2026/04/07,chubu,24.24,24.24,28.14,27.64,18.83,29.68,37.54,17.15
2026/04/07,chugoku,15.47,15.47,8.06,11,14.79,8.1,37.54,0.01
2026/04/07,hokkaido,17.9,17.9,16.08,17.04,18.33,15.31,20,12.39
2026/04/07,hokuriku,22.5,22.5,28.14,27.62,14.79,29.68,37.54,8.84
2026/04/07,kansai,22.5,22.5,28.14,27.62,14.79,29.68,37.54,8.84
2026/04/07,kyushu,10.95,10.95,0.98,3.86,14.64,0.01,23.5,0.01
2026/04/07,shikoku,7.15,7.15,6.23,6.67,7.75,6.04,15,0.01
2026/04/07,system,20.07,20.07,18.1,19.39,17.95,17.6,35,14.43
2026/04/07,tohoku,18.76,18.76,16.46,17.77,18.75,15.5,21.79,12.39
2026/04/07,tokyo,23.67,23.67,29.12,27.99,18.83,30.2,35,17.15
2026/04/08,chubu,19.98,19.98,6.89,11.19,22.72,5.16,39.94,1
2026/04/08,chugoku,14.12,14.12,2.05,5.59,20.69,2.77,35,0.01
2026/04/08,hokkaido,11.33,11.33,0.29,3.33,17.61,0.01,19.89,0.01
2026/04/08,hokuriku,17.92,17.92,6.83,10.78,20.69,5.16,35.68,1
2026/04/08,kansai,17.92,17.92,6.83,10.78,20.69,5.16,35.68,1
2026/04/08,kyushu,12.82,12.82,0.01,3.92,19.94,0.01,35,0.01
2026/04/08,shikoku,5.41,5.41,0.08,1.54,8.15,0.01,9.13,0.01
2026/04/08,system,14.75,14.75,0.75,4.93,19.9,0.01,30,0.01
2026/04/08,tohoku,15.83,15.83,0.29,4.49,20.74,0.01,39.94,0.01
2026/04/08,tokyo,20.09,20.09,7.36,11.52,22.41,6.07,40,0.01
2026/04/09,chubu,21.59,21.59,16.57,18.74,22.59,15.24,31,9.3
2026/04/09,chugoku,19.92,19.92,15.79,17,21.53,15.24,27,8.61
2026/04/09,hokkaido,11.76,11.76,1.3,4.91,16.25,0.26,20.01,0.01
2026/04/09,hokuriku,20.84,20.84,16.57,18.37,21.53,15.24,30,9.3
2026/04/09,kansai,20.84,20.84,16.57,18.37,21.53,15.24,30,9.3
2026/04/09,kyushu,14,14,8.3,9.2,18.12,8.17,19.99,5
2026/04/09,shikoku,10.6,10.6,8.94,10.58,10.73,8,23.5,6.93
2026/04/09,system,17.93,17.93,10.93,13.57,20.29,9.71,27,6.85
2026/04/09,tohoku,14.11,14.11,1.3,5.02,22.02,0.26,27,0.01
2026/04/09,tokyo,22.17,22.17,15.98,18.44,22.33,14.92,50,11.07
2026/04/10,chubu,23.97,23.97,28.73,28.36,19.65,28.42,32.24,18.78
2026/04/10,chugoku,21.5,21.5,24.76,24.62,17.33,24.26,32.24,13.23
2026/04/10,hokkaido,19.99,19.99,20.85,21.19,18.72,19.91,27.5,14.21
2026/04/10,hokuriku,23.06,23.06,28.73,28.36,17.33,28.42,32.24,13.23
2026/04/10,kansai,23.06,23.06,28.73,28.36,17.33,28.42,32.24,13.23
2026/04/10,kyushu,15.51,15.51,10.32,12.34,16.43,9.73,27,9.03
2026/04/10,shikoku,12.44,12.44,9.78,11.35,14.82,7.68,31.03,6.91
2026/04/10,system,22.39,22.39,25.41,25.58,18.84,24.79,29.88,17.39
2026/04/10,tohoku,21.44,21.44,23,22.86,19.05,22.44,27.5,14.21
2026/04/10,tokyo,23.96,23.96,28.73,28.36,19.65,28.42,32.24,18
2026/04/11,chubu,11.84,11.84,2.13,4.33,18.08,0.01,20,0.01
2026/04/11,chugoku,10.03,10.03,2.13,4.09,14.42,0.01,18.42,0.01
2026/04/11,hokkaido,5.87,5.87,0.03,1.54,9.53,0.01,17.06,0.01
2026/04/11,hokuriku,10.03,10.03,2.13,4.09,14.42,0.01,18.42,0.01
2026/04/11,kansai,10.03,10.03,2.13,4.09,14.42,0.01,18.42,0.01
2026/04/11,kyushu,8.63,8.63,0.01,1.23,14.19,0.01,17.09,0.01
2026/04/11,shikoku,8.04,8.04,0.01,0.73,13.36,0.01,17.09,0.01
2026/04/11,system,10.03,10.03,0.29,2.51,15.86,0.01,17.89,0.01
2026/04/11,tohoku,5.87,5.87,0.03,1.54,9.53,0.01,17.06,0.01
2026/04/11,tokyo,14.16,14.16,6.27,9.12,17.94,4.48,20,0.01
2026/04/12,chubu,10.3,10.3,0.72,2.9,15.76,0.01,18,0.01
2026/04/12,chugoku,9.86,9.86,0.72,2.76,14.74,0.01,18,0.01
2026/04/12,hokkaido,6.76,6.76,0.01,1.25,10.16,0.01,17.41,0.01
2026/04/12,hokuriku,9.86,9.86,0.72,2.76,14.74,0.01,18,0.01
2026/04/12,kansai,9.86,9.86,0.72,2.76,14.74,0.01,18,0.01
2026/04/12,kyushu,8.78,8.78,0.64,2.71,11.95,0.01,18,0.01
2026/04/12,shikoku,6.25,6.25,0.01,0.7,9.59,0.01,14.02,0.01
2026/04/12,system,9.6,9.6,0.3,2.57,14.15,0.01,18.42,0.01
2026/04/12,tohoku,6.83,6.83,0.01,1.25,9.81,0.01,17.41,0.01
2026/04/12,tokyo,13.08,13.08,1.31,4.9,17.33,0.01,25.84,0.01
2026/04/13,chubu,17.4,17.4,11.77,14.39,18.83,10.62,32.05,7
2026/04/13,chugoku,13.45,13.45,9.3,11.15,14.4,8.68,18.42,7
2026/04/13,hokkaido,13.98,13.98,1.84,5.3,18.05,0.31,30,0.01
2026/04/13,hokuriku,13.99,13.99,11.18,12.47,14.4,10.35,18.42,7
2026/04/13,kansai,13.99,13.99,11.18,12.47,14.4,10.35,18.42,7
2026/04/13,kyushu,13.45,13.45,9.31,11.15,14.4,8.68,18.42,7.07
2026/04/13,shikoku,6.36,6.36,0.15,1.38,10.82,0.01,15.09,0.01
2026/04/13,system,14.95,14.95,8.18,10.9,16.23,7.16,26.69,2.95
2026/04/13,tohoku,14.16,14.16,1.84,5.3,18.52,0.31,30,0.01
2026/04/13,tokyo,20,20,13.31,16.28,18.85,12.14,46,8.09
2026/04/14,chubu,18.8,18.8,14.23,16.21,19.57,12.74,27.07,8.25
2026/04/14,chugoku,14.48,14.48,12.29,13.43,14.39,11.08,20.7,8.25
2026/04/14,hokkaido,15.12,15.12,3.31,7.39,18.88,1.22,30,0.01
2026/04/14,hokuriku,15.15,15.15,14.23,15.03,14.39,12.74,25.23,8.25
2026/04/14,kansai,15.15,15.15,14.23,15.03,14.39,12.74,25.23,8.25
2026/04/14,kyushu,13.61,13.61,9.68,11.44,14.39,9.08,20.69,8.25
2026/04/14,shikoku,9.72,9.72,9.29,10.38,10.08,8.23,20.7,5
2026/04/14,system,17.09,17.09,11.42,14.08,17.44,10.28,26.69,6.82
2026/04/14,tohoku,15.57,15.57,3.31,7.58,19.89,1.22,30,0.01
2026/04/14,tokyo,21.19,21.19,16.75,19.2,19.89,16.23,44.9,13.3
2026/04/15,chubu,21.26,21.26,22.24,23.25,18.74,21.56,26.97,17.7
2026/04/15,chugoku,18.97,18.97,22.24,22.2,14.76,21.56,26,10.9
2026/04/15,hokkaido,19.12,19.12,14.35,17.11,19.12,12.61,26.97,9.17
2026/04/15,hokuriku,19.07,19.07,22.24,22.2,14.76,21.56,26,10.9
2026/04/15,kansai,19.07,19.07,22.24,22.2,14.76,21.56,26,10.9
2026/04/15,kyushu,14.77,14.77,10.93,13.43,14.09,9.2,26,8.84
2026/04/15,shikoku,6.96,6.96,8.1,8.03,6.21,8.12,8.54,2.95
2026/04/15,system,19.82,19.82,18.48,20.03,17.94,17.81,25.22,16.41
2026/04/15,tohoku,19.3,19.3,14.82,17.44,19.12,13.26,26.97,9.17
2026/04/15,tokyo,21.4,21.4,21.03,22.4,19.12,19.87,26.97,17.24
2026/04/16,chubu,15.61,15.61,4.57,8.38,19.72,2.13,26.19,0.01
2026/04/16,chugoku,8.32,8.32,0.01,2.11,11.46,0.01,18.42,0.01
2026/04/16,hokkaido,17.74,17.74,6.03,10,18.56,3.48,50,0.01
2026/04/16,hokuriku,10.29,10.29,4.29,6.83,11.46,2.13,18.42,0.01
2026/04/16,kansai,10.29,10.29,4.29,6.83,11.46,2.13,18.42,0.01
2026/04/16,kyushu,8.32,8.32,0.01,2.11,11.46,0.01,18.42,0.01
2026/04/16,shikoku,4.53,4.53,0.01,1.29,6.77,0.01,8.44,0.01
2026/04/16,system,13.61,13.61,1.66,5.83,17.2,0.17,26.69,0.01
2026/04/16,tohoku,20.34,20.34,6.12,10.71,19.81,3.48,50,0.01
2026/04/16,tokyo,20.73,20.73,6.44,11.19,19.81,3.48,57.88,0.01
2026/04/17,chubu,16.74,16.74,10.58,11.86,20.75,9.25,27.28,3
2026/04/17,chugoku,10.72,10.72,8.9,9.89,10.01,8.3,16.35,3
2026/04/17,hokkaido,14.47,14.47,3.17,7.3,18.18,1.83,30,0.01
2026/04/17,hokuriku,10.85,10.85,9.37,10.22,10.01,8.58,16.35,3
2026/04/17,kansai,10.85,10.85,9.37,10.22,10.01,8.58,16.35,3
2026/04/17,kyushu,10.72,10.72,8.9,9.89,10.01,8.3,16.35,3
2026/04/17,shikoku,7.37,7.37,6.27,6.61,7.95,5.51,9.03,1
2026/04/17,system,14.43,14.43,8.11,10.1,17.09,6.87,24.37,1
2026/04/17,tohoku,16.85,16.85,3.47,8.15,22.44,1.83,41,0.01
2026/04/17,tokyo,20.91,20.91,13.59,15.86,23.77,12.12,46.97,1.5
2026/04/18,chubu,14.3,14.3,6.91,7.79,19.46,6.4,26.11,3
2026/04/18,chugoku,8.58,8.58,6.91,7.44,9.35,6.4,11.01,3
2026/04/18,hokkaido,13.35,13.35,6.56,8.47,17.5,6.44,24.63,3
2026/04/18,hokuriku,8.58,8.58,6.91,7.44,9.35,6.4,11.01,3
2026/04/18,kansai,8.58,8.58,6.91,7.44,9.35,6.4,11.01,3
2026/04/18,kyushu,8.58,8.58,6.91,7.43,9.35,6.4,11.01,3
2026/04/18,shikoku,7.85,7.85,6.89,7.38,8.22,6.4,8.63,3
2026/04/18,system,12.19,12.19,7.5,8.47,15.42,7.7,16.53,3
2026/04/18,tohoku,14.13,14.13,6.56,8.47,19.61,6.44,24.63,3
2026/04/18,tokyo,18.46,18.46,10.95,12.68,21.94,11.25,35.83,3
2026/04/19,chubu,10.47,10.47,1.5,3.84,14.58,1.05,25.79,0.01
2026/04/19,chugoku,6.28,6.28,1.5,2.91,8.56,1.05,11,0.01
2026/04/19,hokkaido,11.28,11.28,0.01,2.7,17.49,0.01,23,0.01
2026/04/19,hokuriku,6.28,6.28,1.5,2.91,8.56,1.05,11,0.01
2026/04/19,kansai,6.28,6.28,1.5,2.91,8.56,1.05,11,0.01
2026/04/19,kyushu,6.28,6.28,1.5,2.91,8.56,1.05,11,0.01
2026/04/19,shikoku,5.84,5.84,1.5,2.9,8.01,1.05,8.65,0.01
2026/04/19,system,9.82,9.82,0.58,3.03,14.13,0.01,18.76,0.01
2026/04/19,tohoku,11.4,11.4,0.01,2.7,17.81,0.01,23,0.01
2026/04/19,tokyo,15.78,15.78,0.36,4.33,18.59,0.36,50,0.01
2026/04/20,chubu,18.23,18.23,14.21,16.29,17.57,13.02,27.19,9.82
2026/04/20,chugoku,9.49,9.49,7.27,8.62,8.81,6.31,14.36,2.5
2026/04/20,hokkaido,11.78,11.78,4.13,6.68,15.83,2.75,21.89,0.01
2026/04/20,hokuriku,10.97,10.97,12.36,12.18,8.81,12.04,14.54,7.79
2026/04/20,kansai,10.97,10.97,12.36,12.18,8.81,12.04,14.54,7.79
2026/04/20,kyushu,8.01,8.01,2.88,5.07,8.81,0.78,14.36,0.01
2026/04/20,shikoku,7.76,7.76,6.42,7.73,7.48,5.12,14.33,1
2026/04/20,system,13.56,13.56,9.2,11.08,13.91,8.35,23.77,6.91
2026/04/20,tohoku,11.93,11.93,4.13,6.68,15.83,2.75,21.89,0.01
2026/04/20,tokyo,20.32,20.32,14.21,17.32,17.61,13.02,49.9,9.82
2026/04/21,chubu,18.4,18.4,9.76,13.17,22.36,7.22,27.09,0.02
2026/04/21,chugoku,9.3,9.3,4.83,6.31,10.29,4.46,15.99,0.02
2026/04/21,hokkaido,10.33,10.33,2.05,4.56,14.19,0.96,16.7,0.01
2026/04/21,hokuriku,10.29,10.29,7.89,8.68,10.29,6.7,15.99,0.02
2026/04/21,kansai,10.29,10.29,7.89,8.68,10.29,6.7,15.99,0.02
2026/04/21,kyushu,7.74,7.74,0.01,2.57,10.29,0.01,15.99,0.01
2026/04/21,shikoku,6.2,6.2,1.01,3.56,7.65,0.01,14.03,0.01
2026/04/21,system,12.86,12.86,4.13,7.48,15.75,2.39,23,0.01
2026/04/21,tohoku,10.71,10.71,2.05,4.57,14.98,0.96,20.01,0.01
2026/04/21,tokyo,19.41,19.41,11.44,16.97,19.32,9.31,50,0.01
2026/04/22,chubu,20.03,20.03,13.13,16.48,20.49,11,32.5,6.54
2026/04/22,chugoku,13.04,13.04,12.44,13.34,12.16,10.91,24.67,6.54
2026/04/22,hokkaido,10.52,10.52,1.22,4.13,14.01,0.31,25,0.01
2026/04/22,hokuriku,13.23,13.23,12.96,13.78,12.16,10.99,25.86,6.54
2026/04/22,kansai,13.23,13.23,12.96,13.78,12.16,10.99,25.86,6.54
2026/04/22,kyushu,11.87,11.87,8.75,10.52,12.16,8.63,20,6.54
2026/04/22,shikoku,8.98,8.98,7.84,8.29,9.53,6.98,14.26,3.24
2026/04/22,system,14.96,14.96,8.97,12.1,15.39,7.6,25.86,2.9
2026/04/22,tohoku,10.55,10.55,1.22,4.13,14.09,0.31,25,0.01
2026/04/22,tokyo,20.57,20.57,10.77,15.99,20.49,8.07,45,0.04
2026/04/23,chubu,20.08,20.08,24.47,24.35,15.63,24.04,27.17,15.13
2026/04/23,chugoku,17.94,17.94,24.04,23.8,10.87,23.67,26.31,8.61
2026/04/23,hokkaido,15.25,15.25,9.04,12.5,15.63,6.57,30.55,3
2026/04/23,hokuriku,17.94,17.94,24.04,23.8,10.87,23.67,26.31,8.61
2026/04/23,kansai,17.94,17.94,24.04,23.8,10.87,23.67,26.31,8.61
2026/04/23,kyushu,15.18,15.18,17.79,18.14,10.48,16.79,26.31,8.61
2026/04/23,shikoku,8.37,8.37,8.51,8.51,8.11,8.51,8.65,6.92
2026/04/23,system,19.64,19.64,21.12,22.13,15.49,20.29,30,14.46
2026/04/23,tohoku,15.25,15.25,9.04,12.5,15.63,6.57,30.55,3
2026/04/23,tokyo,21.87,21.87,26.82,28.04,15.63,24.04,60,15.13
2026/04/24,chubu,15.74,15.74,12.19,13.53,16.7,11.21,27.03,9.44
2026/04/24,chugoku,10.58,10.58,7.19,8.42,11.59,6.92,14.86,3.01
2026/04/24,hokkaido,13.78,13.78,3.14,5.95,18.47,1.64,27,0.01
2026/04/24,hokuriku,11.49,11.49,10.32,10.61,11.59,8.9,14.86,3.01
2026/04/24,kansai,11.49,11.49,10.32,10.61,11.59,8.9,14.86,3.01
2026/04/24,kyushu,8.87,8.87,1.64,4.33,11.59,0.06,14.86,0.01
2026/04/24,shikoku,8.65,8.65,7.09,8.09,9.34,6.78,14.41,3.01
2026/04/24,system,13.51,13.51,8.38,10.18,15.61,7.7,18.86,3.05
2026/04/24,tohoku,13.72,13.72,3.14,5.95,18.47,1.64,27,0.01
2026/04/24,tokyo,20.24,20.24,17.05,19.75,18.7,17.76,41,12.1
2026/04/25,chubu,8.83,8.83,0.08,1.43,15.63,0.01,16.98,0.01
2026/04/25,chugoku,6.13,6.13,0.08,1.37,9.6,0.01,14.32,0.01
2026/04/25,hokkaido,11.01,11.01,0.19,2.48,18.62,0.01,22.23,0.01
2026/04/25,hokuriku,6.13,6.13,0.08,1.37,9.6,0.01,14.32,0.01
2026/04/25,kansai,6.13,6.13,0.08,1.37,9.6,0.01,14.32,0.01
2026/04/25,kyushu,6.11,6.11,0.04,1.32,9.6,0.01,14.32,0.01
2026/04/25,shikoku,5.71,5.71,0.08,1.27,9.03,0.01,14.32,0.01
2026/04/25,system,9.52,9.52,0.4,2.24,15.54,0.01,17.27,0.01
2026/04/25,tohoku,11.01,11.01,0.19,2.48,18.62,0.01,22.23,0.01
2026/04/25,tokyo,16.27,16.27,7.86,9.71,23.79,5.96,45,0.1
2026/04/26,chubu,11.59,11.59,3.5,6.09,15.95,2.84,25,0.5
2026/04/26,chugoku,7.54,7.54,3.42,4.78,8.78,2.94,13.77,0.5
2026/04/26,hokkaido,7.82,7.82,0.01,1.72,12.45,0.01,15.7,0.01
2026/04/26,hokuriku,7.52,7.52,3.35,4.73,8.78,2.84,13.77,0.5
2026/04/26,kansai,7.54,7.54,3.42,4.78,8.78,2.94,13.77,0.5
2026/04/26,kyushu,7.54,7.54,3.41,4.77,8.78,2.91,13.77,0.5
2026/04/26,shikoku,7.52,7.52,3.42,4.77,8.75,2.93,13.77,0.5
2026/04/26,system,10.2,10.2,1.37,4.12,13.91,0.47,21.78,0.01
2026/04/26,tohoku,7.95,7.95,0.01,1.72,12.46,0.01,16.34,0.01
2026/04/26,tokyo,15.02,15.02,3.6,7.89,17.25,2.51,41,0.13
2026/04/27,chubu,17,17,15.7,16.63,16.2,14.02,27.12,8.39
2026/04/27,chugoku,10.2,10.2,7.78,9.03,9.59,8.25,16.35,2.4
2026/04/27,hokkaido,15.61,15.61,13.77,14.45,15.91,13.13,22.5,9.81
2026/04/27,hokuriku,11.36,11.36,10.52,11.83,9.59,9.89,22.78,2.9
2026/04/27,kansai,11.35,11.35,10.48,11.8,9.59,9.84,22.78,2.4
2026/04/27,kyushu,7.08,7.08,0.01,1.77,9.59,0.01,16.35,0.01
2026/04/27,shikoku,7.1,7.1,1.25,3.61,9.13,0.11,13.57,0.01
2026/04/27,system,13.96,13.96,9.89,11.66,15.05,9.04,18.69,4.5
2026/04/27,tohoku,16.24,16.24,15.39,15.77,16.13,14.24,22.5,9.81
2026/04/27,tokyo,19.68,19.68,24.71,22.99,16.2,23.55,50,14.53
2026/04/28,chubu,16.13,16.13,11.11,12.4,17.61,9.97,27.16,5.82
2026/04/28,chugoku,12.82,12.82,9.63,10.84,14,9.39,17.7,2.63
2026/04/28,hokkaido,15.17,15.17,8.66,11.09,17.03,7.71,23.66,4
2026/04/28,hokuriku,13.49,13.49,11.09,11.9,14,9.97,20,5.82
2026/04/28,kansai,13.49,13.49,11.09,11.9,14,9.97,20,5.82
2026/04/28,kyushu,10.51,10.51,2.65,5.92,13.89,1.02,17.22,0.01
2026/04/28,shikoku,7.83,7.83,2.43,5.04,10.26,0.9,15.96,0.01
2026/04/28,system,13.9,13.9,8.79,10.64,15.6,7.72,22.5,4.5
2026/04/28,tohoku,15.17,15.17,8.66,11.09,17.03,7.71,23.66,4
2026/04/28,tokyo,19.51,19.51,11.16,14.74,17.6,9.66,64.28,4.5
2026/04/29,chubu,16.03,16.03,9.95,11.86,17.33,9.58,26.15,8.63
2026/04/29,chugoku,12.36,12.36,9.46,10.5,12.91,9.52,16.43,8.61
2026/04/29,hokkaido,13.75,13.75,6.2,7.93,18.57,5.41,27.18,3.01
2026/04/29,hokuriku,12.36,12.36,9.46,10.5,12.91,9.52,16.43,8.61
2026/04/29,kansai,12.36,12.36,9.46,10.5,12.91,9.52,16.43,8.61
2026/04/29,kyushu,11.91,11.91,8.66,9.66,12.91,8.59,16.43,8.4
2026/04/29,shikoku,10.78,10.78,5.5,7.54,12.01,4.18,16.43,0.02
2026/04/29,system,13.87,13.87,8.49,10.11,15.62,8.29,21.5,8.09
2026/04/29,tohoku,13.29,13.29,6.2,7.93,17.34,5.41,20.07,3.01
2026/04/29,tokyo,17.72,17.72,10.85,12.83,17.44,9.95,40,8.63
2026/04/30,chubu,16.47,16.47,17.43,17.6,15.62,17.04,20,14.72
2026/04/30,chugoku,13.32,13.32,16.78,16.07,10.08,16.68,18.67,8.4
2026/04/30,hokkaido,12.11,12.11,1.93,4.82,15.67,1.1,27.2,0.01
2026/04/30,hokuriku,13.32,13.32,16.78,16.07,10.08,16.68,18.67,8.4
2026/04/30,kansai,13.32,13.32,16.78,16.07,10.08,16.68,18.67,8.4
2026/04/30,kyushu,12.5,12.5,14.12,14.11,10.08,13.26,17.78,8.4
2026/04/30,shikoku,9.46,9.46,10.44,9.81,9.45,11.32,17.78,8.17
2026/04/30,system,15.39,15.39,14.81,15.21,14.79,14.52,19.2,13.77
2026/04/30,tohoku,12.11,12.11,1.93,4.82,15.67,1.1,27.2,0.01
2026/04/30,tokyo,19.16,19.16,18.23,20.66,15.92,17.53,40,14.94
2026/05/01,chubu,14.66,14.66,12.87,13.67,15.23,11.85,16.52,9.94
2026/05/01,chugoku,10.39,10.39,6.67,7.82,10.74,6.17,15.96,3
2026/05/01,hokkaido,16.41,16.41,13.52,14.84,15.92,13.04,26.36,9.72
2026/05/01,hokuriku,11.62,11.62,10.9,10.78,10.74,10.52,16.29,7
2026/05/01,kansai,11.58,11.58,10.74,10.67,10.74,10.31,16.29,7
2026/05/01,kyushu,7.13,7.13,0.01,0.95,10.74,0.01,15.96,0.01
2026/05/01,shikoku,9.57,9.57,3.87,5.86,10.74,2.25,15.96,0.01
2026/05/01,system,15.03,15.03,12.12,13.28,15.25,11.3,22,8.13
2026/05/01,tohoku,18.67,18.67,20.17,20.2,15.92,19.34,30.27,14.8
2026/05/01,tokyo,18.74,18.74,20.42,20.37,15.92,19.69,30.27,14.8
2026/05/02,chubu,8.91,8.91,0.01,0.9,15.98,0.01,19,0.01
2026/05/02,chugoku,7.3,7.3,0.01,0.78,12.01,0.01,16,0.01
2026/05/02,hokkaido,9.86,9.86,0.01,1.44,17.59,0.01,21.32,0.01
2026/05/02,hokuriku,7.3,7.3,0.01,0.78,12.01,0.01,16,0.01
2026/05/02,kansai,7.3,7.3,0.01,0.78,12.01,0.01,16,0.01
2026/05/02,kyushu,7.28,7.28,0.01,0.78,12.01,0.01,16,0.01
2026/05/02,shikoku,7.2,7.2,0.01,0.78,11.73,0.01,16,0.01
2026/05/02,system,8.87,8.87,0.01,1.03,15.67,0.01,17.59,0.01
2026/05/02,tohoku,9.86,9.86,0.01,1.42,17.59,0.01,21.32,0.01
2026/05/02,tokyo,10.7,10.7,1.82,2.69,18.44,1.03,26.39,0.01
2026/05/03,chubu,12.76,12.76,9.18,10.08,14.35,8.64,18.41,5.55
2026/05/03,chugoku,10.26,10.26,8.39,8.63,11.11,8.42,14.19,5.55
2026/05/03,hokkaido,13.44,13.44,9.43,10.52,15.57,8.93,18.69,5
2026/05/03,hokuriku,10.26,10.26,8.39,8.63,11.11,8.42,14.19,5.55
2026/05/03,kansai,10.26,10.26,8.39,8.63,11.11,8.42,14.19,5.55
2026/05/03,kyushu,10.26,10.26,8.39,8.63,11.11,8.42,14.19,5.55
2026/05/03,shikoku,10.24,10.24,8.39,8.63,11.07,8.42,14.19,5.55
2026/05/03,system,12.3,12.3,9.33,9.9,14.05,9.19,15.75,7.44
2026/05/03,tohoku,13.58,13.58,9.89,10.85,15.57,9,18.69,6.37
2026/05/03,tokyo,14.28,14.28,12.31,12.54,15.57,12.04,18.69,8.49
2026/05/04,chubu,10.01,10.01,1.34,3.68,15.08,0.37,16.63,0.01
2026/05/04,chugoku,5.31,5.31,0.16,0.45,9.18,0.01,12,0.01
2026/05/04,hokkaido,11.6,11.6,6.01,7.59,14.79,4.8,16,1.15
2026/05/04,hokuriku,5.31,5.31,0.16,0.45,9.18,0.01,12,0.01
2026/05/04,kansai,5.31,5.31,0.16,0.45,9.18,0.01,12,0.01
2026/05/04,kyushu,5.06,5.06,0.01,0.26,9.18,0.01,12,0.01
2026/05/04,shikoku,5.29,5.29,0.08,0.4,9.18,0.01,12,0.01
2026/05/04,system,7.94,7.94,0.17,1.52,13.08,0.01,15,0.01
2026/05/04,tohoku,11.61,11.61,6.01,7.56,14.79,4.8,16,1.15
2026/05/04,tokyo,11.94,11.94,6.75,8.08,15.1,5.24,16.63,1.15
2026/05/05,chubu,7.28,7.28,0.01,1.26,12.42,0.01,15.79,0.01
2026/05/05,chugoku,5.94,5.94,0.01,0.46,9.99,0.01,14.09,0.01
2026/05/05,hokkaido,7.41,7.41,0.01,1.26,12.23,0.01,15.79,0.01
2026/05/05,hokuriku,5.94,5.94,0.01,0.46,9.99,0.01,14.09,0.01
2026/05/05,kansai,5.94,5.94,0.01,0.46,9.99,0.01,14.09,0.01
2026/05/05,kyushu,5.94,5.94,0.01,0.46,9.99,0.01,14.09,0.01
2026/05/05,shikoku,5.94,5.94,0.01,0.46,9.99,0.01,14.09,0.01
2026/05/05,system,6.88,6.88,0.01,0.95,11.47,0.01,14.85,0.01
2026/05/05,tohoku,7.47,7.47,0.01,1.26,12.37,0.01,15.79,0.01
2026/05/05,tokyo,7.48,7.48,0.01,1.26,12.42,0.01,15.79,0.01
2026/05/06,chubu,12.55,12.55,10.36,10.24,13.74,10.9,20,1.02
2026/05/06,chugoku,6.58,6.58,1.9,2.47,10.01,2.2,14.18,0.01
2026/05/06,hokkaido,9.52,9.52,0.37,3.1,14.29,0.01,20,0.01
2026/05/06,hokuriku,6.59,6.59,1.93,2.5,10.01,2.24,14.18,0.02
2026/05/06,kansai,6.59,6.59,1.93,2.49,10.01,2.24,14.18,0.01
2026/05/06,kyushu,5.58,5.58,0.01,0.46,10.01,0.01,14.18,0.01
2026/05/06,shikoku,6.58,6.58,1.9,2.47,10.01,2.2,14.18,0.01
2026/05/06,system,9.1,9.1,1.97,3.47,13.47,1.13,15.81,0.01
2026/05/06,tohoku,9.97,9.97,1.8,4.15,14.31,0.84,20,0.01
2026/05/06,tokyo,12.75,12.75,10.48,10.32,14.34,10.9,20,0.01
2026/05/07,chubu,15.42,15.42,12.56,13.44,16.44,11.96,22,9.71
2026/05/07,chugoku,9.09,9.09,0.12,2.32,13.68,0.11,18.4,0.01
2026/05/07,hokkaido,13.54,13.54,4.74,7.49,16.42,3.32,28.64,0.02
2026/05/07,hokuriku,13.69,13.69,12.56,13.37,13.68,11.96,19.16,3.74
2026/05/07,kansai,13.69,13.69,12.56,13.37,13.68,11.96,19.16,3.74
2026/05/07,kyushu,9.04,9.04,0.01,2.24,13.68,0.01,18.4,0.01
2026/05/07,shikoku,8.25,8.25,0.05,2.27,13.68,0.01,16.17,0.01
2026/05/07,system,12.48,12.48,6.84,8.63,15.05,5.67,19.26,1
2026/05/07,tohoku,13.38,13.38,4.74,7.49,16.45,3.32,30,0.02
2026/05/07,tokyo,16.94,16.94,15.25,15.61,16.45,12.99,35.83,10.27
2026/05/08,chubu,19.82,19.82,20.5,21.53,17.59,19.31,32.38,14.82
2026/05/08,chugoku,10.61,10.61,5.05,6.01,13.99,5.44,15.68,0.01
2026/05/08,hokkaido,19.99,19.99,20.32,21.59,17.95,19.31,30,15.04
2026/05/08,hokuriku,14.49,14.49,16.14,15.33,13.99,16.28,18.63,8.87
2026/05/08,kansai,14.49,14.49,16.14,15.33,13.99,16.28,18.63,8.87
2026/05/08,kyushu,9.63,9.63,1.66,3.64,13.99,0.69,15.68,0.01
2026/05/08,shikoku,6.9,6.9,5.05,5.62,8.03,5.44,10.5,0.01
2026/05/08,system,16.14,16.14,14.6,15.47,16.5,13.66,20.01,9.94
2026/05/08,tohoku,20.08,20.08,20.62,21.8,17.95,19.31,32.4,15.04
2026/05/08,tokyo,20.08,20.08,20.62,21.8,17.95,19.31,32.4,15.04
2026/05/09,chubu,9.77,9.77,0.01,1.46,16.83,0.01,22,0.01
2026/05/09,chugoku,8.18,8.18,0.01,1.46,12.66,0.01,17.56,0.01
2026/05/09,hokkaido,10.09,10.09,0.33,2.23,16.83,0.01,22,0.01
2026/05/09,hokuriku,8.18,8.18,0.01,1.46,12.66,0.01,17.56,0.01
2026/05/09,kansai,8.18,8.18,0.01,1.46,12.66,0.01,17.56,0.01
2026/05/09,kyushu,7.67,7.67,0.01,0.47,12.57,0.01,17.56,0.01
2026/05/09,shikoku,6.13,6.13,0.01,1.08,11.01,0.01,15.5,0.01
2026/05/09,system,9.02,9.02,0.01,1.31,15.35,0.01,17.47,0.01
2026/05/09,tohoku,9.94,9.94,0.33,1.86,16.83,0.01,22,0.01
2026/05/09,tokyo,10.24,10.24,1.37,2.59,16.83,0.82,22,0.01
2026/05/10,chubu,9.6,9.6,0.01,2.17,15.62,0.01,17.5,0.01
2026/05/10,chugoku,7.66,7.66,0.01,0.91,12.6,0.01,16.11,0.01
2026/05/10,hokkaido,9.94,9.94,0.01,2.13,15.54,0.01,22.9,0.01
2026/05/10,hokuriku,7.66,7.66,0.01,0.91,12.6,0.01,16.11,0.01
2026/05/10,kansai,7.66,7.66,0.01,0.91,12.6,0.01,16.11,0.01
2026/05/10,kyushu,7.66,7.66,0.01,0.91,12.6,0.01,16.11,0.01
2026/05/10,shikoku,6.19,6.19,0.01,0.81,11.43,0.01,15.99,0.01
2026/05/10,system,8.97,8.97,0.01,1.48,14.65,0.01,18.56,0.01
2026/05/10,tohoku,9.96,9.96,0.01,2.13,15.61,0.01,22.9,0.01
2026/05/10,tokyo,10.33,10.33,0.92,2.82,15.81,0.33,22.9,0.01
2026/05/11,chubu,17.63,17.63,12.71,14.07,19.14,11.88,27.27,5.66
2026/05/11,chugoku,8.07,8.07,0.01,1.8,11.76,0.01,17.49,0.01
2026/05/11,hokkaido,14.32,14.32,3.22,6.72,19.1,1.8,27.27,0.01
2026/05/11,hokuriku,12.52,12.52,11.2,12.49,11.76,10.23,17.49,0.01
2026/05/11,kansai,12.52,12.52,11.2,12.49,11.76,10.23,17.49,0.01
2026/05/11,kyushu,8.07,8.07,0.01,1.8,11.76,0.01,17.49,0.01
2026/05/11,shikoku,6.53,6.53,0.01,1.63,11.75,0.01,15.93,0.01
2026/05/11,system,12.06,12.06,3.06,5.65,15.87,1.84,27.15,0.01
2026/05/11,tohoku,14.33,14.33,3.22,6.72,19.14,1.8,27.27,0.01
2026/05/11,tokyo,17.72,17.72,12.99,14.28,19.14,11.93,27.27,5.66
2026/05/12,chubu,19.24,19.24,14.87,16.32,20.73,12.24,30,6.77
2026/05/12,chugoku,12.67,12.67,7.41,9.22,14.8,6.53,19.4,1.69
2026/05/12,hokkaido,14.67,14.67,3.68,6.96,19.47,2.46,28.98,0.01
2026/05/12,hokuriku,13.88,13.88,11.19,12.12,14.8,10.36,19.4,5
2026/05/12,kansai,13.88,13.88,11.19,12.12,14.8,10.36,19.4,5
2026/05/12,kyushu,9.85,9.85,0.08,2.55,14.8,0.01,19.4,0.01
2026/05/12,shikoku,9.66,9.66,4.66,6.94,12.97,3.21,16.99,0.02
2026/05/12,system,15.24,15.24,8.64,10.67,17.36,7.22,29.5,2.05
2026/05/12,tohoku,15.25,15.25,3.68,7.24,20.7,2.46,28.98,0.01
2026/05/12,tokyo,20.69,20.69,19.84,19.82,20.73,18.29,36,14.26
2026/05/13,chubu,19.47,19.47,17.39,18.04,21.01,15.79,27.07,11.36
2026/05/13,chugoku,13.73,13.73,8.31,10.51,15.82,7.41,20,3
2026/05/13,hokkaido,16.65,16.65,9.24,11.3,20.71,8.49,28.99,3
2026/05/13,hokuriku,15.66,15.66,14.04,15.14,15.82,13.58,24.67,8.58
2026/05/13,kansai,15.66,15.66,14.04,15.14,15.82,13.58,24.67,8.58
2026/05/13,kyushu,9.77,9.77,0.01,2.1,15.28,0.01,20,0.01
2026/05/13,shikoku,11.59,11.59,5.8,7.36,15.82,3.89,18.25,0.02
2026/05/13,system,16.19,16.19,10.42,12.2,18.72,9.33,25.73,3.55
2026/05/13,tohoku,16.68,16.68,9.25,11.3,20.8,8.49,28.99,3
2026/05/13,tokyo,20.74,20.74,19.45,19.79,21.16,17.41,34.5,15.5
2026/05/14,chubu,20.61,20.61,15.04,16.91,21.89,13.84,35.32,11.12
2026/05/14,chugoku,16.5,16.5,10.05,11.94,17.68,11.92,28.41,2.5
2026/05/14,hokkaido,16.6,16.6,5.21,8.87,21.32,3.4,30.01,1
2026/05/14,hokuriku,18.26,18.26,14.59,16.16,17.68,13.5,28.41,8.72
2026/05/14,kansai,18.26,18.26,14.59,16.16,17.68,13.5,28.41,8.72
2026/05/14,kyushu,10.78,10.78,0.01,2.02,16.09,0.01,28.41,0.01
2026/05/14,shikoku,4.17,4.17,0.82,1.28,6.93,0.26,24.5,0.01
2026/05/14,system,16.97,16.97,9,11.34,19.7,8.07,31.25,3.55
2026/05/14,tohoku,16.58,16.58,5.21,8.87,21.32,3.4,30.01,1
2026/05/14,tokyo,21.59,21.59,18.29,19.24,21.89,17.63,35.32,12.54
2026/05/15,chubu,17.29,17.29,12.92,14.31,18.42,11.76,28.41,8
2026/05/15,chugoku,12.79,12.79,3.64,6.33,15.84,2.94,28.41,0.61
2026/05/15,hokkaido,12.14,12.14,0.82,4.09,17.17,0.11,28.41,0.01
2026/05/15,hokuriku,16.05,16.05,12.89,14.16,15.84,11.76,28.41,5
2026/05/15,kansai,16.05,16.05,12.89,14.16,15.84,11.76,28.41,5
2026/05/15,kyushu,10.27,10.27,0.01,1.8,15.35,0.01,28.41,0.01
2026/05/15,shikoku,0.49,0.49,0.08,0.41,0.01,0.11,5,0.01
2026/05/15,system,13.67,13.67,3.77,6.97,17.21,1.7,29.5,0.01
2026/05/15,tohoku,12.14,12.14,0.82,4.09,17.17,0.11,28.41,0.01
2026/05/15,tokyo,17.46,17.46,13.04,14.57,18.42,11.85,28.41,8
2026/05/16,chubu,13.65,13.65,1.04,3.56,22.65,0.11,35.83,0.01
2026/05/16,chugoku,10.91,10.91,1.04,3.56,16.03,0.11,25.9,0.01
2026/05/16,hokkaido,9.35,9.35,0.02,1.88,15.74,0.01,22.33,0.01
2026/05/16,hokuriku,10.91,10.91,1.04,3.56,16.03,0.11,25.9,0.01
2026/05/16,kansai,10.91,10.91,1.04,3.56,16.03,0.11,25.9,0.01
2026/05/16,kyushu,8.72,8.72,0.01,1.52,13.97,0.01,20,0.01
2026/05/16,shikoku,10.1,10.1,0.01,2.14,15.51,0.01,25.9,0.01
2026/05/16,system,10.39,10.39,0.29,2.25,17.31,0.01,22.49,0.01
2026/05/16,tohoku,8.41,8.41,0.02,1.72,13.99,0.01,22.33,0.01
2026/05/16,tokyo,15.27,15.27,4.24,6.63,22.65,2.87,35.83,0.01
2026/05/17,chubu,10.8,10.8,0.01,1.94,18.77,0.01,26.12,0.01
2026/05/17,chugoku,8.84,8.84,0.01,1.81,13.69,0.01,20,0.01
2026/05/17,hokkaido,10.12,10.12,0.29,2.43,16.3,0.01,20.68,0.01
2026/05/17,hokuriku,8.84,8.84,0.01,1.81,13.69,0.01,20,0.01
2026/05/17,kansai,8.84,8.84,0.01,1.81,13.69,0.01,20,0.01
2026/05/17,kyushu,7.02,7.02,0.01,1.02,12.01,0.01,14.96,0.01
2026/05/17,shikoku,8.82,8.82,0.01,1.77,13.69,0.01,20,0.01
2026/05/17,system,9.3,9.3,0.01,1.85,15.42,0.01,17.81,0.01
2026/05/17,tohoku,10.04,10.04,0.29,2.37,16.3,0.01,20.68,0.01
2026/05/17,tokyo,13.42,13.42,3.2,4.56,22.38,1.68,50.01,0.01
2026/05/18,chubu,18.58,18.58,14.59,16.49,17.33,13.39,35.83,10
2026/05/18,chugoku,10.72,10.72,0.01,3.52,13.3,0.01,28.18,0.01
2026/05/18,hokkaido,14.02,14.02,2.19,6.38,17.18,1.49,35.83,0.01
2026/05/18,hokuriku,15.95,15.95,14.59,16.09,13.3,13.39,28.18,2.9
2026/05/18,kansai,15.95,15.95,14.59,16.09,13.3,13.39,28.18,2.9
2026/05/18,kyushu,8.35,8.35,0.01,1.8,11.44,0.01,22,0.01
2026/05/18,shikoku,10.72,10.72,0.01,3.52,13.3,0.01,28.18,0.01
2026/05/18,system,12.99,12.99,3.68,6.82,15.34,2.35,30,0.01
2026/05/18,tohoku,13.52,13.52,0.85,5.29,17.08,0.21,35.83,0.01
2026/05/18,tokyo,19.16,19.16,15.59,17.39,17.53,14.07,35.83,10
2026/05/19,chubu,19.55,19.55,15.12,17.01,19.07,14.07,35.83,9.07
2026/05/19,chugoku,13.12,13.12,0.61,5.19,16.54,0.01,27.97,0.01
2026/05/19,hokkaido,19.37,19.37,11.79,13.74,21.35,12.03,35.83,2.9
2026/05/19,hokuriku,18.05,18.05,15.12,17.01,16.54,14.07,27.97,9.07
2026/05/19,kansai,18.05,18.05,15.12,17.01,16.54,14.07,27.97,9.07
2026/05/19,kyushu,9.04,9.04,0.5,2.74,11.91,0.01,20,0.01
2026/05/19,shikoku,12.85,12.85,0.55,4.77,16.54,0.01,27.97,0.01
2026/05/19,system,14.57,14.57,6.55,9.42,16.35,4.72,30.01,0.7
2026/05/19,tohoku,15.44,15.44,3.23,7.39,19.15,1.79,35.83,0.01
2026/05/19,tokyo,19.77,19.77,15.88,17.54,19.15,14.26,35.83,7.15
2026/05/20,chubu,20.33,20.33,25.1,25.22,15.26,23.75,40.41,10.9
2026/05/20,chugoku,18.03,18.03,18.04,19.7,15.26,17.95,33.07,10.9
2026/05/20,hokkaido,16.82,16.82,13,16.67,15.27,10.91,33.07,7.33
2026/05/20,hokuriku,20.33,20.33,25.1,25.22,15.26,23.75,40.41,10.9
2026/05/20,kansai,20.4,20.4,25.16,25.39,15.26,23.83,40.41,10.9
2026/05/20,kyushu,12.92,12.92,5.66,8.91,14.04,4.22,27.97,0.01
2026/05/20,shikoku,10.69,10.69,18.04,17.01,5.29,17.95,21.5,3
2026/05/20,system,19.52,19.52,20.04,21.86,15.75,17.91,36,10.91
2026/05/20,tohoku,16.6,16.6,12.24,16.14,15.27,10.58,33.07,7.33
2026/05/20,tokyo,20.86,20.86,26.8,26.38,15.27,24.52,50.01,8.57
2026/05/21,chubu,22.59,22.59,34.93,32.27,14.73,34.66,40.39,13.58
2026/05/21,chugoku,16.3,16.3,16.01,17.17,14.73,16.33,27.97,9.49
2026/05/21,hokkaido,15.18,15.18,12.3,14.85,14.36,11.44,27.25,6
2026/05/21,hokuriku,22.59,22.59,34.93,32.27,14.73,34.66,40.39,13.58
2026/05/21,kansai,22.59,22.59,34.93,32.27,14.73,34.66,40.39,13.58
2026/05/21,kyushu,12.15,12.15,10.04,11.42,11.43,9.82,20,9.49
2026/05/21,shikoku,9.87,9.87,15.83,13.36,6.48,16.33,21.11,0.02
2026/05/21,system,20.42,20.42,27.5,26.61,14.81,27.2,30,11.56
2026/05/21,tohoku,20.06,20.06,26.98,26.48,14.42,26.67,32.99,8
2026/05/21,tokyo,22.47,22.47,34.93,32.27,14.42,34.66,40.39,8
2026/05/22,chubu,19.46,19.46,22.54,22.49,16.11,19.25,33.05,14.25
2026/05/22,chugoku,13.6,13.6,5.53,8.47,16.06,5.36,26.5,0.01
2026/05/22,hokkaido,15.63,15.63,10.97,13.54,15.87,9.87,26.5,6
2026/05/22,hokuriku,19.44,19.44,22.54,22.49,16.06,19.25,33.05,14.25
2026/05/22,kansai,19.44,19.44,22.54,22.49,16.06,19.25,33.05,14.25
2026/05/22,kyushu,10.83,10.83,0.51,3.06,15.4,0.01,26.5,0.01
2026/05/22,shikoku,4.54,4.54,2.26,2.79,4.58,1.06,13,0.01
2026/05/22,system,16.9,16.9,14.23,15.68,16.34,13.25,27.97,9.03
2026/05/22,tohoku,17.78,17.78,16.85,18.64,15.85,15.3,26.5,9.92
2026/05/22,tokyo,20.73,20.73,26.55,25.7,15.85,23.17,50,15.07
2026/05/23,chubu,15.85,15.85,12.64,13.49,17.82,11.98,19.57,9.71
2026/05/23,chugoku,13.86,13.86,10.46,11.65,15.36,10.17,17.39,8.08
2026/05/23,hokkaido,9.87,9.87,0.37,2.63,15.66,0.01,19.18,0.01
2026/05/23,hokuriku,14.54,14.54,12.64,13.27,15.36,11.98,17.39,8.08
2026/05/23,kansai,14.54,14.54,12.64,13.27,15.36,11.98,17.39,8.08
2026/05/23,kyushu,9.41,9.41,0.57,2.73,13.84,0.01,17.39,0.01
2026/05/23,shikoku,7.2,7.2,7.87,7.7,6.78,7.6,11,3
2026/05/23,system,13,13,8.44,9.47,15.75,7.98,17.39,6.5
2026/05/23,tohoku,9.91,9.91,0.37,2.67,15.66,0.01,19.18,0.01
2026/05/23,tokyo,15.98,15.98,12.64,13.49,17.82,11.98,19.57,9.71
2026/05/24,chubu,14,14,7.1,7.9,17.41,5.84,29.23,1
2026/05/24,chugoku,11.29,11.29,6.55,7.25,12.56,5.84,22.1,1
2026/05/24,hokkaido,13.75,13.75,7.21,9.26,14.67,7.18,26.57,4
2026/05/24,hokuriku,11.58,11.58,7.1,7.64,12.56,5.84,28.1,1
2026/05/24,kansai,11.58,11.58,7.1,7.64,12.56,5.84,28.1,1
2026/05/24,kyushu,9.22,9.22,0.59,2.71,12.56,0.01,22.1,0.01
2026/05/24,shikoku,7.69,7.69,2.78,3.7,10.99,1.3,17.53,0.02
2026/05/24,system,13.67,13.67,8.15,9.32,14.9,7.55,28.1,6.97
2026/05/24,tohoku,13.75,13.75,7.21,9.26,14.67,7.18,26.57,4
2026/05/24,tokyo,21.77,21.77,24.51,22.85,17.44,23.77,50,11.39
2026/05/25,chubu,20.11,20.11,15.18,17.16,18.71,15.15,40.41,11.31
2026/05/25,chugoku,14.65,14.65,7.09,10.33,14.96,7.4,40.41,2.5
2026/05/25,hokkaido,14.58,14.58,4.26,7.04,19.15,2.6,35.83,0.01
2026/05/25,hokuriku,16.85,16.85,14.18,15.6,14.96,14.88,40.41,5
2026/05/25,kansai,16.85,16.85,14.18,15.6,14.96,14.88,40.41,5
2026/05/25,kyushu,12.6,12.6,3.09,6.52,13.98,1.87,40.41,0.01
2026/05/25,shikoku,1.48,1.48,0.53,1.22,0.98,0.21,9.07,0.01
2026/05/25,system,17.27,17.27,10.45,13,16.84,9.54,40.41,6
2026/05/25,tohoku,17.14,17.14,4.33,9.06,19.07,2.7,50,0.01
2026/05/25,tokyo,21.59,21.59,18.44,19.45,19.07,17.35,50,11.45
2026/05/26,chubu,21.45,21.45,19.05,20.83,19.59,17.44,30.85,15
2026/05/26,chugoku,20.9,20.9,17.33,19.62,19.52,15.76,30.85,9.36
2026/05/26,hokkaido,18.43,18.43,12.09,15.61,17.39,10.31,32,8
2026/05/26,hokuriku,21.37,21.37,18.93,20.75,19.52,17.44,30.85,15
2026/05/26,kansai,21.37,21.37,18.93,20.75,19.52,17.44,30.85,15
2026/05/26,kyushu,13.11,13.11,9.55,11.93,11.73,9.34,24,9.28
2026/05/26,shikoku,18.08,18.08,15.43,16.14,19.52,15.73,30.85,0.01
2026/05/26,system,21.2,21.2,18.17,20.3,18.79,16.59,35,11.9
2026/05/26,tohoku,19.25,19.25,12.09,15.61,19.59,10.31,32,8
2026/05/26,tokyo,22.36,22.36,21.45,22.59,19.59,20.23,34,16.02
2026/05/27,chubu,22.37,22.37,23.13,24.13,18.46,22.49,32.02,16.72
2026/05/27,chugoku,21.94,21.94,22.85,23.83,18.46,22.49,31.97,16.72
2026/05/27,hokkaido,16.65,16.65,12.03,13.4,15.18,11.03,40,7.34
2026/05/27,hokuriku,22.37,22.37,23.13,24.13,18.46,22.49,32.02,16.72
2026/05/27,kansai,22.37,22.37,23.13,24.13,18.46,22.49,32.02,16.72
2026/05/27,kyushu,17.29,17.29,17.81,20.01,11.09,15.44,31.97,9.28
2026/05/27,shikoku,18.16,18.16,22.2,19.52,18.46,22.49,31.96,3
2026/05/27,system,21.84,21.84,22.06,23.52,17.64,20.74,35,16.13
2026/05/27,tohoku,20.61,20.61,15.8,18.99,18.68,12.62,40,7.34
2026/05/27,tokyo,23.64,23.64,26.01,26.14,18.68,23.79,50,16.72
2026/05/28,chubu,21.97,21.97,26.26,26.3,17.48,24.77,36,16.89
2026/05/28,chugoku,18.21,18.21,17.56,17.77,17.48,17.88,24.99,14.2
2026/05/28,hokkaido,21.48,21.48,22.32,23.94,16.71,20.14,40,14.66
2026/05/28,hokuriku,21.97,21.97,26.26,26.3,17.48,24.77,36,16.89
2026/05/28,kansai,21.97,21.97,26.26,26.3,17.48,24.77,36,16.89
2026/05/28,kyushu,14.25,14.25,10.04,12,13.93,9.66,24.99,9.49
2026/05/28,shikoku,6.46,6.46,2.8,2.42,6.92,3.92,20,0.01
2026/05/28,system,22.36,22.36,24.11,24.83,17.98,23.25,31,16.96
2026/05/28,tohoku,23.29,23.29,23.14,24.67,17.76,21.3,50,16.83
2026/05/28,tokyo,24.39,24.39,26.94,27.33,17.76,25.72,50,16.89
2026/05/29,chubu,19.37,19.37,16.55,18.3,19.5,16.22,30.59,14.15
2026/05/29,chugoku,10.84,10.84,0.98,2.76,17.33,0.46,19.89,0.01
2026/05/29,hokkaido,10.54,10.54,0.6,3.57,16.07,0.01,19.92,0.01
2026/05/29,hokuriku,19.01,19.01,16.55,18.3,18.87,16.22,30.59,14.15
2026/05/29,kansai,19.01,19.01,16.55,18.3,18.87,16.22,30.59,14.15
2026/05/29,kyushu,9.44,9.44,0.66,2.44,13.97,0.01,19.89,0.01
2026/05/29,shikoku,0.95,0.95,0.01,0.01,1.06,0.01,5,0.01
2026/05/29,system,18.32,18.32,12.19,14.09,20.26,10.85,31.04,8.01
2026/05/29,tohoku,13.37,13.37,0.6,4.61,18.45,0.01,36,0.01
2026/05/29,tokyo,23.03,23.03,26.29,25.58,19.55,24.89,50.01,16.27
2026/05/30,chubu,12.92,12.92,1.94,4.44,19.5,0.47,27,0.01
2026/05/30,chugoku,8.69,8.69,0.01,1.19,15.21,0.01,18.8,0.01
2026/05/30,hokkaido,9.72,9.72,0.01,2.98,15.39,0.01,21,0.01
2026/05/30,hokuriku,10.26,10.26,1.94,4.02,15.69,0.47,18.8,0.01
2026/05/30,kansai,10.26,10.26,1.94,4.02,15.69,0.47,18.8,0.01
2026/05/30,kyushu,8.38,8.38,0.01,1.09,14.52,0.01,18.8,0.01
2026/05/30,shikoku,0.48,0.48,0.01,0.01,0.45,0.01,3,0.01
2026/05/30,system,11.08,11.08,0.93,3.18,17.53,0.11,21.09,0.01
2026/05/30,tohoku,12.42,12.42,0.01,3.23,19.42,0.01,25.06,0.01
2026/05/30,tokyo,20.55,20.55,15.2,16.39,22.98,14.99,45,8
2026/05/31,chubu,15.25,15.25,11.96,12.04,17.49,11.97,20.14,7.39
2026/05/31,chugoku,7.66,7.66,0.22,1.88,11,0.01,17.24,0.01
2026/05/31,hokkaido,11.38,11.38,0.95,2.81,16.46,0.06,34.5,0.01
2026/05/31,hokuriku,10.56,10.56,9.65,8.85,11,10.13,17.24,2.9
2026/05/31,kansai,10.56,10.56,9.65,8.85,11,10.13,17.24,2.9
2026/05/31,kyushu,7.2,7.2,0.01,1.09,11,0.01,17.24,0.01
2026/05/31,shikoku,1.74,1.74,0.22,0.8,2.29,0.01,6.82,0.01
2026/05/31,system,12.1,12.1,4.67,6.21,16.07,3.53,21.18,1.04
2026/05/31,tohoku,14.64,14.64,0.95,4.67,21.36,0.06,35.83,0.01
2026/05/31,tokyo,21.65,21.65,20.57,20.05,21.59,18.5,49.99,11.49
2026/06/01,chubu,20.74,20.74,17.79,20.2,18.42,15.65,32.18,12.06
2026/06/01,chugoku,11.08,11.08,6.66,8.66,10.8,5.64,20,1
2026/06/01,hokkaido,14.2,14.2,5.21,7.86,16.25,4.57,30.79,0.01
2026/06/01,hokuriku,18.07,18.07,16.38,18.64,14.85,14.33,28.45,6
2026/06/01,kansai,18.07,18.07,16.38,18.64,14.85,14.33,28.45,6
2026/06/01,kyushu,11.08,11.08,6.66,8.66,10.8,5.64,20,1
2026/06/01,shikoku,2.57,2.57,0.01,0.61,1.09,0.01,17.67,0.01
2026/06/01,system,18.25,18.25,13.27,16.09,17.09,11.9,32.17,8.04
2026/06/01,tohoku,18.69,18.69,11.81,15.08,18.46,8.24,46,2
2026/06/01,tokyo,23.55,23.55,26.24,26.12,18.46,25.95,50,12.06
2026/06/02,chubu,22.81,22.81,31.18,30.01,16.12,31.35,40.14,13.66
2026/06/02,chugoku,16.74,16.74,23.64,22.79,10.9,23.01,28,9.57
2026/06/02,hokkaido,14.13,14.13,8.35,11.06,14.99,8.01,27.03,6
2026/06/02,hokuriku,22.65,22.65,31.18,30.01,15.7,31.35,40.14,13.66
2026/06/02,kansai,22.65,22.65,31.18,30.01,15.7,31.35,40.14,13.66
2026/06/02,kyushu,16.55,16.55,23.64,22.79,10.39,23.01,28,9.57
2026/06/02,shikoku,8.76,8.76,15.3,15.42,1.57,14.28,18.88,0.01
2026/06/02,system,22.08,22.08,28.01,27.64,16.45,27.54,32.09,14.17
2026/06/02,tohoku,21.12,21.12,24.8,25.16,16.98,23.88,32.03,15.65
2026/06/02,tokyo,23.5,23.5,32.42,30.88,16.98,33.08,45,15.65
2026/06/03,chubu,21.84,21.84,25.27,25.65,16.1,22.82,40.24,11.53
2026/06/03,chugoku,12.56,12.56,5.88,8.37,14.92,5.13,20.49,0.5
2026/06/03,hokkaido,17.13,17.13,15.15,16.7,15.98,14.03,25.5,9
2026/06/03,hokuriku,17.31,17.31,14.79,16.75,14.97,13.32,31.03,7.59
2026/06/03,kansai,17.31,17.31,14.79,16.75,14.97,13.32,31.03,7.59
2026/06/03,kyushu,11.6,11.6,5.88,8.37,12.36,5.13,20.49,0.5
2026/06/03,shikoku,10.83,10.83,3.71,6.86,14.55,2.1,18.07,0.01
2026/06/03,system,21.4,21.4,21.83,23.06,17.35,20.21,32.01,16.11
2026/06/03,tohoku,23.9,23.9,34.32,31.98,16.09,35.49,45.72,12.06
2026/06/03,tokyo,23.9,23.9,34.32,31.98,16.09,35.49,45.72,12.06
2026/06/04,chubu,21.32,21.32,19.64,21.85,18.09,18.17,40,16.58
2026/06/04,chugoku,13.14,13.14,12.16,12.98,13.4,11.29,19.36,9.15
2026/06/04,hokkaido,19.42,19.42,14.01,17.45,17.97,12.42,40,8.87
2026/06/04,hokuriku,19.02,19.02,18.79,21.19,14.07,17.04,40,9.15
2026/06/04,kansai,19.02,19.02,18.79,21.19,14.07,17.04,40,9.15
2026/06/04,kyushu,12.86,12.86,12.16,12.98,12.66,11.29,19.36,9.15
2026/06/04,shikoku,12.17,12.17,12.16,12.98,13.4,11.29,19.36,2
2026/06/04,system,19.45,19.45,17.24,19.43,17.02,16.17,32.02,11.59
2026/06/04,tohoku,20.26,20.26,16.4,19.3,18.09,15.37,40,9.3
2026/06/04,tokyo,21.22,21.22,19.69,21.61,18.09,18.23,40,16.58
2026/06/05,chubu,20.29,20.29,17.9,19.01,19.91,17.11,30,15.9
2026/06/05,chugoku,11.02,11.02,9.02,9.32,12.07,8.8,17.12,4.52
2026/06/05,hokkaido,17.49,17.49,10.45,13.2,18.9,9.36,30,7.68
2026/06/05,hokuriku,17.35,17.35,16.91,16.96,14.81,16.91,30,9.57
2026/06/05,kansai,17.35,17.35,16.91,16.96,14.81,16.91,30,9.57
2026/06/05,kyushu,10.23,10.23,9.02,9.32,9.95,8.8,17.12,4.52
2026/06/05,shikoku,9.33,9.33,9.02,8.83,12.06,8.8,17,0.02
2026/06/05,system,16.43,16.43,12.23,13.61,17.22,11.25,27,8.46
2026/06/05,tohoku,18.27,18.27,11.86,14.78,19.22,10.08,30,7.68
2026/06/05,tokyo,20.19,20.19,17.9,19.01,19.65,17.11,30,15.9
2026/06/06,chubu,16.85,16.85,12.63,13.83,17.57,11.34,26.97,9.77
2026/06/06,chugoku,9.83,9.83,6.3,6.98,12.82,6.08,15.93,2.03
2026/06/06,hokkaido,14.24,14.24,9.49,11.18,14.2,9.14,29.81,8
2026/06/06,hokuriku,15.27,15.27,12.63,13.47,14.29,11.34,26.97,9.18
2026/06/06,kansai,15.27,15.27,12.63,13.47,14.29,11.34,26.97,9.18
2026/06/06,kyushu,9.4,9.4,6.3,6.98,11.68,6.08,13.86,2.03
2026/06/06,shikoku,7.97,7.97,2.5,4.32,12.44,1.45,15.93,0.01
2026/06/06,system,13.49,13.49,9.27,10.18,15.55,8.88,18.48,7.06
2026/06/06,tohoku,16.52,16.52,10.78,12.53,18.12,9.62,29.81,8
2026/06/06,tokyo,17,17,12.41,13.68,18.12,11.03,29.81,9.77
2026/06/07,chubu,17.82,17.82,17.24,17.23,17.77,17.25,22.95,11.98
2026/06/07,chugoku,10.05,10.05,8.23,8.72,10.17,8.23,16.01,8
2026/06/07,hokkaido,17.4,17.4,10.27,13.16,18.12,9.15,35.83,7.63
2026/06/07,hokuriku,16.45,16.45,17.24,17.23,14.27,17.25,22.95,9
2026/06/07,kansai,16.45,16.45,17.24,17.23,14.27,17.25,22.95,9
2026/06/07,kyushu,10.05,10.05,8.23,8.72,10.17,8.23,16.01,8
2026/06/07,shikoku,9.17,9.17,8.23,8.72,9.75,8.23,16.01,0.01
2026/06/07,system,14.87,14.87,12.48,13.28,14.74,12.45,22.95,9.33
2026/06/07,tohoku,17.35,17.35,10.1,13.04,18.12,8.92,35.83,7.63
2026/06/07,tokyo,20.7,20.7,20.48,20.95,18.12,20.99,35.83,16.83
2026/06/08,chubu,20.48,20.48,20.89,21.86,18.13,19.51,35.83,13.25
2026/06/08,chugoku,11.65,11.65,9.63,10.49,11.76,9.45,16.01,9.01
2026/06/08,hokkaido,19.73,19.73,20.91,21.99,16.26,20.05,30,15.48
2026/06/08,hokuriku,16.69,16.69,20.89,20.85,13.15,19.51,35.83,9.56
2026/06/08,kansai,16.65,16.65,20.89,20.85,13.04,19.51,35.83,9.56
2026/06/08,kyushu,11.28,11.28,9.63,10.49,10.77,9.45,16.01,9.01
2026/06/08,shikoku,10.23,10.23,9.63,10.45,11.53,9.45,15.41,2.5
2026/06/08,system,16.62,16.62,17.4,17.84,14.34,16.55,25.01,11.8
2026/06/08,tohoku,20.21,20.21,20.91,21.99,17.23,20.05,30,15.69
2026/06/08,tokyo,21.51,21.51,25.36,25.1,17.23,23.51,35.83,15.69
2026/06/09,chubu,21.69,21.69,23.79,24.2,18.09,22.32,30.61,17.48
2026/06/09,chugoku,10.69,10.69,9.54,9.87,10.18,9.47,14.76,9.36
2026/06/09,hokkaido,13.22,13.22,8.6,9.84,15.24,8.47,17.53,6.07
2026/06/09,hokuriku,18.41,18.41,22.54,21.97,15.85,21.74,27.69,9.36
2026/06/09,kansai,18.41,18.41,22.54,21.97,15.85,21.74,27.69,9.36
2026/06/09,kyushu,10.69,10.69,9.54,9.87,10.18,9.47,14.76,9.36
2026/06/09,shikoku,2.98,2.98,4.32,4.22,0.53,4.13,10.22,0.01
2026/06/09,system,18.22,18.22,16.42,17.41,17.34,15.81,27.69,11.46
2026/06/09,tohoku,12.75,12.75,0.91,4.28,18.09,0.06,28,0.01
2026/06/09,tokyo,21.69,21.69,23.79,24.2,18.09,22.32,30.61,17.48
2026/06/10,chubu,19.38,19.38,15.85,16.95,19.57,15,30,10
2026/06/10,chugoku,6.08,6.08,0.01,1.08,9.36,0.01,14.45,0.01
2026/06/10,hokkaido,13.89,13.89,5.4,8.6,15.25,4.67,30,1
2026/06/10,hokuriku,12.29,12.29,13.23,13.44,11.1,13.01,18.01,1
2026/06/10,kansai,12.29,12.29,13.23,13.44,11.1,13.01,18.01,1
2026/06/10,kyushu,6.08,6.08,0.01,1.08,9.36,0.01,14.45,0.01
2026/06/10,shikoku,1.74,1.74,0.01,0.01,1.79,0.01,11.52,0.01
2026/06/10,system,14.68,14.68,9.58,11.17,17.13,8.95,20.32,7.78
2026/06/10,tohoku,14.42,14.42,3.39,6.6,18.87,2.53,30,0.01
2026/06/10,tokyo,21.89,21.89,22.87,22.83,19.57,21.72,35.83,18.07
2026/06/11,chubu,18.18,18.18,14.01,14.82,19.4,13.71,30.05,11.23
2026/06/11,chugoku,5.75,5.75,0.01,1.03,9.04,0.01,13.82,0.01
2026/06/11,hokkaido,12.77,12.77,3.02,5.66,16.46,1.65,27.24,0.01
2026/06/11,hokuriku,11.99,11.99,13.36,13.27,11.38,13.18,19,2.6
2026/06/11,kansai,11.99,11.99,13.36,13.27,11.38,13.18,19,2.6
2026/06/11,kyushu,5.75,5.75,0.01,1.03,9.04,0.01,13.82,0.01
2026/06/11,shikoku,2.85,2.85,0.01,0.11,4.4,0.01,11.52,0.01
2026/06/11,system,13.79,13.79,8.22,9.94,16.49,7.22,20,2.9
2026/06/11,tohoku,14.59,14.59,3.02,6.71,19.06,1.65,30.05,0.01
2026/06/11,tokyo,20.32,20.32,18.5,19.1,19.5,17.71,30.05,16.21
2026/06/12,chubu,17.92,17.92,14.12,15.04,18.98,13.85,30.19,11.43
2026/06/12,chugoku,7.01,7.01,0.01,1.74,10.6,0.01,14.45,0.01
2026/06/12,hokkaido,13.09,13.09,3.87,7.34,15.13,2.6,30.19,0.01
2026/06/12,hokuriku,12.28,12.28,13.23,13.39,10.96,12.97,16.64,7.49
2026/06/12,kansai,12.28,12.28,13.23,13.39,10.96,12.97,16.64,7.49
2026/06/12,kyushu,7.01,7.01,0.01,1.74,10.6,0.01,14.45,0.01
2026/06/12,shikoku,5.65,5.65,0.01,0.36,10.6,0.01,14.45,0.01
2026/06/12,system,13.45,13.45,7.54,9.47,16.42,6.26,18.87,2.5
2026/06/12,tohoku,14.72,14.72,3.87,7.34,19.14,2.6,30.19,0.01
2026/06/12,tokyo,20.16,20.16,18.53,19.69,19.2,16.94,35.83,16.21
2026/06/13,chubu,11.78,11.78,3.37,5.27,17.49,2.56,19.59,0.02
2026/06/13,chugoku,8.4,8.4,3.1,4.57,11.32,2.49,14.28,0.02
2026/06/13,hokkaido,11.76,11.76,0.39,3.09,18.25,0.01,23.82,0.01
2026/06/13,hokuriku,8.42,8.42,3.15,4.6,11.35,2.56,14.28,0.02
2026/06/13,kansai,8.41,8.41,3.15,4.6,11.32,2.56,14.28,0.02
2026/06/13,kyushu,7.06,7.06,0.55,2.14,10.97,0.01,14.06,0.01
2026/06/13,shikoku,5.95,5.95,0.08,1.32,10.77,0.01,14.28,0.01
2026/06/13,system,11.2,11.2,2.88,4.73,16.34,1.99,18.06,0.01
2026/06/13,tohoku,11.95,11.95,0.39,3.29,18.28,0.01,23.82,0.01
2026/06/13,tokyo,17.46,17.46,13.61,14.65,18.98,13.15,23.82,10.62
2026/06/14,chubu,11.72,11.72,6.82,7.78,13.64,6.23,19.98,2.05
2026/06/14,chugoku,9.37,9.37,6.71,7.7,10.21,6.22,13.82,2.05
2026/06/14,hokkaido,11.77,11.77,0.37,3.54,17.05,0.01,25.29,0.01
2026/06/14,hokuriku,9.37,9.37,6.72,7.71,10.21,6.23,13.82,2.05
2026/06/14,kansai,9.37,9.37,6.72,7.71,10.21,6.23,13.82,2.05
2026/06/14,kyushu,9.37,9.37,6.71,7.7,10.21,6.22,13.82,2.05
2026/06/14,shikoku,7.88,7.88,5.63,6.61,9.8,4.85,13.44,1
2026/06/14,system,11.97,11.97,6.53,8.48,13.44,6.21,19.33,1.01
2026/06/14,tohoku,11.91,11.91,0.37,3.87,17.06,0.01,25.29,0.01
2026/06/14,tokyo,20.11,20.11,17.19,18.31,17.96,17.08,45,15.11
2026/06/15,chubu,20.23,20.23,18.95,19.6,18.8,18.62,30,15
2026/06/15,chugoku,10.78,10.78,8.54,9.17,11.12,7.7,15.06,2.5
2026/06/15,hokkaido,17.34,17.34,10.3,12.58,19.2,9.28,30,8.46
2026/06/15,hokuriku,13.04,13.04,15.44,14.59,11.12,15.54,20,8.33
2026/06/15,kansai,13.04,13.04,15.44,14.59,11.12,15.54,20,8.33
2026/06/15,kyushu,10.13,10.13,6.65,7.85,10.84,5.05,15.06,0.01
2026/06/15,shikoku,8.43,8.43,5.41,6.15,9.96,3.31,15.06,0.01
2026/06/15,system,15.94,15.94,14.15,14.91,16.11,13.13,18.67,8.94
2026/06/15,tohoku,17.32,17.32,10.21,12.52,19.2,9.14,30,8.46
2026/06/15,tokyo,23.14,23.14,27.67,26.22,19.2,24.95,43.5,18.15
2026/06/16,chubu,20.18,20.18,17.86,19.78,18.88,16.3,32,12.56
2026/06/16,chugoku,12.06,12.06,8.99,9.69,13.65,8.44,18.5,2.5
2026/06/16,hokkaido,15.53,15.53,7.12,9.39,18.89,6.71,26.4,1
2026/06/16,hokuriku,14.47,14.47,15.54,15.47,13.65,15.6,21.13,9.42
2026/06/16,kansai,14.47,14.47,15.54,15.47,13.65,15.6,21.13,9.42
2026/06/16,kyushu,11.78,11.78,8.99,9.69,12.91,8.44,16.19,2.5
2026/06/16,shikoku,9.7,9.7,6.68,7.9,12.91,5.21,18.5,0.02
2026/06/16,system,15.23,15.23,11.27,12.62,16.77,10.49,20.6,5.41
2026/06/16,tohoku,13.43,13.43,1.45,4.73,18.6,0.61,26.4,0.01
2026/06/16,tokyo,20.18,20.18,17.86,19.78,18.88,16.3,32,12.56
2026/06/17,chubu,21.86,21.86,23.36,23.57,19.28,22.89,31.53,17.63
2026/06/17,chugoku,13.54,13.54,11.78,12.34,14.11,11.37,18,9.66
2026/06/17,hokkaido,14.77,14.77,3.42,7.78,18.83,1.84,30,0.01
2026/06/17,hokuriku,15.39,15.39,17.07,16.24,14.68,17.67,19.59,9.76
2026/06/17,kansai,15.17,15.17,17.07,16.24,14.11,17.67,19.5,9.76
2026/06/17,kyushu,12.37,12.37,11.65,12.24,11.34,11.37,16.24,9.66
2026/06/17,shikoku,11.2,11.2,11.78,12.16,11.6,11.37,18,2
2026/06/17,system,17.16,17.16,15.59,16.16,17.6,15.06,21.15,11.93
2026/06/17,tohoku,14.49,14.49,3.35,7.21,18.88,1.84,30,0.01
2026/06/17,tokyo,22.57,22.57,25.77,25.27,19.28,24.83,50,17.63
2026/06/18,chubu,20.02,20.02,19.42,20.07,18.06,18.55,30,17.17
2026/06/18,chugoku,13.48,13.48,10.86,11.25,14.79,10.68,18.5,9.5
2026/06/18,hokkaido,15.9,15.9,10.87,12.9,17.11,10.46,29.28,8
2026/06/18,hokuriku,16.38,16.38,18.24,18.19,14.79,17.14,28.04,9.5
2026/06/18,kansai,16.38,16.38,18.24,18.19,14.79,17.14,28.04,9.5
2026/06/18,kyushu,12.78,12.78,10.86,11.25,12.96,10.68,18,9.5
2026/06/18,shikoku,5.42,5.42,7.52,7.98,2.12,6.91,12.51,0.01
2026/06/18,system,18,18,16.86,17.38,17.42,16.38,28.04,12.12
2026/06/18,tohoku,15.93,15.93,8.78,11.46,17.63,7.71,30,3
2026/06/18,tokyo,22.85,22.85,26.69,26.83,18.06,26.26,50,17.17
2026/06/19,chubu,20.4,20.4,18.49,20.43,18.66,18.34,30,15.97
2026/06/19,chugoku,15.06,15.06,12,13.04,16.24,11.56,19.17,10.08
2026/06/19,hokkaido,17.94,17.94,12.52,15.18,18.17,11.42,30,9.2
2026/06/19,hokuriku,18.62,18.62,18.1,19.86,16.24,17.93,30,10.08
2026/06/19,kansai,18.17,18.17,18.1,19.86,16.24,17.93,28.04,10.08
2026/06/19,kyushu,12.33,12.33,11.63,12.58,10.09,11.05,19.17,9.7
2026/06/19,shikoku,12.73,12.73,9.55,10.05,13.39,9.48,19,3.5
2026/06/19,system,17.92,17.92,16.72,17.8,17.29,16.03,26.36,11.88
2026/06/19,tohoku,16.41,16.41,7.58,11.38,18.71,5.97,30,3.01
2026/06/19,tokyo,22.45,22.45,25.25,25.25,18.71,22,50.01,17.03
2026/06/20,chubu,18.66,18.66,19.73,20.38,17.19,19.27,25.8,16.41
2026/06/20,chugoku,14.08,14.08,14.74,14.35,13.75,14.77,16.37,10.01
2026/06/20,hokkaido,14.29,14.29,10.85,11.68,16.55,10.33,17.75,9.69
2026/06/20,hokuriku,14.08,14.08,14.74,14.35,13.75,14.77,16.37,10.01
2026/06/20,kansai,14.08,14.08,14.74,14.35,13.75,14.77,16.37,10.01
2026/06/20,kyushu,11.12,11.12,10.83,11,10.28,10.89,14.45,9.64
2026/06/20,shikoku,12.24,12.24,10.65,11.03,13.75,11.44,16.37,1
2026/06/20,system,15.47,15.47,16.3,16.29,14.42,16.28,17.54,11.74
2026/06/20,tohoku,14.29,14.29,10.82,11.62,16.63,10.3,17.9,8.9
2026/06/20,tokyo,21.23,21.23,24.21,23.96,17.23,24.76,30,16.41
2026/06/21,chubu,11.79,11.79,3.36,5.69,15.72,1.96,21.02,0.01
2026/06/21,chugoku,9.89,9.89,2.97,5.22,11.56,1.96,20.95,0.01
2026/06/21,hokkaido,11.49,11.49,9.73,10.04,11.34,10.06,17,0.01
2026/06/21,hokuriku,10.04,10.04,3.36,5.59,11.56,1.96,20.95,0.01
2026/06/21,kansai,10.04,10.04,3.36,5.59,11.56,1.96,20.95,0.01
2026/06/21,kyushu,6.74,6.74,0.22,2.13,9.92,0.01,12.51,0.01
2026/06/21,shikoku,9.26,9.26,0.96,3.7,11.56,0.06,20.95,0.01
2026/06/21,system,11.93,11.93,8.79,9.52,13.01,8.32,17.46,6.93
2026/06/21,tohoku,12.34,12.34,9.83,10.1,13.54,10.19,17,8.87
2026/06/21,tokyo,18.51,18.51,17.69,17.36,19.53,17.45,45,14.37
2026/06/22,chubu,16.88,16.88,17.03,17.94,15.26,16.73,26.12,11.77
2026/06/22,chugoku,10.86,10.86,9.74,10.11,10.32,9.49,15.76,9.27
2026/06/22,hokkaido,15.92,15.92,15.96,16.13,14.83,15.59,20,12
2026/06/22,hokuriku,13.77,13.77,16.58,17.09,10.32,16.3,26.12,9.27
2026/06/22,kansai,13.77,13.77,16.58,17.09,10.32,16.3,26.12,9.27
2026/06/22,kyushu,10.57,10.57,9.74,10.11,9.98,9.49,15.76,9.27
2026/06/22,shikoku,8.19,8.19,4.95,5.78,10.2,4.93,15.75,0.01
2026/06/22,system,14.1,14.1,15.41,15.72,11.54,15.04,18.02,10.01
2026/06/22,tohoku,16.69,16.69,16.39,17.01,15.32,16.17,21,12.24
2026/06/22,tokyo,18.49,18.49,20.8,20.8,15.85,20.18,29,12.74
2026/06/23,chubu,16.49,16.49,15.02,15.87,16.13,14.37,21.23,11.5
2026/06/23,chugoku,10.48,10.48,9.8,9.88,10.62,9.69,14,9.27
2026/06/23,hokkaido,15.6,15.6,10.91,13.01,16.32,10,25,9.69
2026/06/23,hokuriku,12.46,12.46,14.17,14.62,10.62,13.84,18.57,9.38
2026/06/23,kansai,12.46,12.46,14.17,14.62,10.62,13.84,18.57,9.38
2026/06/23,kyushu,10.09,10.09,9.8,9.88,9.84,9.69,12.51,9.27
2026/06/23,shikoku,5.67,5.67,8.13,7.28,3.38,7.96,10.08,0.02
2026/06/23,system,14.12,14.12,13.42,14.3,12.8,12.53,18.41,9.97
2026/06/23,tohoku,15.73,15.73,10.91,13.07,16.33,10,25,9.69
2026/06/23,tokyo,18.48,18.48,17.93,19.2,16.43,17.34,25,15.37
2026/06/24,chubu,17.82,17.82,18.79,18.91,16.05,18.41,25.01,13
2026/06/24,chugoku,11.93,11.93,14.25,13.87,10.19,14.38,15.75,9.27
2026/06/24,hokkaido,11.55,11.55,3.19,5.13,15.66,2.33,23.13,0.01
2026/06/24,hokuriku,11.93,11.93,14.25,13.87,10.19,14.38,15.75,9.27
2026/06/24,kansai,11.93,11.93,14.25,13.87,10.19,14.38,15.75,9.27
2026/06/24,kyushu,11.03,11.03,12.62,12.31,9.79,12.48,14.32,9.27
2026/06/24,shikoku,7.08,7.08,9.12,8.53,5.94,8.62,15.5,2.9
2026/06/24,system,13.73,13.73,13.92,14.29,12.24,13.49,17.45,10.08
2026/06/24,tohoku,11.65,11.65,2.2,4.97,15.88,1.31,24.26,0.01
2026/06/24,tokyo,17.82,17.82,18.79,18.91,16.05,18.41,25.01,13
2026/06/25,chubu,18.78,18.78,21.82,21.43,16.04,21.45,23.58,15
2026/06/25,chugoku,13.74,13.74,15.88,15.15,11.03,15.81,18.51,9.27
2026/06/25,hokkaido,12.31,12.31,8.33,9.41,13.38,7.54,19.13,3
2026/06/25,hokuriku,13.74,13.74,15.88,15.15,11.03,15.81,18.51,9.27
2026/06/25,kansai,13.74,13.74,15.88,15.15,11.03,15.81,18.51,9.27
2026/06/25,kyushu,11.25,11.25,11.86,11.71,9.91,11.59,16.36,9.27
2026/06/25,shikoku,11.84,11.84,10.63,10.72,10.9,11.28,18.51,0.01
2026/06/25,system,15.28,15.28,17.45,17.39,12.06,17.28,18.83,10.16
2026/06/25,tohoku,14.62,14.62,10.61,12.05,15.93,9.43,20,8.69
2026/06/25,tokyo,20.14,20.14,25.32,24.69,16.04,24.45,35.83,15
2026/06/26,chubu,18.85,18.85,21.46,20.99,16.06,20.77,25.12,15
2026/06/26,chugoku,11.82,11.82,13.49,13.37,9.81,13.61,14.5,9.35
2026/06/26,hokkaido,17.3,17.3,17.61,17.95,16.06,17.18,20.39,13.01
2026/06/26,hokuriku,11.82,11.82,13.49,13.37,9.81,13.61,14.5,9.35
2026/06/26,kansai,11.82,11.82,13.49,13.37,9.81,13.61,14.5,9.35
2026/06/26,kyushu,11.44,11.44,13.4,13.12,9.81,13.49,14.5,9.35
2026/06/26,shikoku,9.67,9.67,7.57,8.27,9.81,7.71,14.5,0.01
2026/06/26,system,15.03,15.03,17.54,17.46,11.87,17.25,19,9.99
2026/06/26,tohoku,17.39,17.39,17.84,18.17,16.06,17.2,20.39,13.01
2026/06/26,tokyo,19.09,19.09,22.3,21.58,16.06,21.27,29.01,15
2026/06/27,chubu,13.98,13.98,11.83,12.37,14.84,11.04,17.03,10.56
2026/06/27,chugoku,8.26,8.26,6.23,6.78,9.17,6.74,12.51,0.02
2026/06/27,hokkaido,11.43,11.43,3.59,6.21,14.52,2.46,21,1
2026/06/27,hokuriku,9.35,9.35,9.34,8.95,9.65,9.3,12.51,6
2026/06/27,kansai,8.62,8.62,7.45,7.63,9.17,8.45,12.51,0.02
2026/06/27,kyushu,6.52,6.52,0.47,2.59,9.17,0.06,12.51,0.01
2026/06/27,shikoku,7.7,7.7,5.53,5.46,9.13,6.16,12.51,0.01
2026/06/27,system,10.93,10.93,9.19,9.52,11.22,8.91,15.5,8
2026/06/27,tohoku,11.33,11.33,3.59,6.08,14.44,2.46,21,1
2026/06/27,tokyo,15.72,15.72,15.89,15.73,14.88,15.77,21,13.28
2026/06/28,chubu,7.68,7.68,1.94,3.03,11.19,1.47,14.71,0.01
2026/06/28,chugoku,5.81,5.81,1.62,2.25,8.17,1.47,12.51,0.01
2026/06/28,hokkaido,9.47,9.47,0.88,3.04,13.93,0.01,17.92,0.01
2026/06/28,hokuriku,5.95,5.95,1.94,2.53,8.22,1.47,12.51,0.01
2026/06/28,kansai,5.81,5.81,1.62,2.25,8.17,1.47,12.51,0.01
2026/06/28,kyushu,5.28,5.28,0.01,1.08,8.17,0.01,12.51,0.01
2026/06/28,shikoku,5.62,5.62,1,1.78,8.17,0.61,12.51,0.01
2026/06/28,system,8.02,8.02,3.47,4.65,9.7,3.16,14.83,0.7
2026/06/28,tohoku,9.04,9.04,0.08,2.45,13.67,0.01,17.92,0.01
2026/06/28,tokyo,14.88,14.88,15.04,14.96,14.22,15.43,17.92,11.24
2026/06/29,chubu,15.05,15.05,13.97,15.17,12.18,13.27,24.58,10.09
2026/06/29,chugoku,7.32,7.32,1.01,3.46,8.92,0.01,16,0.01
2026/06/29,hokkaido,13.96,13.96,9.47,11.03,13.77,8.59,24.58,3
2026/06/29,hokuriku,9.59,9.59,8.53,8.72,9.13,9.01,16,1
2026/06/29,kansai,9.51,9.51,8.53,8.72,8.92,9.01,16,1
2026/06/29,kyushu,6.98,6.98,0.73,2.66,8.9,0.01,16,0.01
2026/06/29,shikoku,5.91,5.91,0.43,2.08,8.79,0.01,13.49,0.01
2026/06/29,system,11.37,11.37,7.83,9.44,10.7,6.53,20.84,0.7
2026/06/29,tohoku,10.47,10.47,1.77,4.58,12.19,0.71,24.58,0.01
2026/06/29,tokyo,15.38,15.38,15.07,15.94,12.19,14.71,24.58,10.09
2026/06/30,chubu,16.23,16.23,16.99,17.5,14.28,16.19,23.26,11.58
2026/06/30,chugoku,11.26,11.26,10.39,11.08,10.28,10.03,15.33,9.42
2026/06/30,hokkaido,10.21,10.21,1.87,4.44,14.02,0.91,21.16,0.01
2026/06/30,hokuriku,12.01,12.01,12.94,12.86,10.3,13.37,16.6,9.5
2026/06/30,kansai,12,12,12.94,12.86,10.28,13.37,16.6,9.42
2026/06/30,kyushu,11.24,11.24,10.34,11.05,10.28,10.03,15.33,9.42
2026/06/30,shikoku,7.72,7.72,9.3,8.59,6.98,9.01,13.23,3
2026/06/30,system,12.73,12.73,12.45,12.96,11.45,12.04,17.42,9.29
2026/06/30,tohoku,10.78,10.78,1.87,5.14,14.07,0.91,22.42,0.01
2026/06/30,tokyo,16.23,16.23,16.99,17.5,14.28,16.19,23.26,11.58
2026/07/01,chubu,16.07,16.07,15.16,16.33,14.26,14.79,22.5,11.06
2026/07/01,chugoku,12.09,12.09,14.52,14.15,9.91,14.4,16.5,8.32
2026/07/01,hokkaido,12.16,12.16,6.85,8.53,14.18,6.12,20.9,3
2026/07/01,hokuriku,12.09,12.09,14.52,14.15,9.91,14.4,16.5,8.32
2026/07/01,kansai,12.09,12.09,14.52,14.15,9.91,14.4,16.5,8.32
2026/07/01,kyushu,12.09,12.09,14.52,14.15,9.91,14.4,16.5,8.32
2026/07/01,shikoku,8.57,8.57,10.46,9.5,8.3,9.93,16.5,7.01
2026/07/01,system,14.02,14.02,13.88,14.87,11.65,13.43,20.87,9.62
2026/07/01,tohoku,13.09,13.09,6.38,9.55,14.19,5.25,22.5,3
2026/07/01,tokyo,16.06,16.06,15.12,16.3,14.26,14.73,22.5,11.06
2026/07/02,chubu,16.58,16.58,15.83,16.83,14.68,14.87,22.54,10.93
2026/07/02,chugoku,11.29,11.29,10.86,11.57,10.09,10.29,14.75,9.34
2026/07/02,hokkaido,13.16,13.16,9.95,10.86,14.47,9.6,18.01,9.24
2026/07/02,hokuriku,11.42,11.42,11.26,11.84,10.11,10.85,14.75,9.34
2026/07/02,kansai,11.41,11.41,11.26,11.84,10.09,10.85,14.75,9.34
2026/07/02,kyushu,11.29,11.29,10.86,11.57,10.09,10.29,14.75,9.34
2026/07/02,shikoku,6.81,6.81,5.47,5.97,7.48,4.82,10.69,0.01
2026/07/02,system,14.14,14.14,14.23,14.82,12,13.71,20,10.38
2026/07/02,tohoku,16.72,16.72,16.29,17.15,14.68,15.78,22.54,13.81
2026/07/02,tokyo,16.99,16.99,17.23,17.81,14.68,16.82,22.54,14.14
2026/07/03,chubu,13.94,13.94,12.08,12.87,14.06,11.47,18.68,7.82
2026/07/03,chugoku,10.66,10.66,9.12,9.9,10.01,9.13,16.33,7.82
2026/07/03,hokkaido,13.83,13.83,10.58,12.24,14.09,10.11,18.68,9.24
2026/07/03,hokuriku,10.68,10.68,9.15,9.92,10.05,9.17,16.33,7.82
2026/07/03,kansai,10.67,10.67,9.15,9.92,10.01,9.17,16.33,7.82
2026/07/03,kyushu,10.66,10.66,9.12,9.9,10.01,9.13,16.33,7.82
2026/07/03,shikoku,8.23,8.23,3.56,5.67,8.38,3.2,16.33,0.01
2026/07/03,system,12.09,12.09,10.59,11.49,11.48,10,16.01,7.82
2026/07/03,tohoku,14.49,14.49,12.48,13.59,14.35,11.13,18.68,9.28
2026/07/03,tokyo,15.24,15.24,15.04,15.38,14.35,14.71,18.68,13.19
2026/07/04,chubu,11.85,11.85,9.52,9.87,13.25,9.34,14.38,8.5
2026/07/04,chugoku,9.62,9.62,9.46,9.5,9.44,9.34,11,8.32
2026/07/04,hokkaido,10.28,10.28,2.15,4.83,13.31,1.33,19.88,0.03
2026/07/04,hokuriku,9.62,9.62,9.46,9.5,9.44,9.34,11,8.32
2026/07/04,kansai,9.62,9.62,9.46,9.5,9.44,9.34,11,8.32
2026/07/04,kyushu,9.62,9.62,9.46,9.5,9.44,9.34,11,8.32
2026/07/04,shikoku,9.62,9.62,9.46,9.5,9.44,9.34,11,8.32
2026/07/04,system,10.57,10.57,8.97,9.31,10.75,8.77,14.28,8.32
2026/07/04,tohoku,10.28,10.28,2.15,4.83,13.31,1.33,19.88,0.03
2026/07/04,tokyo,12.69,12.69,9.67,10.53,13.35,9.34,19.88,8.5
2026/07/05,chubu,10.22,10.22,9.01,9.12,10.52,8.93,14.1,8.32
2026/07/05,chugoku,9.05,9.05,8.98,9,8.58,8.89,12,7.37
2026/07/05,hokkaido,10.02,10.02,2.94,5.55,12.29,2.07,18.5,0.01
2026/07/05,hokuriku,9.11,9.11,8.98,9,8.74,8.89,12,7.37
2026/07/05,kansai,9.05,9.05,8.98,9,8.58,8.89,12,7.37
2026/07/05,kyushu,9.05,9.05,8.98,9,8.58,8.89,12,7.37
2026/07/05,shikoku,9.05,9.05,8.98,9,8.58,8.89,12,7.37
2026/07/05,system,10.05,10.05,9.2,9.37,9.66,9.23,14.07,8.32
2026/07/05,tohoku,9.79,9.79,2.94,5.3,12.21,2.07,18.5,0.01
2026/07/05,tokyo,14.61,14.61,15.96,15.57,12.77,16.57,19.5,10.1
2026/07/06,chubu,15.52,15.52,18.94,19,11.35,18.67,21.54,9.39
2026/07/06,chugoku,11.11,11.11,10.8,11.27,9.74,10.88,16.39,8.39
2026/07/06,hokkaido,13.21,13.21,11.69,13.47,11.8,11.13,20.36,9.39
2026/07/06,hokuriku,11.78,11.78,13.09,12.88,9.74,14.09,20,8.39
2026/07/06,kansai,11.78,11.78,13.09,12.88,9.74,14.09,20,8.39
2026/07/06,kyushu,11.02,11.02,10.49,11.05,9.74,10.44,16.39,8.39
2026/07/06,shikoku,9.32,9.32,6.89,8.26,8.92,6.51,16.39,1
2026/07/06,system,13.48,13.48,15.24,15.55,10.37,15.19,18.22,8.97
2026/07/06,tohoku,13.06,13.06,11.82,13.57,11.29,11.13,20.36,9.39
2026/07/06,tokyo,15.56,15.56,18.94,19,11.45,18.67,21.54,9.39
2026/07/07,chubu,13.72,13.72,12.07,13.05,12.54,11.56,21.22,10
2026/07/07,chugoku,12.42,12.42,9.97,11.17,12.12,9.59,19.42,9.4
2026/07/07,hokkaido,12.53,12.53,8.53,10.42,12.45,7.9,21.22,5.6
2026/07/07,hokuriku,12.95,12.95,11.78,12.44,12.12,11.44,19.42,9.99
2026/07/07,kansai,12.95,12.95,11.78,12.44,12.12,11.44,19.42,9.99
2026/07/07,kyushu,12.42,12.42,9.95,11.16,12.12,9.57,19.42,9.4
2026/07/07,shikoku,10.1,10.1,7.44,7.65,12.12,7,16.51,2
2026/07/07,system,12.65,12.65,10.51,11.66,11.81,9.94,20,8.4
2026/07/07,tohoku,12.57,12.57,8.53,10.42,12.55,7.9,21.22,5.6
2026/07/07,tokyo,13.75,13.75,12.11,13.07,12.58,11.61,21.22,10
2026/07/08,chubu,13.87,13.87,13.07,13.62,13.48,12.62,16.99,10.32
2026/07/08,chugoku,11.29,11.29,9.87,10.83,10.65,9.67,15.83,9.4
2026/07/08,hokkaido,12.96,12.96,10.67,11.59,13.44,9.9,16.99,8.49
2026/07/08,hokuriku,11.63,11.63,11.02,11.64,10.65,11.18,15.83,9.71
2026/07/08,kansai,11.61,11.61,10.96,11.59,10.65,11.15,15.83,9.71
2026/07/08,kyushu,11.28,11.28,9.82,10.79,10.65,9.59,15.83,9.4
2026/07/08,shikoku,6.25,6.25,3.29,4.32,7.52,2.88,10,0.01
2026/07/08,system,12.25,12.25,10.88,11.65,11.77,10.39,16.39,9.4
2026/07/08,tohoku,12.96,12.96,10.67,11.59,13.44,9.9,16.99,8.49
2026/07/08,tokyo,14.06,14.06,13.72,14.07,13.48,13.53,16.99,10.75
2026/07/09,chubu,14.29,14.29,12.04,13.18,13.99,11.65,20,9.97
2026/07/09,chugoku,11.72,11.72,9.53,10.28,12.13,9.46,15.8,9.4
2026/07/09,hokkaido,13.91,13.91,10.79,12.25,14.09,9.95,20,8.84
2026/07/09,hokuriku,12.38,12.38,11.65,11.88,12.13,11.4,15.8,9.4
2026/07/09,kansai,12.35,12.35,11.55,11.8,12.13,11.4,15.8,9.4
2026/07/09,kyushu,11.72,11.72,9.53,10.28,12.13,9.46,15.8,9.4
2026/07/09,shikoku,8.76,8.76,5.86,6.68,11.03,4.92,14.5,0.5
2026/07/09,system,13.07,13.07,11.2,12.07,12.77,10.75,19.42,9.4
2026/07/09,tohoku,13.66,13.66,9.93,11.65,14.09,8.74,20,5
2026/07/09,tokyo,15.28,15.28,14.76,15.33,14.2,14.44,20,10.19
2026/07/10,chubu,15.34,15.34,13.67,14.88,13.97,13.18,22.12,10.11
2026/07/10,chugoku,13.61,13.61,9.96,11.98,13.35,9.29,21.77,8.32
2026/07/10,hokkaido,14.58,14.58,11.43,13.21,13.95,10.9,22.12,8.84
2026/07/10,hokuriku,14.71,14.71,13.67,14.64,13.35,13.18,21.77,9.5
2026/07/10,kansai,14.68,14.68,13.55,14.56,13.35,13.18,21.77,9.5
2026/07/10,kyushu,13.6,13.6,9.95,11.97,13.35,9.29,21.77,8.32
2026/07/10,shikoku,10.82,10.82,9.39,11.57,8.86,8.49,21.77,3
2026/07/10,system,14.52,14.52,11.8,13.41,13.59,11.21,22.35,9.35
2026/07/10,tohoku,14.45,14.45,10.98,12.89,13.95,10.27,22.12,7.63
2026/07/10,tokyo,15.58,15.58,14.29,15.46,13.98,13.95,22.12,10.11
2026/07/11,chubu,13.19,13.19,9.2,10.24,14.26,8.95,22.92,8.32
2026/07/11,chugoku,12.36,12.36,9.1,10.07,12.46,8.89,22.92,8.32
2026/07/11,hokkaido,14.58,14.58,11.29,13.36,14.3,10.51,30,7.56
2026/07/11,hokuriku,12.39,12.39,9.2,10.14,12.46,8.95,22.92,8.32
2026/07/11,kansai,12.39,12.39,9.2,10.14,12.46,8.95,22.92,8.32
2026/07/11,kyushu,12.36,12.36,9.1,10.07,12.46,8.89,22.92,8.32
2026/07/11,shikoku,8.17,8.17,5.99,6.86,8.92,5.44,14,3
2026/07/11,system,13.87,13.87,9.84,11.5,13.67,9.21,25,8
2026/07/11,tohoku,15.25,15.25,11.29,13.36,14.87,10.51,30,7.56
2026/07/11,tokyo,16.52,16.52,13.74,15.26,15.17,13.37,30.2,10.28
2026/07/12,chubu,13.99,13.99,10.6,11.7,13.84,10.26,22.92,8.58
2026/07/12,chugoku,12.89,12.89,8.99,10.21,12.67,8.79,22.92,8.32
2026/07/12,hokkaido,14.68,14.68,9.62,11.6,15.6,9.53,22.92,8.72
2026/07/12,hokuriku,13.4,13.4,10.6,11.4,12.67,10.26,22.92,8.58
2026/07/12,kansai,13.29,13.29,10.34,11.19,12.67,10.02,22.92,8.58
2026/07/12,kyushu,12.89,12.89,8.99,10.21,12.67,8.79,22.92,8.32
2026/07/12,shikoku,8.27,8.27,4.7,5.69,9.74,3.44,17.89,1
2026/07/12,system,15,15,12.21,13.24,14.53,12.04,23.2,9.82
2026/07/12,tohoku,15.23,15.23,11.5,12.91,15.6,11.71,22.92,10.01
2026/07/12,tokyo,19.29,19.29,23.18,21.59,16.25,24.97,35.59,14.78
2026/07/13,chubu,21.44,21.44,29.36,28.75,13.13,28.92,31.53,10.97
2026/07/13,chugoku,15.97,15.97,13.62,17,12.26,11.27,29.78,8.93
2026/07/13,hokkaido,17.32,17.32,14.77,18.54,13.5,12.83,29.78,8.73
2026/07/13,hokuriku,20.87,20.87,29.36,28.75,12.26,28.92,31.53,8.93
2026/07/13,kansai,20.78,20.78,29.05,28.54,12.26,28.76,30.46,8.93
2026/07/13,kyushu,15.97,15.97,13.62,17,12.26,11.27,29.78,8.93
2026/07/13,shikoku,13.16,13.16,13.62,14.58,10.17,11.27,29.78,7.15
2026/07/13,system,19.11,19.11,22.28,23.33,12.68,21.16,30,10.57
2026/07/13,tohoku,19.66,19.66,22.79,24.15,13.5,21.44,30,10.97
2026/07/13,tokyo,21.57,21.57,29.36,28.75,13.5,28.92,31.53,10.97
2026/07/14,chubu,19.94,19.94,17.47,19.64,15.54,16.93,36.21,11.36
2026/07/14,chugoku,18.19,18.19,12.97,16.43,14.49,12.14,36.21,9.71
2026/07/14,hokkaido,20.13,20.13,16.76,19.2,16.04,15.68,38.7,13.74
2026/07/14,hokuriku,19.51,19.51,17.47,19.58,14.49,16.93,36.21,11
2026/07/14,kansai,19.46,19.46,17.3,19.46,14.49,16.91,36.21,11
2026/07/14,kyushu,17.4,17.4,11.06,14.72,14.43,9.69,36.21,9.4
2026/07/14,shikoku,10.61,10.61,1.53,4.44,13.8,0.11,20.54,0.01
2026/07/14,system,19.74,19.74,16.44,18.8,15.61,15.84,36.31,14.06
2026/07/14,tohoku,20.58,20.58,17.94,20.03,16.04,17.34,38.7,14.66
2026/07/14,tokyo,20.58,20.58,17.94,20.03,16.04,17.34,38.7,14.66
2026/07/15,chubu,20.07,20.07,21.78,23.36,15.16,20.93,33.02,12.1
2026/07/15,chugoku,18.98,18.98,18.98,20.85,15.05,18.51,32.02,12.1
2026/07/15,hokkaido,17.39,17.39,14.41,17.8,16.55,13.09,33.02,9.44
2026/07/15,hokuriku,20.03,20.03,21.78,23.36,15.07,20.93,33.02,12.1
2026/07/15,kansai,20.03,20.03,21.78,23.36,15.05,20.93,33.02,12.1
2026/07/15,kyushu,18.24,18.24,17.29,19.47,14.81,16.14,32.02,11
2026/07/15,shikoku,15.85,15.85,14.6,15.35,14.41,16.16,26,2.9
2026/07/15,system,20.13,20.13,20.17,22.16,16.13,18.94,33,14.29
2026/07/15,tohoku,18.14,18.14,14.41,17.8,16.89,13.09,33.02,9.44
2026/07/15,tokyo,20.88,20.88,21.62,23.34,17.23,20.96,33.02,16.3
2026/07/16,chubu,20.47,20.47,20.19,22.11,16.68,19.46,32.04,15.25
2026/07/16,chugoku,18.66,18.66,17.17,19.81,14.67,15.46,32.04,10.69
2026/07/16,hokkaido,16.95,16.95,13.19,17.15,13.47,12.25,35,9.83
2026/07/16,hokuriku,19.55,19.55,20.19,21.93,14.67,19.46,32.04,13.05
2026/07/16,kansai,19.53,19.53,20.13,21.89,14.67,19.38,32.04,13.05
2026/07/16,kyushu,18.01,18.01,16.01,18.99,14.22,13.96,32.04,10.69
2026/07/16,shikoku,14.98,14.98,17.17,17.07,11.23,15.46,28,7.22
2026/07/16,system,20.4,20.4,19.1,21.46,16.6,18.24,32.51,15.46
2026/07/16,tohoku,18.71,18.71,14.64,18.2,16.74,13.46,35.5,9.83
2026/07/16,tokyo,21.35,21.35,21.3,24.06,16.74,21.01,37.24,15.69
2026/07/17,chubu,19.9,19.9,19.69,20.88,16.91,19.27,30,14.36
2026/07/17,chugoku,18.73,18.73,17.62,19.13,16,16.96,30,10.69
2026/07/17,hokkaido,16.02,16.02,13.63,15.76,14.01,12.38,26.97,8.73
2026/07/17,hokuriku,19.41,19.41,19.69,20.76,16,19.27,30,10.69
2026/07/17,kansai,19.02,19.02,18.62,19.83,16,18.36,30,10.69
2026/07/17,kyushu,17.56,17.56,15.45,17.61,14.59,14.01,30,10.69
2026/07/17,shikoku,11.2,11.2,5.87,8.98,10.26,4.43,22,0.02
2026/07/17,system,19.77,19.77,19.7,20.91,16.68,19.27,30,15.06
2026/07/17,tohoku,20.56,20.56,22.41,23.02,17.15,21.93,29.5,16.12
2026/07/17,tokyo,20.92,20.92,23.66,23.89,17.15,23.55,29.5,16.12
2026/07/18,chubu,19.3,19.3,16.36,18.11,18.42,15.65,28.01,13.34
2026/07/18,chugoku,16.63,16.63,14.68,15.75,15.25,14.28,26,13.34
2026/07/18,hokkaido,12.73,12.73,13.29,13.35,9.39,13.85,25.93,8.78
2026/07/18,hokuriku,16.63,16.63,14.68,15.75,15.25,14.28,26,13.34
2026/07/18,kansai,16.63,16.63,14.68,15.75,15.25,14.28,26,13.34
2026/07/18,kyushu,14.29,14.29,9.63,11.55,14.31,9.53,26,8.7
2026/07/18,shikoku,14.04,14.04,8.18,9.59,15.18,6.56,26,3.51
2026/07/18,system,17.97,17.97,15.86,17.03,17.08,15.51,27.03,14
2026/07/18,tohoku,20.56,20.56,20.08,20.88,18.42,20.19,30,15.56
2026/07/18,tokyo,20.56,20.56,20.08,20.88,18.42,20.19,30,15.56
2026/07/19,chubu,17.49,17.49,13.03,14.26,17.92,12.68,26.97,11.19
2026/07/19,chugoku,16.63,16.63,12.83,13.98,16.55,12.68,26.15,11.19
2026/07/19,hokkaido,12.34,12.34,9.66,11.03,10.69,9.66,26.61,8.78
2026/07/19,hokuriku,16.63,16.63,12.83,13.98,16.55,12.68,26.15,11.19
2026/07/19,kansai,16.63,16.63,12.83,13.98,16.55,12.68,26.15,11.19
2026/07/19,kyushu,14.67,14.67,9.45,11.04,15.31,9.4,26.15,8.93
2026/07/19,shikoku,16.09,16.09,12.12,12.69,16.55,12.68,26.15,7.17
2026/07/19,system,16.51,16.51,10.76,12.42,17.64,10.57,26.61,9.83
2026/07/19,tohoku,17.88,17.88,12.96,14.44,18.64,12.72,27.82,9.99
2026/07/19,tokyo,18.6,18.6,15.43,16.17,18.64,15.87,27.82,13.04
2026/07/20,chubu,20.8,20.8,18.79,20.76,17.7,17.79,31.5,13.49
2026/07/20,chugoku,19.32,19.32,16.9,18.32,16.52,16.78,31.5,12.99
2026/07/20,hokkaido,16.02,16.02,8.53,13.18,12.99,8.35,36.32,6
2026/07/20,hokuriku,19.32,19.32,16.9,18.32,16.52,16.78,31.5,12.99
2026/07/20,kansai,19.32,19.32,16.9,18.32,16.52,16.78,31.5,12.99
2026/07/20,kyushu,17.02,17.02,10.1,13.14,16.52,9.39,31.5,8.82
2026/07/20,shikoku,19,19,16.78,17.56,16.52,16.78,31.5,12.99
2026/07/20,system,20.07,20.07,16.49,18.96,17.61,15.57,31.88,13.1
2026/07/20,tohoku,18.64,18.64,10.98,15.08,17.58,9.81,36.32,6
2026/07/20,tokyo,21.37,21.37,18.78,21.39,17.58,17.79,36.74,13.49
2026/07/21,chubu,21.73,21.73,21.59,23.04,17.47,21.33,31.53,13.67
2026/07/21,chugoku,21.12,21.12,19.84,21.82,17.19,18.94,31.53,13.67
2026/07/21,hokkaido,16.54,16.54,11.32,15.15,12.55,10.88,35.52,8.78
2026/07/21,hokuriku,21.63,21.63,21.59,23.04,17.19,21.33,31.53,13.67
2026/07/21,kansai,21.63,21.63,21.59,23.04,17.19,21.33,31.53,13.67
2026/07/21,kyushu,19.38,19.38,13.87,17.64,17.19,11.09,31.53,9.43
2026/07/21,shikoku,20.71,20.71,18.96,20.84,17.19,18.94,31.53,7.62
2026/07/21,system,21.57,21.57,19.75,21.88,17.75,18.8,31.92,14.74
2026/07/21,tohoku,20.58,20.58,15.68,18.98,18.17,13.6,35.83,9
2026/07/21,tokyo,22.77,22.77,22.64,24.23,18.17,22.51,35.83,15.56
2026/07/22,chubu,22.14,22.14,21.53,23.06,17.17,20.8,36.13,13.73
2026/07/22,chugoku,20.23,20.23,15.22,18.65,16.98,14.49,36.13,9.56
2026/07/22,hokkaido,20.49,20.49,14.17,18.37,17.84,13.69,40.72,8.78
2026/07/22,hokuriku,22.07,22.07,21.53,23.06,16.98,20.8,36.13,13.73
2026/07/22,kansai,22.07,22.07,21.53,23.06,16.98,20.8,36.13,13.73
2026/07/22,kyushu,18.62,18.62,10.67,14.93,16.98,9.6,36.13,9.4
2026/07/22,shikoku,19.43,19.43,13,16.81,16.89,13.96,36.13,7.22
2026/07/22,system,22.13,22.13,19.07,21.88,17.85,18.01,39.5,15.39
2026/07/22,tohoku,23.45,23.45,20.42,23.78,18.92,19.72,40.72,16.69
2026/07/22,tokyo,24.53,24.53,23.49,26.37,18.92,23.08,45,16.69
2026/07/23,chubu,24.76,24.76,22.96,27.07,17.73,21.66,46.4,15.5
2026/07/23,chugoku,22.11,22.11,13.87,20.71,17.73,11.41,46.4,9.55
2026/07/23,hokkaido,19.66,19.66,12.88,16.71,17.78,12.9,45.01,8.78
2026/07/23,hokuriku,24.76,24.76,22.96,27.07,17.73,21.66,46.4,15.5
2026/07/23,kansai,24.76,24.76,22.96,27.07,17.73,21.66,46.4,15.5
2026/07/23,kyushu,20.75,20.75,11.91,18.65,17.04,10.03,46.4,9.55
2026/07/23,shikoku,20.3,20.3,8.19,16.49,17.73,6.2,45.02,2
2026/07/23,system,24.78,24.78,21.6,26.31,18.2,20.02,46.88,16.99
2026/07/23,tohoku,23.66,23.66,20.84,24.09,19.32,19.95,45.01,17.65
2026/07/23,tokyo,27.38,27.38,28.16,32.37,19.32,27.39,50.01,17.65
2026/07/24,chubu,24.79,24.79,23.32,27.36,17.05,22.25,45.32,14.96
2026/07/24,chugoku,24.14,24.14,19.14,24.67,17.05,17.54,58.38,12.71
2026/07/24,hokkaido,12.71,12.71,11.63,12.5,10.48,11.48,28,8.78
2026/07/24,hokuriku,24.79,24.79,23.32,27.36,17.05,22.25,45.32,14.96
2026/07/24,kansai,25.36,25.36,23.32,27.6,17.05,22.25,58.38,14.96
2026/07/24,kyushu,22.1,22.1,13.75,20.32,16.98,11.15,58.38,10.14
2026/07/24,shikoku,21.71,21.71,10.79,18.83,17.05,7.43,58.38,7.03
2026/07/24,system,22.81,22.81,20.56,24.63,16.96,19.33,45.12,15.7
2026/07/24,tohoku,21.91,21.91,23.5,25.03,18.1,22.61,32.5,16.35
2026/07/24,tokyo,22.79,22.79,24.29,27.13,18.1,22.86,45.31,16.35
2026/07/25,chubu,22.9,22.9,18.65,20.58,22.86,18.33,32.02,15.71
2026/07/25,chugoku,17.89,17.89,12.2,15.07,16.78,12.46,32.02,9.55
2026/07/25,hokkaido,9.6,9.6,6.38,8.15,9.99,5.39,17,2
2026/07/25,hokuriku,19.7,19.7,17.84,19.41,16.78,17.67,32.02,13.7
2026/07/25,kansai,19.7,19.7,17.84,19.41,16.78,17.67,32.02,13.7
2026/07/25,kyushu,16.44,16.44,9.48,12.46,16.4,9.34,32.02,8.32
2026/07/25,shikoku,15.39,15.39,4.83,9.07,16.78,4.11,32.02,2.5
2026/07/25,system,20.61,20.61,15.82,18.01,20.48,15.55,32.02,13.7
2026/07/25,tohoku,24,24,19.56,20.87,26.62,19.19,50.01,17.67
2026/07/25,tokyo,24.1,24.1,19.56,21.11,26.62,19.19,50.01,17.67
2026/07/26,chubu,20.66,20.66,17.38,18.8,20.59,17.13,29.98,12
2026/07/26,chugoku,16.16,16.16,11.65,13.37,14.93,10.98,29.98,8.54
2026/07/26,hokkaido,10.44,10.44,4.17,6.88,10.83,3.77,27.47,0.01
2026/07/26,hokuriku,16.32,16.32,12.21,13.76,14.93,11.76,29.98,9.81
2026/07/26,kansai,16.32,16.32,12.21,13.76,14.93,11.76,29.98,9.81
2026/07/26,kyushu,15.07,15.07,9.4,11.5,14.59,9.29,29.98,8.32
2026/07/26,shikoku,14.28,14.28,6.8,8.87,14.93,6.26,29.98,3.5
2026/07/26,system,19.32,19.32,15.31,16.93,19.06,15.13,30,13.9
2026/07/26,tohoku,22.41,22.41,21.83,22.8,21.21,21.92,27.47,18.22
2026/07/26,tokyo,22.74,22.74,21.83,22.8,21.21,21.92,29.98,18.22
2026/07/27,chubu,24.1,24.1,26.84,27.14,18.47,26.21,31.54,16.22
2026/07/27,chugoku,19.25,19.25,15.69,18.89,15.19,14.7,31.54,10.16
2026/07/27,hokkaido,13.89,13.89,7.72,11.47,12.31,7,30.55,1
2026/07/27,hokuriku,22.69,22.69,26.84,27.14,15.19,26.21,31.54,12.54
2026/07/27,kansai,22.55,22.55,26.84,26.8,15.19,26.21,31.54,12.54
2026/07/27,kyushu,17.89,17.89,12.79,16.4,14.87,10.76,31.54,10.16
2026/07/27,shikoku,17.92,17.92,11.13,15.69,15.19,8.31,31.54,7.15
2026/07/27,system,22.87,22.87,23.35,24.62,18.79,22.26,33.96,13.9
2026/07/27,tohoku,23.66,23.66,25.59,26.57,20.19,24.06,30.8,16.22
2026/07/27,tokyo,24.81,24.81,27.9,29.33,20.19,26.21,50.01,16.22
2026/07/28,chubu,24.02,24.02,25,25.66,19.71,24.49,34,18.58
2026/07/28,chugoku,21.78,21.78,21.15,22.82,17.43,20.85,34,13.86
2026/07/28,hokkaido,13.84,13.84,9.13,11.9,11.7,9.06,30,8.86
2026/07/28,hokuriku,22.94,22.94,24.91,25.6,17.43,24.49,34,13.86
2026/07/28,kansai,22.83,22.83,24.77,25.35,17.43,24.49,34,13.86
2026/07/28,kyushu,19.25,19.25,13,16.74,17.43,11.22,34,10.16
2026/07/28,shikoku,20.35,20.35,16.26,19.39,17.43,14.44,34,7.5
2026/07/28,system,23.06,23.06,23.08,24.33,19.39,22.32,32.7,17.92
2026/07/28,tohoku,22.05,22.05,22.63,23.44,19.79,21.83,31.78,11
2026/07/28,tokyo,23.87,23.87,27.06,27.48,19.82,26.63,32.5,18.7
2026/07/29,chubu,23.25,23.25,22.73,24.34,19.18,22.04,35.83,15
2026/07/29,chugoku,20.16,20.16,19.05,21.09,15.31,18.62,35.83,14
2026/07/29,hokkaido,15.53,15.53,14.38,16.12,11.46,14.86,30,8.86
2026/07/29,hokuriku,21.2,21.2,21.23,22.92,16.06,19.95,35.83,14
2026/07/29,kansai,20.88,20.88,21.07,22.81,15.31,19.9,35.83,14
2026/07/29,kyushu,19.82,19.82,19.05,21.04,14.82,18.62,35.83,10.69
2026/07/29,shikoku,18.48,18.48,13.31,17.07,15.31,11.68,35.83,7.28
2026/07/29,system,22.4,22.4,20.87,22.69,19.11,20.39,32.9,17.28
2026/07/29,tohoku,21.56,21.56,18.46,20.29,19.9,17.02,35.83,10.38
2026/07/29,tokyo,23.62,23.62,23.07,24.59,20.14,22.52,35.83,19.04
2026/07/30,chubu,23.88,23.88,22.96,24.34,20.26,22.22,37,16
2026/07/30,chugoku,18.85,18.85,12.04,16.03,16.63,10.89,37,9.71
2026/07/30,hokkaido,11.62,11.62,13.17,13.55,9.84,13.12,17.58,8.86
2026/07/30,hokuriku,22.43,22.43,22.92,23.99,17.34,22.18,37,13
2026/07/30,kansai,21.39,21.39,20.72,22.14,16.63,20.2,37,13
2026/07/30,kyushu,18.62,18.62,11.59,15.72,16.54,10.26,37,9.55
2026/07/30,shikoku,18.43,18.43,10.73,15.12,16.63,9.8,37,7.79
2026/07/30,system,22.74,22.74,20.23,22.17,19.57,19.18,37,16.17
2026/07/30,tohoku,19.87,19.87,15.27,17.34,19.19,14.52,37,9
2026/07/30,tokyo,23.78,23.78,23.47,24.75,20.35,22.94,37,18.44
2026/07/31,chubu,23.83,23.83,25.33,26.24,19.95,25.11,37,14
2026/07/31,chugoku,18.78,18.78,14.82,17.41,16.51,13.69,31.4,9.4
2026/07/31,hokkaido,14.86,14.86,12.13,14.52,11.84,12.56,37,8.86
2026/07/31,hokuriku,22.32,22.32,25.19,25.91,16.51,24.92,37,11.94
2026/07/31,kansai,22.13,22.13,24.9,25.46,16.51,24.92,37,11.94
2026/07/31,kyushu,17.46,17.46,10.88,14.4,16.41,9.78,31.4,9.4
2026/07/31,shikoku,16.74,16.74,8.48,12.65,16.51,7.42,31.4,7.1
2026/07/31,system,23.48,23.48,22.43,24.23,20.13,21.91,36.5,16.84
2026/07/31,tohoku,18.04,18.04,15.13,17.33,17.03,14.45,37,7.56
2026/07/31,tokyo,23.85,23.85,25.71,26.56,20.05,25.77,37,18.22
2026/08/01,chubu,22.04,22.04,15.53,18.53,22.7,14.32,33.18,11.49
2026/08/01,chugoku,16.71,16.71,11,13.98,15.62,10.18,29.44,9.94
2026/08/01,hokkaido,10.3,10.3,9.28,9.31,10.16,9.31,20,9.01
2026/08/01,hokuriku,17.7,17.7,14.14,16.37,15.62,13.64,29.44,10.17
2026/08/01,kansai,17.7,17.7,14.14,16.37,15.62,13.64,29.44,10.17
2026/08/01,kyushu,16.68,16.68,11,13.98,15.62,10.18,29.44,9.94
2026/08/01,shikoku,14.66,14.66,8.97,9.77,15.62,9.25,29.44,6.93
2026/08/01,system,19.36,19.36,14.57,16.66,19.25,14.03,32.02,11.84
2026/08/01,tohoku,12.9,12.9,9.54,10.86,13.45,9.45,22.99,9.01
2026/08/01,tokyo,25.81,25.81,22.6,24.33,25.34,22.8,50.01,19.11
2026/08/02,chubu,18.76,18.76,14.5,17.12,17.47,13.57,30.31,11.12
2026/08/02,chugoku,17.27,17.27,13.92,15.7,15.92,13.57,27,11.12
2026/08/02,hokkaido,7.5,7.5,1.29,2.91,9.62,0.31,21,0.01
2026/08/02,hokuriku,17.27,17.27,13.92,15.7,15.92,13.57,27,11.12
2026/08/02,kansai,17.27,17.27,13.92,15.7,15.92,13.57,27,11.12
2026/08/02,kyushu,15.52,15.52,9.55,11.99,15.62,9.48,27,8.53
2026/08/02,shikoku,14.67,14.67,10.36,10.09,15.78,12.53,27,2.5
2026/08/02,system,17.43,17.43,12.91,14.74,17.81,12.95,28,9.82
2026/08/02,tohoku,12.5,12.5,9.88,10.41,13.91,9.72,21,9.62
2026/08/02,tokyo,23.41,23.41,23.62,24.4,21.39,24.46,30.31,20.07
