date,station,tmax,tmin,tavg,cdd24,cdd26
2025/04/01,tokyo,6.2,3.2,4.8,0,0
2025/04/01,osaka,15.2,5.7,10.4,0,0
2025/04/01,nagoya,13.4,6.6,9.8,0,0
2025/04/01,kobe,15.1,5.4,10.4,0,0
2025/04/01,nagasaki,12.5,5,9.2,0,0
2025/04/01,kumamoto,12.6,3.4,8.1,0,0
2025/04/01,sapporo,6.8,-4.5,2.3,0,0
2025/04/01,morioka,8.7,-3.3,2.9,0,0
2025/04/01,hiroshima,15.2,1.5,8.1,0,0
2025/04/01,takamatsu,13.6,6,9.7,0,0
2025/04/01,chitose,7.1,-3.8,2.2,0,0
2025/04/01,yokkaichi,13.3,7.9,10.5,0,0
2025/04/01,mito,10.6,3.8,6.9,0,0
2025/04/02,tokyo,12.7,6.3,9.7,0,0
2025/04/02,osaka,15.1,9.1,11.7,0,0
2025/04/02,nagoya,19,9.2,12.7,0,0
2025/04/02,kobe,14.2,9.1,11.4,0,0
2025/04/02,nagasaki,17,8.1,11.5,0,0
2025/04/02,kumamoto,16.8,8.1,11.2,0,0
2025/04/02,sapporo,6.4,0.9,3.6,0,0
2025/04/02,morioka,9.2,3.1,5.8,0,0
2025/04/02,hiroshima,16.2,7,10.6,0,0
2025/04/02,takamatsu,14.8,8.8,11.4,0,0
2025/04/02,chitose,6.2,0.9,3.2,0,0
2025/04/02,yokkaichi,18.8,9.3,12.8,0,0
2025/04/02,mito,12.8,8.4,11.1,0,0
2025/04/03,tokyo,9.8,6.5,8.4,0,0
2025/04/03,osaka,15.1,8.5,11.5,0,0
2025/04/03,nagoya,16.2,8.7,11.5,0,0
2025/04/03,kobe,14.6,7.6,10.5,0,0
2025/04/03,nagasaki,15.6,8,11.2,0,0
2025/04/03,kumamoto,15.4,4.8,9.9,0,0
2025/04/03,sapporo,4.5,1,2.5,0,0
2025/04/03,morioka,9.4,4.5,6.2,0,0
2025/04/03,hiroshima,13.9,6.5,9.7,0,0
2025/04/03,takamatsu,14.2,8.3,11.2,0,0
2025/04/03,chitose,4.4,1.2,2.4,0,0
2025/04/03,yokkaichi,16.2,8.9,11.8,0,0
2025/04/03,mito,8.8,5,7.5,0,0
2025/04/04,tokyo,15.5,4.3,9.5,0,0
2025/04/04,osaka,14.6,6.9,10.1,0,0
2025/04/04,nagoya,14.9,7.1,10.3,0,0
2025/04/04,kobe,14,6.5,9.5,0,0
2025/04/04,nagasaki,16.4,5.6,10.7,0,0
2025/04/04,kumamoto,16.5,2.2,9.6,0,0
2025/04/04,sapporo,5.5,0.2,3,0,0
2025/04/04,morioka,9.4,4.4,6.3,0,0
2025/04/04,hiroshima,16.1,3.3,9.2,0,0
2025/04/04,takamatsu,15.7,6.3,10.7,0,0
2025/04/04,chitose,7.4,0.1,3.5,0,0
2025/04/04,yokkaichi,14.9,7.2,10.4,0,0
2025/04/04,mito,15.4,3.7,8.9,0,0
2025/04/05,tokyo,15.2,4.8,10.5,0,0
2025/04/05,osaka,15.6,4.1,10.6,0,0
2025/04/05,nagoya,16.6,3.9,10.9,0,0
2025/04/05,kobe,14.4,5.8,10.6,0,0
2025/04/05,nagasaki,17.2,8.9,13,0,0
2025/04/05,kumamoto,18,6.2,11.7,0,0
2025/04/05,sapporo,11.7,-0.8,5,0,0
2025/04/05,morioka,12.7,2.2,6.9,0,0
2025/04/05,hiroshima,15.3,4,9.6,0,0
2025/04/05,takamatsu,15.8,6.7,11.6,0,0
2025/04/05,chitose,13.4,-3.2,5,0,0
2025/04/05,yokkaichi,15.2,3,10.5,0,0
2025/04/05,mito,14.2,3.4,9.2,0,0
2025/04/06,tokyo,18.1,11.4,14.3,0,0
2025/04/06,osaka,18.9,9.9,13.9,0,0
2025/04/06,nagoya,16.7,9.2,12.8,0,0
2025/04/06,kobe,17.3,10.7,13.5,0,0
2025/04/06,nagasaki,15.4,9.9,12.6,0,0
2025/04/06,kumamoto,16.7,9.2,13.1,0,0
2025/04/06,sapporo,11.6,0,5.8,0,0
2025/04/06,morioka,17.4,2.1,9.5,0,0
2025/04/06,hiroshima,19.1,8,12.6,0,0
2025/04/06,takamatsu,19.4,9.4,14.4,0,0
2025/04/06,chitose,11.9,-1.1,5.9,0,0
2025/04/06,yokkaichi,15.5,9.4,12.2,0,0
2025/04/06,mito,19.2,8.6,13.5,0,0
2025/04/07,tokyo,17.1,10.7,13.2,0,0
2025/04/07,osaka,16.4,7.9,12.5,0,0
2025/04/07,nagoya,17.3,7.9,12.3,0,0
2025/04/07,kobe,16.2,8,12.3,0,0
2025/04/07,nagasaki,18.8,8.1,12.8,0,0
2025/04/07,kumamoto,18.8,4.7,12.3,0,0
2025/04/07,sapporo,14.7,5.2,8.8,0,0
2025/04/07,morioka,13.9,5.7,8.8,0,0
2025/04/07,hiroshima,19.7,3.5,11.5,0,0
2025/04/07,takamatsu,19.7,9.1,14.3,0,0
2025/04/07,chitose,13.3,5.3,8.4,0,0
2025/04/07,yokkaichi,17.4,6.6,12,0,0
2025/04/07,mito,17.6,7.1,12.1,0,0
2025/04/08,tokyo,18.6,7.1,13.4,0,0
2025/04/08,osaka,20.5,7.1,13.4,0,0
2025/04/08,nagoya,20.1,5.7,12.8,0,0
2025/04/08,kobe,17.7,9.6,13.5,0,0
2025/04/08,nagasaki,20,9.5,14.9,0,0
2025/04/08,kumamoto,20.7,7.2,14,0,0
2025/04/08,sapporo,9.5,4.4,6.7,0,0
2025/04/08,morioka,14.5,6.1,9.3,0,0
2025/04/08,hiroshima,22.3,5.6,13.6,0,0
2025/04/08,takamatsu,23.8,10.6,16.6,0,0
2025/04/08,chitose,11.2,3,7,0,0
2025/04/08,yokkaichi,19.1,5.8,12.2,0,0
2025/04/08,mito,18.5,4.2,12,0,0
2025/04/09,tokyo,20.5,9,14.8,0,0
2025/04/09,osaka,19,8.9,14,0,0
2025/04/09,nagoya,20.7,8.8,13.9,0,0
2025/04/09,kobe,16.1,8.1,12.9,0,0
2025/04/09,nagasaki,19.3,10.1,15.4,0,0
2025/04/09,kumamoto,21.9,12.5,16.7,0,0
2025/04/09,sapporo,13.4,0.3,6.8,0,0
2025/04/09,morioka,14.8,5.6,9.1,0,0
2025/04/09,hiroshima,20.3,6,14,0,0
2025/04/09,takamatsu,19.1,10,14.8,0,0
2025/04/09,chitose,14,0.2,7,0,0
2025/04/09,yokkaichi,20.7,8.3,13.9,0,0
2025/04/09,mito,17.5,5.7,11.8,0,0
2025/04/10,tokyo,20.8,12.2,16,0,0
2025/04/10,osaka,21.7,10,15.3,0,0
2025/04/10,nagoya,17.3,8.5,13.4,0,0
2025/04/10,kobe,19.3,13.2,15.3,0,0
2025/04/10,nagasaki,20,14.2,16.7,0,0
2025/04/10,kumamoto,21.4,15.1,17.2,0,0
2025/04/10,sapporo,16.6,2,8.9,0,0
2025/04/10,morioka,16.5,3.7,10.1,0,0
2025/04/10,hiroshima,18.4,12.3,14.7,0,0
2025/04/10,takamatsu,21.7,10.3,15.9,0,0
2025/04/10,chitose,17,0.8,8.2,0,0
2025/04/10,yokkaichi,18,9.7,14,0,0
2025/04/10,mito,20.2,8.3,13.9,0,0
2025/04/11,tokyo,19.8,12.8,15.7,0,0
2025/04/11,osaka,21,11.6,15.9,0,0
2025/04/11,nagoya,21.1,10.7,15.3,0,0
2025/04/11,kobe,18.7,10.5,15,0,0
2025/04/11,nagasaki,20.5,10.4,15.3,0,0
2025/04/11,kumamoto,21.2,12.5,16.3,0,0
2025/04/11,sapporo,16.3,3.4,9.4,0,0
2025/04/11,morioka,18.7,5.3,12.2,0,0
2025/04/11,hiroshima,22.1,9.4,15,0,0
2025/04/11,takamatsu,20,11.8,15.3,0,0
2025/04/11,chitose,19.2,3,10.4,0,0
2025/04/11,yokkaichi,20.6,10.9,14.9,0,0
2025/04/11,mito,20.1,12.1,14.9,0,0
2025/04/12,tokyo,19.3,10.8,14.8,0,0
2025/04/12,osaka,20.1,9.6,14.7,0,0
2025/04/12,nagoya,21.5,8.9,14.9,0,0
2025/04/12,kobe,18.4,9,14,0,0
2025/04/12,nagasaki,18.6,9.4,14.1,0,0
2025/04/12,kumamoto,20,8.6,14.2,0,0
2025/04/12,sapporo,18.2,0.6,9.6,0,0
2025/04/12,morioka,17.4,6.5,12.1,0,0
2025/04/12,hiroshima,20.4,5.8,13.7,0,0
2025/04/12,takamatsu,18.8,8.5,14.3,0,0
2025/04/12,chitose,19.5,2.5,10.7,0,0
2025/04/12,yokkaichi,18.2,8.9,14,0,0
2025/04/12,mito,16.1,9.1,12.3,0,0
2025/04/13,tokyo,15,11.1,13.1,0,0
2025/04/13,osaka,18.4,10.1,14,0,0
2025/04/13,nagoya,15.6,8.2,13.8,0,0
2025/04/13,kobe,17,8.9,13,0,0
2025/04/13,nagasaki,15.2,9.4,12.5,0,0
2025/04/13,kumamoto,14.7,9.7,12.6,0,0
2025/04/13,sapporo,15.7,6.9,10.5,0,0
2025/04/13,morioka,15,4.9,10.6,0,0
2025/04/13,hiroshima,15.2,9.2,12.4,0,0
2025/04/13,takamatsu,16.4,9.4,13.3,0,0
2025/04/13,chitose,15.9,4.5,9.9,0,0
2025/04/13,yokkaichi,15.5,9,14,0,0
2025/04/13,mito,14.1,8.3,11.4,0,0
2025/04/14,tokyo,20.8,12.7,16,0,0
2025/04/14,osaka,16.3,7.6,12.1,0,0
2025/04/14,nagoya,17.7,8.2,12.8,0,0
2025/04/14,kobe,15,6.8,11.2,0,0
2025/04/14,nagasaki,16.5,8.3,12.6,0,0
2025/04/14,kumamoto,14.9,7.3,11.6,0,0
2025/04/14,sapporo,10.8,6.1,8.2,0,0
2025/04/14,morioka,15.5,7.1,10.4,0,0
2025/04/14,hiroshima,13.4,7.6,10,0,0
2025/04/14,takamatsu,17.8,7.5,11.7,0,0
2025/04/14,chitose,12.6,6.2,8.3,0,0
2025/04/14,yokkaichi,18,9.1,12.8,0,0
2025/04/14,mito,23.1,12.3,16.8,0,0
2025/04/15,tokyo,19.9,12,15.4,0,0
2025/04/15,osaka,14.2,9.1,11.5,0,0
2025/04/15,nagoya,15.7,7.1,10.9,0,0
2025/04/15,kobe,12.6,7.7,10.3,0,0
2025/04/15,nagasaki,13.3,8.7,11.3,0,0
2025/04/15,kumamoto,13.7,8,10.6,0,0
2025/04/15,sapporo,11,6.1,7.7,0,0
2025/04/15,morioka,13.2,3.4,8.1,0,0
2025/04/15,hiroshima,11.7,6.6,9,0,0
2025/04/15,takamatsu,12.3,8.3,10.1,0,0
2025/04/15,chitose,12.4,5.7,8.2,0,0
2025/04/15,yokkaichi,15.3,8.2,11.1,0,0
2025/04/15,mito,20.7,8.3,14.3,0,0
2025/04/16,tokyo,20.4,8.1,14.2,0,0
2025/04/16,osaka,16.6,6.9,12.1,0,0
2025/04/16,nagoya,17.9,5.8,11.4,0,0
2025/04/16,kobe,16.2,7,11.8,0,0
2025/04/16,nagasaki,19.2,10,15.1,0,0
2025/04/16,kumamoto,20.3,7.2,13.9,0,0
2025/04/16,sapporo,8,6.1,6.9,0,0
2025/04/16,morioka,10.6,4.6,7.3,0,0
2025/04/16,hiroshima,16.4,5.7,11.8,0,0
2025/04/16,takamatsu,19.1,9,13.7,0,0
2025/04/16,chitose,10.1,5.6,7.5,0,0
2025/04/16,yokkaichi,18,5.6,11.9,0,0
2025/04/16,mito,19.5,6.2,12.4,0,0
2025/04/17,tokyo,22.7,9.9,16.3,0,0
2025/04/17,osaka,22.9,10.9,17.1,0,0
2025/04/17,nagoya,22.9,6.4,14.9,0,0
2025/04/17,kobe,20.5,13.3,16.7,0,0
2025/04/17,nagasaki,21.4,14.7,18.3,0,0
2025/04/17,kumamoto,23,12.2,17.8,0,0
2025/04/17,sapporo,13.4,4.2,8.7,0,0
2025/04/17,morioka,19.7,2.9,11.3,0,0
2025/04/17,hiroshima,20.3,8.1,15.3,0,0
2025/04/17,takamatsu,23.1,9.6,16.8,0,0
2025/04/17,chitose,16.7,3.3,9.4,0,0
2025/04/17,yokkaichi,19,7.7,13.8,0,0
2025/04/17,mito,23,4.5,14.4,0,0
2025/04/18,tokyo,24,13.6,18.9,0,0
2025/04/18,osaka,23,14.6,18.9,0,0
2025/04/18,nagoya,23.4,12.4,17.7,0,0
2025/04/18,kobe,20.6,15.9,17.7,0,0
2025/04/18,nagasaki,24,15.7,18.9,0,0
2025/04/18,kumamoto,24.8,14.8,19.4,0,0
2025/04/18,sapporo,16.6,-0.1,8.2,0,0
2025/04/18,morioka,19.7,11.2,14.7,0,0
2025/04/18,hiroshima,22.1,14.8,17.8,0,0
2025/04/18,takamatsu,24.7,12.7,18.5,0,0
2025/04/18,chitose,15.8,1.8,7.9,0,0
2025/04/18,yokkaichi,20.2,11.6,15.8,0,0
2025/04/18,mito,24.3,8.7,17,0,0
2025/04/19,tokyo,27.6,15.3,20.7,0,0
2025/04/19,osaka,24.7,14.5,19.3,0,0
2025/04/19,nagoya,27.3,14.7,20.3,0,0
2025/04/19,kobe,23.1,15.7,18.6,0,0
2025/04/19,nagasaki,22.2,14.8,18.5,0,0
2025/04/19,kumamoto,25.2,13.9,19.6,0,0
2025/04/19,sapporo,12.2,7.3,9.6,0,0
2025/04/19,morioka,20.2,11.4,14.8,0,0
2025/04/19,hiroshima,22.9,13,17.9,0,0
2025/04/19,takamatsu,24.7,14.7,19.8,0,0
2025/04/19,chitose,14.2,6.8,10.2,0,0
2025/04/19,yokkaichi,23.4,12.5,18,0,0
2025/04/19,mito,25.8,11.3,18.8,0,0
2025/04/20,tokyo,23.9,17.6,20.6,0,0
2025/04/20,osaka,22.5,16.8,19.7,0,0
2025/04/20,nagoya,23.5,16.7,19.5,0,0
2025/04/20,kobe,20,15.2,17.9,0,0
2025/04/20,nagasaki,23.9,16.7,19.4,0,0
2025/04/20,kumamoto,23.5,16.9,19.4,0,0
2025/04/20,sapporo,11.9,6.5,8.5,0,0
2025/04/20,morioka,19.9,10,13.5,0,0
2025/04/20,hiroshima,20.1,16.2,17.8,0,0
2025/04/20,takamatsu,22.7,16.3,19.5,0,0
2025/04/20,chitose,12.3,5.4,7.7,0,0
2025/04/20,yokkaichi,20.8,16,18,0,0
2025/04/20,mito,23.8,15.6,19.2,0,0
2025/04/21,tokyo,24.6,14.8,18.7,0,0
2025/04/21,osaka,24.8,12.4,18,0,0
2025/04/21,nagoya,24.4,13.1,18.2,0,0
2025/04/21,kobe,22.3,11.5,16.1,0,0
2025/04/21,nagasaki,24.8,15.3,19.2,0,0
2025/04/21,kumamoto,26.7,16.5,20.8,0,0
2025/04/21,sapporo,9.1,4.4,6.5,0,0
2025/04/21,morioka,17,7.3,11.2,0,0
2025/04/21,hiroshima,25,13.1,18.6,0,0
2025/04/21,takamatsu,23.1,14.4,18.4,0,0
2025/04/21,chitose,10.7,2.8,6.8,0,0
2025/04/21,yokkaichi,24,12.2,17.6,0,0
2025/04/21,mito,19.8,10.9,14.6,0,0
2025/04/22,tokyo,23.5,13.5,18.5,0,0
2025/04/22,osaka,25.3,13.1,19.2,0,0
2025/04/22,nagoya,22.1,14.3,17.9,0,0
2025/04/22,kobe,21.8,14.1,17.9,0,0
2025/04/22,nagasaki,20.5,16.1,18.1,0,0
2025/04/22,kumamoto,20.3,17.3,18.6,0,0
2025/04/22,sapporo,12.9,2,6.6,0,0
2025/04/22,morioka,19.7,5.5,11.8,0,0
2025/04/22,hiroshima,21,13.4,16.9,0,0
2025/04/22,takamatsu,25.4,12.9,18.8,0,0
2025/04/22,chitose,11.7,1.9,6,0,0
2025/04/22,yokkaichi,19.9,16,17.7,0,0
2025/04/22,mito,21.1,7.8,15.4,0,0
2025/04/23,tokyo,20.6,16.3,18.2,0,0
2025/04/23,osaka,24.4,16.2,19.9,0,0
2025/04/23,nagoya,23.3,16.5,19,0,0
2025/04/23,kobe,23.1,14.5,19,0,0
2025/04/23,nagasaki,20.5,13.5,17.6,0,0
2025/04/23,kumamoto,20.1,13.4,17.8,0,0
2025/04/23,sapporo,14.9,4.7,8.8,0,0
2025/04/23,morioka,15.7,9.6,12.2,0,0
2025/04/23,hiroshima,21.3,12.7,16.8,0,0
2025/04/23,takamatsu,22.2,15.6,19,0,0
2025/04/23,chitose,14.6,4.4,7.9,0,0
2025/04/23,yokkaichi,23,16.5,18.8,0,0
2025/04/23,mito,18.2,15,16.9,0,0
2025/04/24,tokyo,24.1,16.4,19.3,0,0
2025/04/24,osaka,22.2,13.2,17.1,0,0
2025/04/24,nagoya,20.8,13.1,16.3,0,0
2025/04/24,kobe,19.6,11.8,15.7,0,0
2025/04/24,nagasaki,20.3,11.7,15.7,0,0
2025/04/24,kumamoto,21.9,10.7,16.2,0,0
2025/04/24,sapporo,17.9,6,11.5,0,0
2025/04/24,morioka,20,9.6,14.1,0,0
2025/04/24,hiroshima,19.4,9.7,14.7,0,0
2025/04/24,takamatsu,21.9,13.5,17,0,0
2025/04/24,chitose,16.1,4.9,10.3,0,0
2025/04/24,yokkaichi,21.6,11.5,16.6,0,0
2025/04/24,mito,20.3,12.7,16.1,0,0
2025/04/25,tokyo,20.9,15.4,17.6,0,0
2025/04/25,osaka,20.4,11.8,15.7,0,0
2025/04/25,nagoya,20.2,10.8,14.6,0,0
2025/04/25,kobe,19.6,10.8,15.6,0,0
2025/04/25,nagasaki,19.5,11.6,15.8,0,0
2025/04/25,kumamoto,20.2,10.9,16.3,0,0
2025/04/25,sapporo,11.9,6,9,0,0
2025/04/25,morioka,19.8,8.1,12.9,0,0
2025/04/25,hiroshima,19.8,8.4,14.7,0,0
2025/04/25,takamatsu,20.5,13.1,16.9,0,0
2025/04/25,chitose,11.3,4.2,7.6,0,0
2025/04/25,yokkaichi,19.1,10.8,14.3,0,0
2025/04/25,mito,21.5,12.6,15.6,0,0
2025/04/26,tokyo,16.8,12,14.5,0,0
2025/04/26,osaka,18.3,9.3,14.4,0,0
2025/04/26,nagoya,19.8,7.2,13.4,0,0
2025/04/26,kobe,18.8,8.5,13.9,0,0
2025/04/26,nagasaki,21.3,10.8,15.6,0,0
2025/04/26,kumamoto,21.5,7.2,14.9,0,0
2025/04/26,sapporo,11.6,4.4,7.8,0,0
2025/04/26,morioka,14.2,4.7,9.3,0,0
2025/04/26,hiroshima,19.4,5,12.6,0,0
2025/04/26,takamatsu,21.9,9.7,15.9,0,0
2025/04/26,chitose,12.5,3.4,7.6,0,0
2025/04/26,yokkaichi,20.1,8.2,13.7,0,0
2025/04/26,mito,16.9,9.5,13,0,0
2025/04/27,tokyo,21.5,9.3,16.4,0,0
2025/04/27,osaka,23.6,9.5,17.6,0,0
2025/04/27,nagoya,23.7,7.7,15.9,0,0
2025/04/27,kobe,21.1,11.7,16.5,0,0
2025/04/27,nagasaki,22.3,11.4,17.1,0,0
2025/04/27,kumamoto,24.2,10.9,17.6,0,0
2025/04/27,sapporo,9.1,2.7,6.2,0,0
2025/04/27,morioka,19.1,5.1,12,0,0
2025/04/27,hiroshima,22,7.6,15.2,0,0
2025/04/27,takamatsu,25.4,12.5,19.1,0,0
2025/04/27,chitose,12.8,4,7.3,0,0
2025/04/27,yokkaichi,20.6,6.3,14.3,0,0
2025/04/27,mito,22.2,6,15,0,0
2025/04/28,tokyo,22.7,14,17.7,0,0
2025/04/28,osaka,21.5,12.1,17.6,0,0
2025/04/28,nagoya,23.6,12.3,16.7,0,0
2025/04/28,kobe,19.4,12.4,16.2,0,0
2025/04/28,nagasaki,19.8,13.9,15.9,0,0
2025/04/28,kumamoto,19.4,13.3,15.8,0,0
2025/04/28,sapporo,14,0.9,6.5,0,0
2025/04/28,morioka,17.4,7.6,12.2,0,0
2025/04/28,hiroshima,17.4,11.8,14.9,0,0
2025/04/28,takamatsu,19,12.6,16.1,0,0
2025/04/28,chitose,14.2,1,6.3,0,0
2025/04/28,yokkaichi,19.9,11.6,15.2,0,0
2025/04/28,mito,19.9,12,15.6,0,0
2025/04/29,tokyo,21.9,12.2,16.4,0,0
2025/04/29,osaka,18.8,10.9,14.1,0,0
2025/04/29,nagoya,17,10.9,13.4,0,0
2025/04/29,kobe,18.3,10.4,13.7,0,0
2025/04/29,nagasaki,20.1,12,15.7,0,0
2025/04/29,kumamoto,20.3,10.3,14.9,0,0
2025/04/29,sapporo,6.1,3.1,4.8,0,0
2025/04/29,morioka,11.5,7.5,9.4,0,0
2025/04/29,hiroshima,20.6,9.5,13.9,0,0
2025/04/29,takamatsu,19.8,12.2,15.4,0,0
2025/04/29,chitose,5.6,2.8,4.6,0,0
2025/04/29,yokkaichi,16.1,10.6,13.1,0,0
2025/04/29,mito,20.4,10.8,15.2,0,0
2025/04/30,tokyo,21.7,9.7,15.9,0,0
2025/04/30,osaka,22.4,8.5,16.2,0,0
2025/04/30,nagoya,23.9,8,16,0,0
2025/04/30,kobe,19.8,9,14.9,0,0
2025/04/30,nagasaki,21.8,9.9,16.3,0,0
2025/04/30,kumamoto,23,8,16.1,0,0
2025/04/30,sapporo,7.9,2.7,5.4,0,0
2025/04/30,morioka,12.4,6,9.1,0,0
2025/04/30,hiroshima,21.8,6.2,14.7,0,0
2025/04/30,takamatsu,21.7,10.8,16.2,0,0
2025/04/30,chitose,9.9,1.9,5.6,0,0
2025/04/30,yokkaichi,23,6.6,14.7,0,0
2025/04/30,mito,21,8.2,14.6,0,0
2025/05/01,tokyo,23.1,11.1,17.4,0,0
2025/05/01,osaka,26.1,12.3,19.8,0,0
2025/05/01,nagoya,24,10.1,17.8,0,0
2025/05/01,kobe,22.3,13.7,18.1,0,0
2025/05/01,nagasaki,21.1,15.6,17.9,0,0
2025/05/01,kumamoto,24,12.1,17.6,0,0
2025/05/01,sapporo,15.3,-0.4,7.6,0,0
2025/05/01,morioka,19.8,2.8,12,0,0
2025/05/01,hiroshima,22.8,11.1,17.5,0,0
2025/05/01,takamatsu,26.6,10.9,18.6,0,0
2025/05/01,chitose,12.4,0.2,6.6,0,0
2025/05/01,yokkaichi,19.7,11.5,16.3,0,0
2025/05/01,mito,22.6,11.6,16.8,0,0
2025/05/02,tokyo,18.9,14.5,16,0,0
2025/05/02,osaka,19.9,13.5,16.9,0,0
2025/05/02,nagoya,17.8,12.1,16,0,0
2025/05/02,kobe,19.3,12.2,16.1,0,0
2025/05/02,nagasaki,17.8,12.6,15.5,0,0
2025/05/02,kumamoto,19.8,12.9,16.6,0,0
2025/05/02,sapporo,15.4,6.9,11.1,0,0
2025/05/02,morioka,20.1,12.6,15.2,0,0
2025/05/02,hiroshima,20.3,11,15.9,0,0
2025/05/02,takamatsu,20.5,13.8,17.1,0,0
2025/05/02,chitose,16,6.4,11.5,0,0
2025/05/02,yokkaichi,17.6,12.5,15.5,0,0
2025/05/02,mito,18.5,14.2,15.7,0,0
2025/05/03,tokyo,22.6,13.5,17.5,0,0
2025/05/03,osaka,20.3,10.1,15.7,0,0
2025/05/03,nagoya,22.7,10.6,16.3,0,0
2025/05/03,kobe,18.6,10.1,14.9,0,0
2025/05/03,nagasaki,20.6,11.4,16.8,0,0
2025/05/03,kumamoto,22,9.8,16.6,0,0
2025/05/03,sapporo,17.3,9.1,12.3,0,0
2025/05/03,morioka,18.2,10.6,13.6,0,0
2025/05/03,hiroshima,18.6,7.1,14.4,0,0
2025/05/03,takamatsu,20.4,11.5,16.1,0,0
2025/05/03,chitose,17.4,8.6,11.8,0,0
2025/05/03,yokkaichi,22.1,11.7,16.1,0,0
2025/05/03,mito,22.8,13.2,16.7,0,0
2025/05/04,tokyo,22.2,12.7,16.8,0,0
2025/05/04,osaka,21.3,13.9,17.9,0,0
2025/05/04,nagoya,21.2,12.6,16.3,0,0
2025/05/04,kobe,20.2,13.6,17.2,0,0
2025/05/04,nagasaki,20.2,12.5,16.1,0,0
2025/05/04,kumamoto,20.7,12.1,16.5,0,0
2025/05/04,sapporo,14.2,7.8,10.5,0,0
2025/05/04,morioka,15.2,8.4,11.4,0,0
2025/05/04,hiroshima,20.2,10.6,15.5,0,0
2025/05/04,takamatsu,20.5,14.4,17.2,0,0
2025/05/04,chitose,12.7,6.5,9.6,0,0
2025/05/04,yokkaichi,20.7,10.9,16.1,0,0
2025/05/04,mito,20,12.6,16.1,0,0
2025/05/05,tokyo,21.6,10.9,16.9,0,0
2025/05/05,osaka,22.4,10.7,16.8,0,0
2025/05/05,nagoya,22.4,8.1,15.7,0,0
2025/05/05,kobe,20.2,13,16.9,0,0
2025/05/05,nagasaki,22,11,16.4,0,0
2025/05/05,kumamoto,24,8,16.2,0,0
2025/05/05,sapporo,15.7,4.7,10.8,0,0
2025/05/05,morioka,16.1,8,11.3,0,0
2025/05/05,hiroshima,22.7,7.4,15.6,0,0
2025/05/05,takamatsu,22.7,12.9,18,0,0
2025/05/05,chitose,18.1,5.1,11.1,0,0
2025/05/05,yokkaichi,19.9,8.1,15,0,0
2025/05/05,mito,21.8,9.2,15.9,0,0
2025/05/06,tokyo,16.6,13.5,14.7,0,0
2025/05/06,osaka,17.5,14,15.5,0,0
2025/05/06,nagoya,16.1,13.2,14.7,0,0
2025/05/06,kobe,18,13.1,15.1,0,0
2025/05/06,nagasaki,19.9,14,16.4,0,0
2025/05/06,kumamoto,20.4,14.5,16.9,0,0
2025/05/06,sapporo,17.9,7,11.2,0,0
2025/05/06,morioka,13.9,8.7,11.5,0,0
2025/05/06,hiroshima,20.8,12.8,15.8,0,0
2025/05/06,takamatsu,18.1,13.5,15.5,0,0
2025/05/06,chitose,16.1,5.4,10.4,0,0
2025/05/06,yokkaichi,16.5,13.3,14.7,0,0
2025/05/06,mito,17.5,13.1,14.8,0,0
2025/05/07,tokyo,21.1,12.6,17.1,0,0
2025/05/07,osaka,20.4,12.4,15.5,0,0
2025/05/07,nagoya,20,11.7,15.6,0,0
2025/05/07,kobe,19,11.4,14.7,0,0
2025/05/07,nagasaki,21.5,12.7,16.7,0,0
2025/05/07,kumamoto,22.2,11.4,16.6,0,0
2025/05/07,sapporo,14.8,5.4,10.1,0,0
2025/05/07,morioka,15,9,11.4,0,0
2025/05/07,hiroshima,21.2,10.6,15.4,0,0
2025/05/07,takamatsu,20.8,13.9,16.5,0,0
2025/05/07,chitose,16.5,4.3,10.2,0,0
2025/05/07,yokkaichi,18.9,11,15.1,0,0
2025/05/07,mito,20,12.8,15.9,0,0
2025/05/08,tokyo,21.2,13.7,16.5,0,0
2025/05/08,osaka,23.4,9.1,16.3,0,0
2025/05/08,nagoya,22.2,9,15.9,0,0
2025/05/08,kobe,21.3,10.4,15.8,0,0
2025/05/08,nagasaki,23,12.1,17.6,0,0
2025/05/08,kumamoto,23.9,10.2,17.6,0,0
2025/05/08,sapporo,19.3,2.8,12.1,0,0
2025/05/08,morioka,19,6.3,12.2,0,0
2025/05/08,hiroshima,23.3,8.6,16.2,0,0
2025/05/08,takamatsu,20.7,11.4,16,0,0
2025/05/08,chitose,19.1,4.2,11.6,0,0
2025/05/08,yokkaichi,20.3,8.1,15,0,0
2025/05/08,mito,20.3,9.6,14.5,0,0
2025/05/09,tokyo,21.7,14.2,17.8,0,0
2025/05/09,osaka,21.9,15.8,18.3,0,0
2025/05/09,nagoya,21.4,16.1,17.8,0,0
2025/05/09,kobe,19.5,15.3,17.2,0,0
2025/05/09,nagasaki,20.9,16.1,18.3,0,0
2025/05/09,kumamoto,21,16.3,18.2,0,0
2025/05/09,sapporo,18.2,7.5,12.8,0,0
2025/05/09,morioka,21.2,5,14,0,0
2025/05/09,hiroshima,19,13.6,15.7,0,0
2025/05/09,takamatsu,19.7,12.8,16.7,0,0
2025/05/09,chitose,17.3,8.2,11.9,0,0
2025/05/09,yokkaichi,18.8,16.2,17.2,0,0
2025/05/09,mito,22,11.3,16.8,0,0
2025/05/10,tokyo,22.3,16.5,19.3,0,0
2025/05/10,osaka,23.1,16.4,19.7,0,0
2025/05/10,nagoya,22.6,16.3,19.3,0,0
2025/05/10,kobe,21.8,16.1,19.1,0,0
2025/05/10,nagasaki,20.2,16,17.6,0,0
2025/05/10,kumamoto,20.6,16,18.4,0,0
2025/05/10,sapporo,13,10.7,11.7,0,0
2025/05/10,morioka,17.9,12.3,15.1,0,0
2025/05/10,hiroshima,23.4,14.9,18.1,0,0
2025/05/10,takamatsu,23,15.8,19,0,0
2025/05/10,chitose,12.3,8.9,11.1,0,0
2025/05/10,yokkaichi,21.7,16.2,18.8,0,0
2025/05/10,mito,20.9,15.6,18.4,0,0
2025/05/11,tokyo,24.6,16.1,20.4,0,0
2025/05/11,osaka,20.3,14.7,17.4,0,0
2025/05/11,nagoya,22,14.3,17.7,0,0
2025/05/11,kobe,19.7,14.1,16.6,0,0
2025/05/11,nagasaki,17.7,14.1,15.6,0,0
2025/05/11,kumamoto,16.8,13.9,15.2,0,0
2025/05/11,sapporo,12.9,8.8,11,0,0
2025/05/11,morioka,14.7,10.8,12.9,0,0
2025/05/11,hiroshima,17.4,12.6,14.6,0,0
2025/05/11,takamatsu,19.2,14.1,16.4,0,0
2025/05/11,chitose,15.6,7.5,11.7,0,0
2025/05/11,yokkaichi,21.8,12.9,17.6,0,0
2025/05/11,mito,25.3,14,19.3,0,0
2025/05/12,tokyo,19.8,14.6,16.7,0,0
2025/05/12,osaka,19.5,14.6,17,0,0
2025/05/12,nagoya,21.7,14,17.4,0,0
2025/05/12,kobe,19.4,13.9,16.5,0,0
2025/05/12,nagasaki,19.9,13.9,16.6,0,0
2025/05/12,kumamoto,20.9,13,16.7,0,0
2025/05/12,sapporo,20.7,5.8,13,0,0
2025/05/12,morioka,16.7,9.9,12.8,0,0
2025/05/12,hiroshima,22.9,11.9,16.5,0,0
2025/05/12,takamatsu,21.3,14.1,17.2,0,0
2025/05/12,chitose,19.7,6.2,12.7,0,0
2025/05/12,yokkaichi,21.7,14.3,17.4,0,0
2025/05/12,mito,16.4,13.5,14.7,0,0
2025/05/13,tokyo,23.1,14.4,18.7,0,0
2025/05/13,osaka,23.9,13.2,18.8,0,0
2025/05/13,nagoya,25,12.2,18.4,0,0
2025/05/13,kobe,22.6,14.4,18.3,0,0
2025/05/13,nagasaki,22.5,12.3,17.1,0,0
2025/05/13,kumamoto,24,11,18.1,0,0
2025/05/13,sapporo,19.9,7.5,14.1,0,0
2025/05/13,morioka,21.5,9.1,15.2,0,0
2025/05/13,hiroshima,23.2,8.4,16.5,0,0
2025/05/13,takamatsu,23.5,13.8,18.5,0,0
2025/05/13,chitose,20.7,6.3,14.1,0,0
2025/05/13,yokkaichi,21.6,10.3,16.9,0,0
2025/05/13,mito,23.9,12.1,17.6,0,0
2025/05/14,tokyo,24.1,15.6,19.7,0,0
2025/05/14,osaka,24.5,14.8,19.7,0,0
2025/05/14,nagoya,24.7,14.1,19.1,0,0
2025/05/14,kobe,22.5,16.1,19.1,0,0
2025/05/14,nagasaki,23.3,13.7,18.6,0,0
2025/05/14,kumamoto,24.8,12.4,19.2,0,0
2025/05/14,sapporo,21.9,10.1,15.2,0,0
2025/05/14,morioka,24.4,7.2,15.9,0,0
2025/05/14,hiroshima,24.6,11.1,18.5,0,0
2025/05/14,takamatsu,24.2,14.5,19.6,0,0
2025/05/14,chitose,19.5,8.3,13.3,0,0
2025/05/14,yokkaichi,21.4,14.6,18,0,0
2025/05/14,mito,23.6,12.6,18.1,0,0
2025/05/15,tokyo,25.2,15.8,20.3,0,0
2025/05/15,osaka,24.9,15.3,20.9,0,0
2025/05/15,nagoya,24.3,14.3,19.4,0,0
2025/05/15,kobe,22.9,16.9,19.9,0,0
2025/05/15,nagasaki,24.2,15,19.7,0,0
2025/05/15,kumamoto,25.6,13.6,20.4,0,0
2025/05/15,sapporo,20.2,11.7,14.7,0,0
2025/05/15,morioka,23.6,10.8,17.2,0,0
2025/05/15,hiroshima,22.8,15.2,19.5,0,0
2025/05/15,takamatsu,24.2,14.6,19.9,0,0
2025/05/15,chitose,17,8.6,12.3,0,0
2025/05/15,yokkaichi,21.9,14.5,18.5,0,0
2025/05/15,mito,23.4,13.1,18.8,0,0
2025/05/16,tokyo,26,17.5,21.5,0,0
2025/05/16,osaka,26.4,18.1,22.2,0,0
2025/05/16,nagoya,22.8,15.6,19.4,0,0
2025/05/16,kobe,23.4,18.4,20.7,0,0
2025/05/16,nagasaki,24.5,18.4,20.9,0,0
2025/05/16,kumamoto,26.1,17.8,21.4,0,0
2025/05/16,sapporo,24.3,11.4,17.3,0,0
2025/05/16,morioka,26.5,11.8,19,0,0
2025/05/16,hiroshima,25.4,18,20.5,0,0
2025/05/16,takamatsu,26.1,17.2,21,0,0
2025/05/16,chitose,20.2,10.5,15,0,0
2025/05/16,yokkaichi,21.1,16.7,19.1,0,0
2025/05/16,mito,25.1,16.4,20.6,0,0
2025/05/17,tokyo,23.5,18.9,21.1,0,0
2025/05/17,osaka,26.9,19.7,22.9,0,0
2025/05/17,nagoya,25,18.5,21.1,0,0
2025/05/17,kobe,23.9,18.6,20.9,0,0
2025/05/17,nagasaki,23,18.3,20.7,0,0
2025/05/17,kumamoto,23.3,19.7,21.2,0,0
2025/05/17,sapporo,20.1,14.5,16,0,0
2025/05/17,morioka,20.2,13,16.5,0,0
2025/05/17,hiroshima,25.9,17.1,20.7,0,0
2025/05/17,takamatsu,27.4,18.9,22.8,0,0
2025/05/17,chitose,17.5,10.7,14.2,0,0
2025/05/17,yokkaichi,25.4,19,21.6,0,0
2025/05/17,mito,22.4,18.4,20.3,0,0
2025/05/18,tokyo,27.1,22,24,0,0
2025/05/18,osaka,26.6,20.4,22.8,0,0
2025/05/18,nagoya,28.3,20.2,23.4,0,0
2025/05/18,kobe,25.3,19.1,21.7,0,0
2025/05/18,nagasaki,21.3,16.6,18.6,0,0
2025/05/18,kumamoto,22.2,17.8,19.7,0,0
2025/05/18,sapporo,21.7,10.6,15.6,0,0
2025/05/18,morioka,24.6,12.8,18.6,0,0
2025/05/18,hiroshima,23.6,16.9,20.3,0,0
2025/05/18,takamatsu,26.4,19.7,22.1,0,0
2025/05/18,chitose,19.1,9.5,14,0,0
2025/05/18,yokkaichi,28.2,19.4,22.6,0,0
2025/05/18,mito,27.8,19.9,23.2,0,0
2025/05/19,tokyo,22,16.6,18.8,0,0
2025/05/19,osaka,23.1,17.8,20.6,0,0
2025/05/19,nagoya,24.7,17.9,20.8,0,0
2025/05/19,kobe,22.3,16.4,19.5,0,0
2025/05/19,nagasaki,23,16.1,19.8,0,0
2025/05/19,kumamoto,24,17.7,20.8,0,0
2025/05/19,sapporo,19.1,6.4,13.7,0,0
2025/05/19,morioka,21.2,9.3,15.2,0,0
2025/05/19,hiroshima,22.5,13,18.5,0,0
2025/05/19,takamatsu,24.8,17.3,20.5,0,0
2025/05/19,chitose,19.1,5.6,13.3,0,0
2025/05/19,yokkaichi,23.5,17.4,20.2,0,0
2025/05/19,mito,20.9,14.4,16.4,0,0
2025/05/20,tokyo,28.7,15.4,22.6,0,0
2025/05/20,osaka,27.3,19.7,23.3,0,0
2025/05/20,nagoya,29.1,15.3,22.1,0,0
2025/05/20,kobe,25.6,19.1,21.9,0,0
2025/05/20,nagasaki,26.3,19.4,22.2,0,0
2025/05/20,kumamoto,28,17.3,22.7,0,0
2025/05/20,sapporo,16.9,8.7,12.9,0,0
2025/05/20,morioka,18.8,10.1,14,0,0
2025/05/20,hiroshima,26.6,18.1,22.1,0,0
2025/05/20,takamatsu,27.2,16.8,22.1,0,0
2025/05/20,chitose,18.7,7.1,12.6,0,0
2025/05/20,yokkaichi,24.8,16.7,20.8,0,0
2025/05/20,mito,28.6,13.7,21.4,0,0
2025/05/21,tokyo,28.5,19.2,23.6,0,0
2025/05/21,osaka,28.8,21.2,23.7,0,0
2025/05/21,nagoya,29.9,19,23.7,0,0
2025/05/21,kobe,24.2,20.6,21.6,0,0
2025/05/21,nagasaki,22.3,20.4,21.1,0,0
2025/05/21,kumamoto,22.9,20.7,21.7,0,0
2025/05/21,sapporo,19.7,5.9,12.9,0,0
2025/05/21,morioka,19.7,12.1,15.9,0,0
2025/05/21,hiroshima,26.8,21,22.8,0,0
2025/05/21,takamatsu,26.9,19.4,22.1,0,0
2025/05/21,chitose,17.8,5.6,11.7,0,0
2025/05/21,yokkaichi,26,19.4,22,0,0
2025/05/21,mito,29.3,17.3,23.3,0,0
2025/05/22,tokyo,26.9,17.6,22.9,0,0
2025/05/22,osaka,29,18.1,22.7,0,0
2025/05/22,nagoya,28,19.7,23.3,0,0
2025/05/22,kobe,28.1,16.9,21.7,0,0
2025/05/22,nagasaki,25.7,18.3,21.4,0,0
2025/05/22,kumamoto,27.4,18.2,21.9,0,0
2025/05/22,sapporo,16.1,9.7,12.2,0,0
2025/05/22,morioka,16.8,9.3,14.7,0,0
2025/05/22,hiroshima,26.1,17.4,21.5,0,0
2025/05/22,takamatsu,26.4,18.1,21.7,0,0
2025/05/22,chitose,18.8,7.8,12.2,0,0
2025/05/22,yokkaichi,25,19.3,21.8,0,0
2025/05/22,mito,25.9,14.3,19.8,0,0
2025/05/23,tokyo,22.9,16.3,18.9,0,0
2025/05/23,osaka,25.6,15.9,20.1,0,0
2025/05/23,nagoya,24,16.2,19.9,0,0
2025/05/23,kobe,23.6,14.5,18.8,0,0
2025/05/23,nagasaki,26.3,16.7,21,0,0
2025/05/23,kumamoto,27.6,16.3,21.3,0,0
2025/05/23,sapporo,14.4,9,11,0,0
2025/05/23,morioka,18.9,9.5,14.7,0,0
2025/05/23,hiroshima,24.2,13.9,19.6,0,0
2025/05/23,takamatsu,23.1,15.1,19.3,0,0
2025/05/23,chitose,16.3,8.5,11.5,0,0
2025/05/23,yokkaichi,22.1,15.8,19.4,0,0
2025/05/23,mito,19.3,14.3,16.2,0,0
2025/05/24,tokyo,21.3,14.9,17.8,0,0
2025/05/24,osaka,21.5,18.4,19.6,0,0
2025/05/24,nagoya,20.3,16.6,18.3,0,0
2025/05/24,kobe,19.7,17.8,18.8,0,0
2025/05/24,nagasaki,25.5,17.1,20.8,0,0
2025/05/24,kumamoto,26.7,17.2,21.3,0,0
2025/05/24,sapporo,16.7,7,12.1,0,0
2025/05/24,morioka,18.1,10.5,13.6,0,0
2025/05/24,hiroshima,19.9,16.1,18.3,0,0
2025/05/24,takamatsu,22.5,17.8,19.5,0,0
2025/05/24,chitose,15.8,6.8,11.5,0,0
2025/05/24,yokkaichi,20.2,17.5,18.9,0,0
2025/05/24,mito,19.4,14.3,16.4,0,0
2025/05/25,tokyo,25.5,14.3,19,0,0
2025/05/25,osaka,20.5,15.1,19.1,0,0
2025/05/25,nagoya,21.7,15.6,18.9,0,0
2025/05/25,kobe,21.3,13.7,18.3,0,0
2025/05/25,nagasaki,20.5,15,17.6,0,0
2025/05/25,kumamoto,21.1,14.6,17.9,0,0
2025/05/25,sapporo,11.7,9.9,10.8,0,0
2025/05/25,morioka,16.8,11,13.5,0,0
2025/05/25,hiroshima,19.1,12.5,17.1,0,0
2025/05/25,takamatsu,21.1,15.3,18.8,0,0
2025/05/25,chitose,11.7,9.8,10.5,0,0
2025/05/25,yokkaichi,22,15.6,19,0,0
2025/05/25,mito,22.5,15.1,18,0,0
2025/05/26,tokyo,20.2,16.4,18.1,0,0
2025/05/26,osaka,20.9,13.9,16.9,0,0
2025/05/26,nagoya,20.9,14.2,17.4,0,0
2025/05/26,kobe,20.2,12.5,15.9,0,0
2025/05/26,nagasaki,22.5,13.7,17.9,0,0
2025/05/26,kumamoto,22.9,12.2,17.1,0,0
2025/05/26,sapporo,13,8.5,10.8,0,0
2025/05/26,morioka,19,10,14,0,0
2025/05/26,hiroshima,21.3,10.2,15.9,0,0
2025/05/26,takamatsu,19.5,13,16,0,0
2025/05/26,chitose,15.5,7,11.1,0,0
2025/05/26,yokkaichi,20.9,14.5,17.3,0,0
2025/05/26,mito,19.8,15.1,17.2,0,0
2025/05/27,tokyo,19.8,14.7,17.2,0,0
2025/05/27,osaka,23.8,14,18.3,0,0
2025/05/27,nagoya,21.3,14.8,16.9,0,0
2025/05/27,kobe,22.1,14.6,18.3,0,0
2025/05/27,nagasaki,23.9,14.1,19.3,0,0
2025/05/27,kumamoto,24.9,12.6,19.2,0,0
2025/05/27,sapporo,19.9,6.4,13.3,0,0
2025/05/27,morioka,20.1,7.4,14,0,0
2025/05/27,hiroshima,22.8,11.2,17.3,0,0
2025/05/27,takamatsu,22.1,14.2,18.2,0,0
2025/05/27,chitose,17.2,6,11.8,0,0
2025/05/27,yokkaichi,19.9,14.7,16.9,0,0
2025/05/27,mito,19.2,13.5,16.2,0,0
2025/05/28,tokyo,23.2,14.9,18.6,0,0
2025/05/28,osaka,25.5,15.6,20.3,0,0
2025/05/28,nagoya,25.2,14.4,19.4,0,0
2025/05/28,kobe,23.9,16.5,19.7,0,0
2025/05/28,nagasaki,25,15.2,19.9,0,0
2025/05/28,kumamoto,25.4,14.1,20,0,0
2025/05/28,sapporo,20.7,9.4,14.8,0,0
2025/05/28,morioka,22.4,11.3,16.7,0,0
2025/05/28,hiroshima,23.2,11.1,17.8,0,0
2025/05/28,takamatsu,23.7,15.1,19.7,0,0
2025/05/28,chitose,17.9,8.5,12.7,0,0
2025/05/28,yokkaichi,22.4,14.1,18.9,0,0
2025/05/28,mito,20.1,14.6,17,0,0
2025/05/29,tokyo,22.6,15.2,18.8,0,0
2025/05/29,osaka,21.8,18.7,19.9,0,0
2025/05/29,nagoya,22.3,16.2,18.7,0,0
2025/05/29,kobe,20.7,18.1,19.3,0,0
2025/05/29,nagasaki,24.3,17.9,20.4,0,0
2025/05/29,kumamoto,24,17.3,19.7,0,0
2025/05/29,sapporo,24.6,9.5,16.8,0,0
2025/05/29,morioka,24.1,10.6,17.6,0,0
2025/05/29,hiroshima,23.8,13.8,18.5,0,0
2025/05/29,takamatsu,20.8,16.9,18.5,0,0
2025/05/29,chitose,20.8,8.8,14.4,0,0
2025/05/29,yokkaichi,21,17.5,18.8,0,0
2025/05/29,mito,23,13.1,17.8,0,0
2025/05/30,tokyo,17.6,14.3,15.8,0,0
2025/05/30,osaka,24.2,16.7,20.1,0,0
2025/05/30,nagoya,25.1,15,19.6,0,0
2025/05/30,kobe,23,16.5,19.4,0,0
2025/05/30,nagasaki,24.1,16.6,19.4,0,0
2025/05/30,kumamoto,25.2,15.6,19.4,0,0
2025/05/30,sapporo,25.7,11.6,17.8,0,0
2025/05/30,morioka,21.5,13.2,17.1,0,0
2025/05/30,hiroshima,23.6,14.6,18.5,0,0
2025/05/30,takamatsu,22,16.9,19.1,0,0
2025/05/30,chitose,23.5,10,16.1,0,0
2025/05/30,yokkaichi,22.8,15.6,19.2,0,0
2025/05/30,mito,17.5,14.7,15.9,0,0
2025/05/31,tokyo,17.3,14.6,15.9,0,0
2025/05/31,osaka,23.2,17.5,19.5,0,0
2025/05/31,nagoya,22.5,16.2,18.8,0,0
2025/05/31,kobe,22.6,16.2,18.9,0,0
2025/05/31,nagasaki,24.4,15.5,19.4,0,0
2025/05/31,kumamoto,25,13.7,19.2,0,0
2025/05/31,sapporo,23.8,13.3,17.8,0,0
2025/05/31,morioka,17.4,10.3,14,0,0
2025/05/31,hiroshima,23.4,14.6,18.6,0,0
2025/05/31,takamatsu,24.6,16.5,20,0,0
2025/05/31,chitose,21.1,11.2,14.8,0,0
2025/05/31,yokkaichi,21.2,16.3,18.6,0,0
2025/05/31,mito,18,14.7,16.2,0,0
2025/06/01,tokyo,22.6,14.7,18.2,0,0
2025/06/01,osaka,26.1,17,20.2,0,0
2025/06/01,nagoya,23.5,16.1,19.3,0,0
2025/06/01,kobe,26.1,16.5,19.7,0,0
2025/06/01,nagasaki,25,15.5,20.2,0,0
2025/06/01,kumamoto,26.8,13.9,21,0,0
2025/06/01,sapporo,22.5,10.8,15.9,0,0
2025/06/01,morioka,17.8,8.4,11.9,0,0
2025/06/01,hiroshima,26.5,13.2,20.3,0,0
2025/06/01,takamatsu,26.7,16.2,21.3,0,0
2025/06/01,chitose,22,9,14.7,0,0
2025/06/01,yokkaichi,22.2,15.7,19,0,0
2025/06/01,mito,20.7,13.9,16.1,0,0
2025/06/02,tokyo,23.6,14.9,19.6,0,0
2025/06/02,osaka,27.6,15.5,21.3,0,0
2025/06/02,nagoya,25.4,14.7,19.8,0,0
2025/06/02,kobe,23.9,15.8,20,0,0
2025/06/02,nagasaki,20,17.4,18.5,0,0
2025/06/02,kumamoto,20.9,17.9,19.2,0,0
2025/06/02,sapporo,17.5,8.4,13.3,0,0
2025/06/02,morioka,21.6,11.1,16,0,0
2025/06/02,hiroshima,22.2,14.6,18.2,0,0
2025/06/02,takamatsu,24.1,16.6,20.4,0,0
2025/06/02,chitose,19.3,6.6,13.5,0,0
2025/06/02,yokkaichi,22.8,14.3,18.8,0,0
2025/06/02,mito,23.8,13.5,18.7,0,0
2025/06/03,tokyo,20.2,17.6,18.7,0,0
2025/06/03,osaka,21.7,18.2,19.4,0,0
2025/06/03,nagoya,19.5,17.2,18.5,0,0
2025/06/03,kobe,19.7,17.1,18.6,0,0
2025/06/03,nagasaki,22.8,18,20.6,0,0
2025/06/03,kumamoto,24,18.4,20.6,0,0
2025/06/03,sapporo,20.3,12.6,15.7,0,0
2025/06/03,morioka,23.1,10.8,17.1,0,0
2025/06/03,hiroshima,22,15.9,18.7,0,0
2025/06/03,takamatsu,20.1,17.8,19,0,0
2025/06/03,chitose,18.2,12.4,14.8,0,0
2025/06/03,yokkaichi,19.6,17.5,18.4,0,0
2025/06/03,mito,20.8,17.6,18.7,0,0
2025/06/04,tokyo,26.9,16.4,21.5,0,0
2025/06/04,osaka,24.5,16.8,20.8,0,0
2025/06/04,nagoya,25.9,17.4,20.9,0,0
2025/06/04,kobe,23.8,16.7,20.3,0,0
2025/06/04,nagasaki,24.9,17,20.7,0,0
2025/06/04,kumamoto,25.6,15.5,20.5,0,0
2025/06/04,sapporo,21,12.7,15.8,0,0
2025/06/04,morioka,20.2,15,17.3,0,0
2025/06/04,hiroshima,25.5,14,19.8,0,0
2025/06/04,takamatsu,24.6,17.2,20.7,0,0
2025/06/04,chitose,18.5,13.2,14.5,0,0
2025/06/04,yokkaichi,25.6,14,20.3,0,0
2025/06/04,mito,26.9,16.5,21.2,0,0
2025/06/05,tokyo,25.8,17.8,21.6,0,0
2025/06/05,osaka,25.2,17.3,21.4,0,0
2025/06/05,nagoya,26.9,13.6,20.5,0,0
2025/06/05,kobe,24.3,18.2,21.4,0,0
2025/06/05,nagasaki,24.7,16.7,20.2,0,0
2025/06/05,kumamoto,26.6,14.9,20.9,0,0
2025/06/05,sapporo,17.2,11.4,14.3,0,0
2025/06/05,morioka,19.6,12.7,16.3,0,0
2025/06/05,hiroshima,24.6,12.5,19.4,0,0
2025/06/05,takamatsu,26.2,17.7,21.4,0,0
2025/06/05,chitose,16.6,10.9,13.6,0,0
2025/06/05,yokkaichi,26.4,12.6,19.2,0,0
2025/06/05,mito,28.1,16.7,22,0,0
2025/06/06,tokyo,27.1,17.3,22.1,0,0
2025/06/06,osaka,26.2,17.1,22,0,0
2025/06/06,nagoya,27.5,14.9,21.3,0,0
2025/06/06,kobe,24.4,18.4,21.4,0,0
2025/06/06,nagasaki,25.4,15.1,20.2,0,0
2025/06/06,kumamoto,27.2,14.9,21.5,0,0
2025/06/06,sapporo,23,12,17.2,0,0
2025/06/06,morioka,25.5,9.5,18.2,0,0
2025/06/06,hiroshima,23.7,14,19.7,0,0
2025/06/06,takamatsu,25.9,16.8,21.5,0,0
2025/06/06,chitose,20.3,12,16.1,0,0
2025/06/06,yokkaichi,24,16.6,20.5,0,0
2025/06/06,mito,28.1,16.3,22,0,0
2025/06/07,tokyo,27.6,19.8,23,0,0
2025/06/07,osaka,28,18.9,23.1,0,0
2025/06/07,nagoya,28.9,18.9,23.1,0,0
2025/06/07,kobe,25.8,19.8,22.2,0,0
2025/06/07,nagasaki,25.6,17.9,21.9,0,0
2025/06/07,kumamoto,28.2,17.9,23.5,0,0
2025/06/07,sapporo,22.3,13.2,18.2,0,0
2025/06/07,morioka,27.8,14,20.4,0,0
2025/06/07,hiroshima,26,17.8,21.4,0,0
2025/06/07,takamatsu,26.8,19.1,22.7,0,0
2025/06/07,chitose,20.4,12.7,16.6,0,0
2025/06/07,yokkaichi,24.1,19,21.3,0,0
2025/06/07,mito,28.1,19.3,23.2,0,0
2025/06/08,tokyo,26.9,19.6,22.7,0,0
2025/06/08,osaka,24.6,19.8,21.8,0,0
2025/06/08,nagoya,27.2,19.5,22.4,0,0
2025/06/08,kobe,23.4,19.8,21,0,0
2025/06/08,nagasaki,24.1,19.6,21,0,0
2025/06/08,kumamoto,25.4,19.7,21.8,0,0
2025/06/08,sapporo,21.4,14,17.4,0,0
2025/06/08,morioka,25.1,14.1,19.4,0,0
2025/06/08,hiroshima,23.4,17.9,19.9,0,0
2025/06/08,takamatsu,25.3,20.4,22.3,0,0
2025/06/08,chitose,22.7,13.2,17.2,0,0
2025/06/08,yokkaichi,24.3,18.7,21.2,0,0
2025/06/08,mito,26.4,18.1,22,0,0
2025/06/09,tokyo,25.8,19.4,21.8,0,0
2025/06/09,osaka,26,19.1,21.4,0,0
2025/06/09,nagoya,26,17.4,20.6,0,0
2025/06/09,kobe,24.1,18.7,20.5,0,0
2025/06/09,nagasaki,22.2,18.5,20.3,0,0
2025/06/09,kumamoto,22.5,18.1,20.5,0,0
2025/06/09,sapporo,24.9,10.4,17.6,0,0
2025/06/09,morioka,26.5,11.1,19.3,0,0
2025/06/09,hiroshima,24,15.9,19.5,0,0
2025/06/09,takamatsu,22.8,19.2,20.5,0,0
2025/06/09,chitose,21.6,10.9,16.1,0,0
2025/06/09,yokkaichi,22.5,17.9,19.7,0,0
2025/06/09,mito,26.1,18,21.7,0,0
2025/06/10,tokyo,22,18.6,20.4,0,0
2025/06/10,osaka,26.3,19.6,22.3,0,0
2025/06/10,nagoya,23.1,18.5,20.7,0,0
2025/06/10,kobe,23.4,19.1,21.5,0,0
2025/06/10,nagasaki,23.7,21.3,22.4,0,0
2025/06/10,kumamoto,23.9,22.1,22.9,0,0
2025/06/10,sapporo,27,13.3,19.6,0,0
2025/06/10,morioka,26.8,14,20.6,0,0
2025/06/10,hiroshima,21,18.7,19.9,0,0
2025/06/10,takamatsu,21.7,19.2,20.5,0,0
2025/06/10,chitose,23.7,11.7,17.5,0,0
2025/06/10,yokkaichi,20.7,19,19.9,0,0
2025/06/10,mito,22.9,18,20.3,0,0
2025/06/11,tokyo,24.6,19.1,21.7,0,0
2025/06/11,osaka,23.9,20.2,21.8,0,0
2025/06/11,nagoya,23,20.8,22,0,0
2025/06/11,kobe,22.7,19.2,20.9,0,0
2025/06/11,nagasaki,23,19.4,20.7,0,0
2025/06/11,kumamoto,24.6,20,22.3,0,0
2025/06/11,sapporo,23.1,15.2,19.2,0,0
2025/06/11,morioka,23.9,17.6,20.3,0,0
2025/06/11,hiroshima,22.3,18.6,20,0,0
2025/06/11,takamatsu,23.6,19.6,21.4,0,0
2025/06/11,chitose,19.4,15.6,17.1,0,0
2025/06/11,yokkaichi,23.7,20.1,21.7,0,0
2025/06/11,mito,21.7,18.4,19.9,0,0
2025/06/12,tokyo,27.2,19.8,22.9,0,0
2025/06/12,osaka,25.6,18.9,22.3,0,0
2025/06/12,nagoya,24.4,17.3,21.1,0,0
2025/06/12,kobe,24.2,19,21.4,0,0
2025/06/12,nagasaki,23.3,19.4,20.9,0,0
2025/06/12,kumamoto,24.9,20.3,21.8,0,0
2025/06/12,sapporo,15.9,12.5,14.3,0,0
2025/06/12,morioka,22.8,14.8,18.4,0,0
2025/06/12,hiroshima,23.2,16.7,19.9,0,0
2025/06/12,takamatsu,23.6,18.8,21,0,0
2025/06/12,chitose,17.7,11.4,14.8,0,0
2025/06/12,yokkaichi,25.1,17.5,21.3,0,0
2025/06/12,mito,26.7,17.5,21.9,0,0
2025/06/13,tokyo,25.2,19.5,22,0,0
2025/06/13,osaka,27.3,17.8,22,0,0
2025/06/13,nagoya,27,16.4,21.9,0,0
2025/06/13,kobe,25.1,19,21.8,0,0
2025/06/13,nagasaki,28.5,20.9,24.2,0.2,0
2025/06/13,kumamoto,29.6,20.9,25.1,1.1,0
2025/06/13,sapporo,21.4,11.6,16.3,0,0
2025/06/13,morioka,25.2,10.8,18,0,0
2025/06/13,hiroshima,25,18.1,21.4,0,0
2025/06/13,takamatsu,25.7,19.3,22.4,0,0
2025/06/13,chitose,18.9,9.4,14.7,0,0
2025/06/13,yokkaichi,24.6,15.6,21,0,0
2025/06/13,mito,22.5,17.2,19.8,0,0
2025/06/14,tokyo,25.1,19.9,21.8,0,0
2025/06/14,osaka,25.3,21.2,22.6,0,0
2025/06/14,nagoya,22.8,20.1,21.4,0,0
2025/06/14,kobe,23.8,20.5,22,0,0
2025/06/14,nagasaki,25.4,22.3,23.6,0,0
2025/06/14,kumamoto,26.5,21.8,24.1,0.1,0
2025/06/14,sapporo,23.4,14.2,18.2,0,0
2025/06/14,morioka,21.9,14.6,18.6,0,0
2025/06/14,hiroshima,23,20.3,21.7,0,0
2025/06/14,takamatsu,26.6,20.8,23.2,0,0
2025/06/14,chitose,19.9,12.7,16.1,0,0
2025/06/14,yokkaichi,22.7,20.8,21.7,0,0
2025/06/14,mito,23.9,18.7,20.7,0,0
2025/06/15,tokyo,29.7,22.7,25.7,1.7,0
2025/06/15,osaka,27.9,24.1,25.8,1.8,0
2025/06/15,nagoya,29,22.3,25,1,0
2025/06/15,kobe,27.3,22.7,24.7,0.7,0
2025/06/15,nagasaki,25.8,21,23.6,0,0
2025/06/15,kumamoto,27.7,22,24,0,0
2025/06/15,sapporo,20.5,15.6,18,0,0
2025/06/15,morioka,27.7,17.9,22.2,0,0
2025/06/15,hiroshima,28.2,21.9,24.2,0.2,0
2025/06/15,takamatsu,29.1,22.5,25.3,1.3,0
2025/06/15,chitose,18.8,15.3,16.9,0,0
2025/06/15,yokkaichi,28.3,21,24.3,0.3,0
2025/06/15,mito,30.3,21.2,25.3,1.3,0
2025/06/16,tokyo,30.5,23.2,26.2,2.2,0.2
2025/06/16,osaka,32,23.1,27.5,3.5,1.5
2025/06/16,nagoya,31.2,20.4,25.8,1.8,0
2025/06/16,kobe,27.6,23.7,25.4,1.4,0
2025/06/16,nagasaki,28,21.4,24.6,0.6,0
2025/06/16,kumamoto,29.2,22.9,25.5,1.5,0
2025/06/16,sapporo,24.8,15.4,19.1,0,0
2025/06/16,morioka,29.4,20,23.6,0,0
2025/06/16,hiroshima,28.9,22.4,24.5,0.5,0
2025/06/16,takamatsu,33.7,22.5,27.6,3.6,1.6
2025/06/16,chitose,24.2,14.8,17.6,0,0
2025/06/16,yokkaichi,26.7,20.1,23.9,0,0
2025/06/16,mito,28.9,21.3,24.7,0.7,0
2025/06/17,tokyo,33.1,23.6,28,4,2
2025/06/17,osaka,30.9,24.3,27.1,3.1,1.1
2025/06/17,nagoya,32.8,23.6,28.2,4.2,2.2
2025/06/17,kobe,29.2,23.4,25.5,1.5,0
2025/06/17,nagasaki,27.4,22.1,24.5,0.5,0
2025/06/17,kumamoto,28.9,21.9,25.3,1.3,0
2025/06/17,sapporo,26.3,16.2,21.6,0,0
2025/06/17,morioka,28.1,18.6,23.3,0,0
2025/06/17,hiroshima,28,18.7,23.4,0,0
2025/06/17,takamatsu,30.6,23.4,26.6,2.6,0.6
2025/06/17,chitose,26.6,15.6,20.2,0,0
2025/06/17,yokkaichi,30.6,23.9,26.9,2.9,0.9
2025/06/17,mito,31.5,21.4,25.6,1.6,0
2025/06/18,tokyo,32.6,23.8,27.8,3.8,1.8
2025/06/18,osaka,32.3,23.2,27.3,3.3,1.3
2025/06/18,nagoya,34,23.5,28.5,4.5,2.5
2025/06/18,kobe,29.8,23.3,26.3,2.3,0.3
2025/06/18,nagasaki,27.5,21.8,24.6,0.6,0
2025/06/18,kumamoto,28.7,23.1,25.9,1.9,0
2025/06/18,sapporo,27.1,18.6,22.5,0,0
2025/06/18,morioka,29,15.4,23,0,0
2025/06/18,hiroshima,28.2,21.3,24.5,0.5,0
2025/06/18,takamatsu,30.8,21.9,26.2,2.2,0.2
2025/06/18,chitose,26,16.9,20.9,0,0
2025/06/18,yokkaichi,30.2,21,26.3,2.3,0.3
2025/06/18,mito,31.4,21.9,26,2,0
2025/06/19,tokyo,32.2,23.4,27.2,3.2,1.2
2025/06/19,osaka,32,23.3,27.6,3.6,1.6
2025/06/19,nagoya,34,23.6,28.3,4.3,2.3
2025/06/19,kobe,30,23.4,26.7,2.7,0.7
2025/06/19,nagasaki,29.3,20.6,25,1,0
2025/06/19,kumamoto,31.3,20.6,26.2,2.2,0.2
2025/06/19,sapporo,29.2,16.4,22.5,0,0
2025/06/19,morioka,31,17.3,24.2,0.2,0
2025/06/19,hiroshima,29.5,18.8,24.3,0.3,0
2025/06/19,takamatsu,32.5,22.7,27.8,3.8,1.8
2025/06/19,chitose,27.4,15.3,20.9,0,0
2025/06/19,yokkaichi,31.1,21.2,26.4,2.4,0.4
2025/06/19,mito,29.3,21.8,24.7,0.7,0
2025/06/20,tokyo,30.4,23.3,26.3,2.3,0.3
2025/06/20,osaka,34,23.2,28.2,4.2,2.2
2025/06/20,nagoya,32.4,23.9,27.2,3.2,1.2
2025/06/20,kobe,29.4,23.8,26.2,2.2,0.2
2025/06/20,nagasaki,29,22,25.5,1.5,0
2025/06/20,kumamoto,31.8,22.8,27.2,3.2,1.2
2025/06/20,sapporo,27.6,16.6,22.4,0,0
2025/06/20,morioka,31.1,20,24.9,0.9,0
2025/06/20,hiroshima,30.4,19.9,25,1,0
2025/06/20,takamatsu,33.1,21.8,28.1,4.1,2.1
2025/06/20,chitose,22.6,15.4,19.1,0,0
2025/06/20,yokkaichi,28.2,23.8,25.9,1.9,0
2025/06/20,mito,27.3,22.6,24.7,0.7,0
2025/06/21,tokyo,31.5,22.3,26.5,2.5,0.5
2025/06/21,osaka,32,25,28.4,4.4,2.4
2025/06/21,nagoya,32.8,22.7,27.1,3.1,1.1
2025/06/21,kobe,27.9,23.7,25.6,1.6,0
2025/06/21,nagasaki,28.3,24.7,26.1,2.1,0.1
2025/06/21,kumamoto,31.6,23.4,27.6,3.6,1.6
2025/06/21,sapporo,21.3,19.1,20,0,0
2025/06/21,morioka,30.6,21.3,25.3,1.3,0
2025/06/21,hiroshima,28.3,23,25.2,1.2,0
2025/06/21,takamatsu,33.3,23,28.2,4.2,2.2
2025/06/21,chitose,20.4,18.2,19.1,0,0
2025/06/21,yokkaichi,28.3,23.8,25.9,1.9,0
2025/06/21,mito,29.1,21.5,25.3,1.3,0
2025/06/22,tokyo,33.4,23.5,28,4,2
2025/06/22,osaka,33.5,26.3,29.7,5.7,3.7
2025/06/22,nagoya,32.7,23.6,27.4,3.4,1.4
2025/06/22,kobe,28.7,24.3,26.1,2.1,0.1
2025/06/22,nagasaki,29,23.3,25.3,1.3,0
2025/06/22,kumamoto,30.9,24.1,26.8,2.8,0.8
2025/06/22,sapporo,22.7,18.3,20.5,0,0
2025/06/22,morioka,31.2,21.7,25.3,1.3,0
2025/06/22,hiroshima,27.7,23.3,25.2,1.2,0
2025/06/22,takamatsu,34.3,24.4,28.7,4.7,2.7
2025/06/22,chitose,21.3,17.8,19.3,0,0
2025/06/22,yokkaichi,30.7,24,27,3,1
2025/06/22,mito,31.7,22.8,26.6,2.6,0.6
2025/06/23,tokyo,32.9,25.4,28.5,4.5,2.5
2025/06/23,osaka,27.8,23.4,25.7,1.7,0
2025/06/23,nagoya,27,23.9,25.2,1.2,0
2025/06/23,kobe,25.8,23,24.5,0.5,0
2025/06/23,nagasaki,25.8,22.6,23.9,0,0
2025/06/23,kumamoto,26.3,22.6,24,0,0
2025/06/23,sapporo,27,17.6,21.8,0,0
2025/06/23,morioka,24.8,20,22.4,0,0
2025/06/23,hiroshima,27.8,22,23.6,0,0
2025/06/23,takamatsu,27.6,23.3,24.7,0.7,0
2025/06/23,chitose,24.3,16.9,20.3,0,0
2025/06/23,yokkaichi,26.8,23.3,25.4,1.4,0
2025/06/23,mito,31,24.1,27.2,3.2,1.2
2025/06/24,tokyo,29.1,24.9,26.7,2.7,0.7
2025/06/24,osaka,28.3,23.9,25.4,1.4,0
2025/06/24,nagoya,25.9,22.9,23.9,0,0
2025/06/24,kobe,26.6,23,24.5,0.5,0
2025/06/24,nagasaki,25.6,23,24.3,0.3,0
2025/06/24,kumamoto,28.7,22.4,25,1,0
2025/06/24,sapporo,27.3,15.2,21.7,0,0
2025/06/24,morioka,26.8,18.1,22.5,0,0
2025/06/24,hiroshima,26.1,22.2,23.6,0,0
2025/06/24,takamatsu,28.4,23.1,25.1,1.1,0
2025/06/24,chitose,24.4,15.5,20,0,0
2025/06/24,yokkaichi,26.1,23.5,24.5,0.5,0
2025/06/24,mito,27.8,23.2,25.3,1.3,0
2025/06/25,tokyo,29.1,23.7,25.7,1.7,0
2025/06/25,osaka,30.8,24.2,27,3,1
2025/06/25,nagoya,29.4,22.8,25.6,1.6,0
2025/06/25,kobe,28.8,23.9,25.9,1.9,0
2025/06/25,nagasaki,27.9,23.5,25.2,1.2,0
2025/06/25,kumamoto,29.4,22.5,25.6,1.6,0
2025/06/25,sapporo,30.5,16.9,23.3,0,0
2025/06/25,morioka,30.6,19.8,24.6,0.6,0
2025/06/25,hiroshima,28.3,22.3,24.7,0.7,0
2025/06/25,takamatsu,29.8,23.5,26.4,2.4,0.4
2025/06/25,chitose,27.4,15.1,20.7,0,0
2025/06/25,yokkaichi,28.7,23.1,25.6,1.6,0
2025/06/25,mito,26.1,22.5,24.3,0.3,0
2025/06/26,tokyo,31.2,24.4,27.3,3.3,1.3
2025/06/26,osaka,28.5,24.7,26.4,2.4,0.4
2025/06/26,nagoya,29.2,23,25.6,1.6,0
2025/06/26,kobe,27.4,24,25.4,1.4,0
2025/06/26,nagasaki,28,22.3,24.7,0.7,0
2025/06/26,kumamoto,28.5,23.2,25.5,1.5,0
2025/06/26,sapporo,28.9,19.5,22.6,0,0
2025/06/26,morioka,27,19.8,23.7,0,0
2025/06/26,hiroshima,28.6,21.5,25.1,1.1,0
2025/06/26,takamatsu,30.2,23.5,26.1,2.1,0.1
2025/06/26,chitose,25.6,17,20.8,0,0
2025/06/26,yokkaichi,28.6,21.7,25.8,1.8,0
2025/06/26,mito,31.1,23.6,26,2,0
2025/06/27,tokyo,31.2,24,27,3,1
2025/06/27,osaka,28.8,23.3,26.4,2.4,0.4
2025/06/27,nagoya,30.3,21,25.4,1.4,0
2025/06/27,kobe,28.2,22.7,25.6,1.6,0
2025/06/27,nagasaki,28.5,21.9,25.2,1.2,0
2025/06/27,kumamoto,29.8,23.3,26.4,2.4,0.4
2025/06/27,sapporo,21.7,17.4,19.8,0,0
2025/06/27,morioka,26.5,19.6,22.8,0,0
2025/06/27,hiroshima,28.3,19.1,24.1,0.1,0
2025/06/27,takamatsu,29.8,22.5,25.9,1.9,0
2025/06/27,chitose,23.8,17.1,20.4,0,0
2025/06/27,yokkaichi,30.5,21.1,25.3,1.3,0
2025/06/27,mito,28.8,21.4,25.3,1.3,0
2025/06/28,tokyo,32.5,23.5,27.5,3.5,1.5
2025/06/28,osaka,31.1,22.6,26.9,2.9,0.9
2025/06/28,nagoya,31.5,21.2,25.9,1.9,0
2025/06/28,kobe,29.3,21.9,25.7,1.7,0
2025/06/28,nagasaki,29.7,23.7,26.3,2.3,0.3
2025/06/28,kumamoto,31.4,23.8,27.2,3.2,1.2
2025/06/28,sapporo,25.9,17.4,20.6,0,0
2025/06/28,morioka,29.1,18.5,23.2,0,0
2025/06/28,hiroshima,28.5,19.2,24.2,0.2,0
2025/06/28,takamatsu,30.8,21.9,26.3,2.3,0.3
2025/06/28,chitose,25.7,17.1,20.6,0,0
2025/06/28,yokkaichi,29,21,25.3,1.3,0
2025/06/28,mito,29.2,20.9,24.9,0.9,0
2025/06/29,tokyo,32.6,23.2,27.9,3.9,1.9
2025/06/29,osaka,33.1,22.4,27.9,3.9,1.9
2025/06/29,nagoya,31.4,22,26.7,2.7,0.7
2025/06/29,kobe,29.4,23.2,26.3,2.3,0.3
2025/06/29,nagasaki,30.7,23.4,27.1,3.1,1.1
2025/06/29,kumamoto,32,24,28,4,2
2025/06/29,sapporo,28.8,15.2,22.4,0,0
2025/06/29,morioka,30.3,17.1,23.5,0,0
2025/06/29,hiroshima,30,21.4,25.9,1.9,0
2025/06/29,takamatsu,32.2,22.3,27.6,3.6,1.6
2025/06/29,chitose,27.2,14.9,21.5,0,0
2025/06/29,yokkaichi,28.8,22.9,26,2,0
2025/06/29,mito,31,20.2,26,2,0
2025/06/30,tokyo,34.8,24.4,29.3,5.3,3.3
2025/06/30,osaka,34.2,25.8,29.5,5.5,3.5
2025/06/30,nagoya,34,23.1,28.2,4.2,2.2
2025/06/30,kobe,30.5,24.6,27,3,1
2025/06/30,nagasaki,30.7,23.4,27,3,1
2025/06/30,kumamoto,33.3,24.4,28.7,4.7,2.7
2025/06/30,sapporo,26,18.7,21.7,0,0
2025/06/30,morioka,29.1,18.3,24.2,0.2,0
2025/06/30,hiroshima,29.9,22.4,26.1,2.1,0.1
2025/06/30,takamatsu,34.1,24.5,29.6,5.6,3.6
2025/06/30,chitose,22,17,19.2,0,0
2025/06/30,yokkaichi,30.6,23.5,27.4,3.4,1.4
2025/06/30,mito,33.7,21.7,27.8,3.8,1.8
2025/07/01,tokyo,33.9,25.8,29.3,5.3,3.3
2025/07/01,osaka,35.3,26.7,31.1,7.1,5.1
2025/07/01,nagoya,33.7,25.1,29.6,5.6,3.6
2025/07/01,kobe,31.8,25.1,28.3,4.3,2.3
2025/07/01,nagasaki,30.7,23.9,27.2,3.2,1.2
2025/07/01,kumamoto,34.2,24.9,29.5,5.5,3.5
2025/07/01,sapporo,29.9,18.7,24.3,0.3,0
2025/07/01,morioka,28.7,20.9,25,1,0
2025/07/01,hiroshima,30.8,22.3,27,3,1
2025/07/01,takamatsu,35.4,26,30.6,6.6,4.6
2025/07/01,chitose,27.3,17.5,22.5,0,0
2025/07/01,yokkaichi,32.8,25,28.9,4.9,2.9
2025/07/01,mito,33.1,23.9,28,4,2
2025/07/02,tokyo,31.7,25.4,27.6,3.6,1.6
2025/07/02,osaka,34.5,25.3,30.8,6.8,4.8
2025/07/02,nagoya,31.9,25.6,28.4,4.4,2.4
2025/07/02,kobe,31.4,26,28.3,4.3,2.3
2025/07/02,nagasaki,31.2,24.8,27.8,3.8,1.8
2025/07/02,kumamoto,35,25.9,30.2,6.2,4.2
2025/07/02,sapporo,27.2,21,23.8,0,0
2025/07/02,morioka,31.3,21.1,25.1,1.1,0
2025/07/02,hiroshima,31.9,23.9,28,4,2
2025/07/02,takamatsu,35.3,26.4,30.5,6.5,4.5
2025/07/02,chitose,24.5,19,21.6,0,0
2025/07/02,yokkaichi,32.3,25.2,28.6,4.6,2.6
2025/07/02,mito,31.3,23.5,26.8,2.8,0.8
2025/07/03,tokyo,32.6,24.6,27.8,3.8,1.8
2025/07/03,osaka,33.4,25.2,28.7,4.7,2.7
2025/07/03,nagoya,31,24,26.8,2.8,0.8
2025/07/03,kobe,30.8,25.2,27.3,3.3,1.3
2025/07/03,nagasaki,32.1,24.8,28.2,4.2,2.2
2025/07/03,kumamoto,34.9,26.5,30.4,6.4,4.4
2025/07/03,sapporo,27.2,19.1,22.8,0,0
2025/07/03,morioka,31.3,20.6,25.8,1.8,0
2025/07/03,hiroshima,32.4,23.7,28.5,4.5,2.5
2025/07/03,takamatsu,35,26.2,30.4,6.4,4.4
2025/07/03,chitose,23.7,18.1,20.4,0,0
2025/07/03,yokkaichi,29,23.5,26.2,2.2,0.2
2025/07/03,mito,31.2,23.1,26.7,2.7,0.7
2025/07/04,tokyo,35,24.4,28.7,4.7,2.7
2025/07/04,osaka,33.2,26.4,29.5,5.5,3.5
2025/07/04,nagoya,31.9,24.7,27.6,3.6,1.6
2025/07/04,kobe,31,25.5,27.8,3.8,1.8
2025/07/04,nagasaki,30.6,25.1,27.5,3.5,1.5
2025/07/04,kumamoto,34.4,26,29.5,5.5,3.5
2025/07/04,sapporo,27.3,19.7,23.3,0,0
2025/07/04,morioka,30.7,23,25,1,0
2025/07/04,hiroshima,33,23.8,28.5,4.5,2.5
2025/07/04,takamatsu,35.7,26.3,31,7,5
2025/07/04,chitose,25.2,18.9,21.6,0,0
2025/07/04,yokkaichi,30,24.6,27.4,3.4,1.4
2025/07/04,mito,33,22.9,27.1,3.1,1.1
2025/07/05,tokyo,35.4,25.5,30.1,6.1,4.1
2025/07/05,osaka,34.9,27.2,30.9,6.9,4.9
2025/07/05,nagoya,34.2,23.8,28.6,4.6,2.6
2025/07/05,kobe,33.1,25.6,29,5,3
2025/07/05,nagasaki,30.7,24.3,27.5,3.5,1.5
2025/07/05,kumamoto,33.6,26.2,29.5,5.5,3.5
2025/07/05,sapporo,30.3,20.1,24.6,0.6,0
2025/07/05,morioka,29,21.4,24.8,0.8,0
2025/07/05,hiroshima,34.5,24.4,29.5,5.5,3.5
2025/07/05,takamatsu,35.7,27,31.2,7.2,5.2
2025/07/05,chitose,29.2,19.2,23.4,0,0
2025/07/05,yokkaichi,32.3,25,28.3,4.3,2.3
2025/07/05,mito,31.2,23.7,27.3,3.3,1.3
2025/07/06,tokyo,35.9,25,30.2,6.2,4.2
2025/07/06,osaka,34.6,28,31.4,7.4,5.4
2025/07/06,nagoya,35.2,24.7,29.6,5.6,3.6
2025/07/06,kobe,33.9,25.3,29.6,5.6,3.6
2025/07/06,nagasaki,31.1,25.4,27.9,3.9,1.9
2025/07/06,kumamoto,33.9,25.9,29.5,5.5,3.5
2025/07/06,sapporo,30.5,20.7,24.5,0.5,0
2025/07/06,morioka,30.5,19.3,25.4,1.4,0
2025/07/06,hiroshima,34.6,24.1,29.5,5.5,3.5
2025/07/06,takamatsu,35.7,27.3,31,7,5
2025/07/06,chitose,26.3,19.4,21.8,0,0
2025/07/06,yokkaichi,35,23.8,29.2,5.2,3.2
2025/07/06,mito,31.4,23.5,27.4,3.4,1.4
2025/07/07,tokyo,37.2,27.4,31.4,7.4,5.4
2025/07/07,osaka,38.6,27.8,32.9,8.9,6.9
2025/07/07,nagoya,37.4,25.9,30.6,6.6,4.6
2025/07/07,kobe,35.5,25.9,30.3,6.3,4.3
2025/07/07,nagasaki,31.1,25.2,27.9,3.9,1.9
2025/07/07,kumamoto,35.3,25.4,30.1,6.1,4.1
2025/07/07,sapporo,31.8,21.4,25.6,1.6,0
2025/07/07,morioka,32.2,21.7,27.1,3.1,1.1
2025/07/07,hiroshima,35,23.6,29.4,5.4,3.4
2025/07/07,takamatsu,36.8,26.4,31,7,5
2025/07/07,chitose,29.8,20.4,24.7,0.7,0
2025/07/07,yokkaichi,34.5,24.6,29.2,5.2,3.2
2025/07/07,mito,34.6,24.7,29.1,5.1,3.1
2025/07/08,tokyo,35.4,27.3,30.9,6.9,4.9
2025/07/08,osaka,36.5,25.8,30.2,6.2,4.2
2025/07/08,nagoya,32.4,24.8,28.4,4.4,2.4
2025/07/08,kobe,32.4,25.5,28.6,4.6,2.6
2025/07/08,nagasaki,33.4,25.1,28.8,4.8,2.8
2025/07/08,kumamoto,36.8,25.9,30.4,6.4,4.4
2025/07/08,sapporo,29.3,18.7,24.2,0.2,0
2025/07/08,morioka,34.4,21.3,27.8,3.8,1.8
2025/07/08,hiroshima,34.6,25.8,29.3,5.3,3.3
2025/07/08,takamatsu,34.5,26.6,29.6,5.6,3.6
2025/07/08,chitose,28.9,18.1,23,0,0
2025/07/08,yokkaichi,31.8,25.6,28.3,4.3,2.3
2025/07/08,mito,33.9,25.7,29.2,5.2,3.2
2025/07/09,tokyo,35.6,27,30.6,6.6,4.6
2025/07/09,osaka,35.7,24.4,29.5,5.5,3.5
2025/07/09,nagoya,32.9,24.6,28.6,4.6,2.6
2025/07/09,kobe,32.1,25.1,28.3,4.3,2.3
2025/07/09,nagasaki,33,25.8,28.5,4.5,2.5
2025/07/09,kumamoto,35.8,26.2,30.3,6.3,4.3
2025/07/09,sapporo,30.9,19.8,24.9,0.9,0
2025/07/09,morioka,34.4,23.2,28,4,2
2025/07/09,hiroshima,34.4,25.5,29.6,5.6,3.6
2025/07/09,takamatsu,34.4,25.1,30.3,6.3,4.3
2025/07/09,chitose,28.5,17.7,22.7,0,0
2025/07/09,yokkaichi,30.9,25.3,28.1,4.1,2.1
2025/07/09,mito,34.8,25.4,29.5,5.5,3.5
2025/07/10,tokyo,35.3,23,28.8,4.8,2.8
2025/07/10,osaka,36.8,26.4,30.4,6.4,4.4
2025/07/10,nagoya,35,25,29,5,3
2025/07/10,kobe,34.2,25.8,28.6,4.6,2.6
2025/07/10,nagasaki,32.9,26,28.7,4.7,2.7
2025/07/10,kumamoto,35.2,26.3,29.5,5.5,3.5
2025/07/10,sapporo,28.7,18.5,22.8,0,0
2025/07/10,morioka,30,20.6,25,1,0
2025/07/10,hiroshima,35.6,24.6,30.1,6.1,4.1
2025/07/10,takamatsu,34.4,25.9,30,6,4
2025/07/10,chitose,24.4,16.7,19.9,0,0
2025/07/10,yokkaichi,31.8,24.6,28.3,4.3,2.3
2025/07/10,mito,31.5,21.8,26.2,2.2,0.2
2025/07/11,tokyo,25.5,21,23.5,0,0
2025/07/11,osaka,35.7,26.9,30.2,6.2,4.2
2025/07/11,nagoya,35.3,24.5,28.1,4.1,2.1
2025/07/11,kobe,33.1,25.4,28.5,4.5,2.5
2025/07/11,nagasaki,32.2,26,28.5,4.5,2.5
2025/07/11,kumamoto,32.3,26.2,29,5,3
2025/07/11,sapporo,23.3,16.6,20,0,0
2025/07/11,morioka,26.3,18,22,0,0
2025/07/11,hiroshima,34.4,26.2,28.9,4.9,2.9
2025/07/11,takamatsu,33.5,26.2,29.5,5.5,3.5
2025/07/11,chitose,18.8,16.6,17.7,0,0
2025/07/11,yokkaichi,31.6,24.5,27.6,3.6,1.6
2025/07/11,mito,25,20.3,22.5,0,0
2025/07/12,tokyo,26.4,20.2,23.1,0,0
2025/07/12,osaka,35.4,26.3,29.9,5.9,3.9
2025/07/12,nagoya,33.2,23.9,28.2,4.2,2.2
2025/07/12,kobe,32.2,24.5,27.8,3.8,1.8
2025/07/12,nagasaki,31.2,26,27.9,3.9,1.9
2025/07/12,kumamoto,34.8,26.7,29.8,5.8,3.8
2025/07/12,sapporo,22.6,16.2,19,0,0
2025/07/12,morioka,25.3,15.4,20.4,0,0
2025/07/12,hiroshima,33.1,24.4,28,4,2
2025/07/12,takamatsu,33.8,25.5,29.7,5.7,3.7
2025/07/12,chitose,19.4,14.7,17.1,0,0
2025/07/12,yokkaichi,30.3,25.5,27.8,3.8,1.8
2025/07/12,mito,24.9,19.6,22,0,0
2025/07/13,tokyo,30.5,20.9,25.2,1.2,0
2025/07/13,osaka,34.4,26.2,29.6,5.6,3.6
2025/07/13,nagoya,34.6,23.5,28.8,4.8,2.8
2025/07/13,kobe,32.6,24.8,28.3,4.3,2.3
2025/07/13,nagasaki,29.2,25.3,26.6,2.6,0.6
2025/07/13,kumamoto,31.4,26,27.9,3.9,1.9
2025/07/13,sapporo,25.1,14.7,20.2,0,0
2025/07/13,morioka,29.9,17.3,23.1,0,0
2025/07/13,hiroshima,33.6,24.6,28.6,4.6,2.6
2025/07/13,takamatsu,35.2,25.7,30.4,6.4,4.4
2025/07/13,chitose,21.6,14,18.2,0,0
2025/07/13,yokkaichi,29.5,24.4,27.1,3.1,1.1
2025/07/13,mito,28.6,20.5,24.6,0.6,0
2025/07/14,tokyo,29.4,23.4,26.1,2.1,0.1
2025/07/14,osaka,36.5,26.2,29.6,5.6,3.6
2025/07/14,nagoya,33.2,23.5,27.4,3.4,1.4
2025/07/14,kobe,32,25.2,27.3,3.3,1.3
2025/07/14,nagasaki,27.6,24,25.8,1.8,0
2025/07/14,kumamoto,28.3,23.8,26,2,0
2025/07/14,sapporo,28,18.1,23.6,0,0
2025/07/14,morioka,33,21.6,26.5,2.5,0.5
2025/07/14,hiroshima,27.2,22.3,24.9,0.9,0
2025/07/14,takamatsu,29.6,24.9,27.3,3.3,1.3
2025/07/14,chitose,26.1,17,22.2,0,0
2025/07/14,yokkaichi,28.8,24.9,26.4,2.4,0.4
2025/07/14,mito,29.2,23.2,25.6,1.6,0
2025/07/15,tokyo,27.9,24.6,26.3,2.3,0.3
2025/07/15,osaka,31.3,25.7,28,4,2
2025/07/15,nagoya,30.8,25.1,27.1,3.1,1.1
2025/07/15,kobe,28.9,24.6,26.6,2.6,0.6
2025/07/15,nagasaki,28.6,22.7,25.6,1.6,0
2025/07/15,kumamoto,30.2,22.6,25.8,1.8,0
2025/07/15,sapporo,28.7,22.8,25.3,1.3,0
2025/07/15,morioka,29.6,24,26.3,2.3,0.3
2025/07/15,hiroshima,28.5,20.7,24.8,0.8,0
2025/07/15,takamatsu,30.7,23.5,27.3,3.3,1.3
2025/07/15,chitose,25,22.2,23.4,0,0
2025/07/15,yokkaichi,30,25.4,27.7,3.7,1.7
2025/07/15,mito,27.2,24,25.8,1.8,0
2025/07/16,tokyo,27.5,24.2,26.1,2.1,0.1
2025/07/16,osaka,32.3,26.1,28,4,2
2025/07/16,nagoya,30.4,24,26.1,2.1,0.1
2025/07/16,kobe,29.9,24.7,27.3,3.3,1.3
2025/07/16,nagasaki,29.6,24,26.6,2.6,0.6
2025/07/16,kumamoto,31.3,21.1,25.9,1.9,0
2025/07/16,sapporo,27.7,22.7,23.9,0,0
2025/07/16,morioka,31.9,23.3,26.8,2.8,0.8
2025/07/16,hiroshima,29.8,20.8,25.3,1.3,0
2025/07/16,takamatsu,33.2,24.1,28.8,4.8,2.8
2025/07/16,chitose,25.2,21.7,22.7,0,0
2025/07/16,yokkaichi,29.8,25.2,26.9,2.9,0.9
2025/07/16,mito,29.2,25.4,26.3,2.3,0.3
2025/07/17,tokyo,29.8,24.5,26.9,2.9,0.9
2025/07/17,osaka,27.7,25.3,26.6,2.6,0.6
2025/07/17,nagoya,25.9,23.6,24.8,0.8,0
2025/07/17,kobe,27,25,26,2,0
2025/07/17,nagasaki,31,24.4,27.2,3.2,1.2
2025/07/17,kumamoto,33.1,23,26.9,2.9,0.9
2025/07/17,sapporo,31.5,22.7,26.1,2.1,0.1
2025/07/17,morioka,31.9,24.2,26.6,2.6,0.6
2025/07/17,hiroshima,31.1,23.2,25.7,1.7,0
2025/07/17,takamatsu,30.4,24.9,26.8,2.8,0.8
2025/07/17,chitose,28.6,20.6,23.4,0,0
2025/07/17,yokkaichi,26.3,24.9,25.6,1.6,0
2025/07/17,mito,31.3,24.4,27.2,3.2,1.2
2025/07/18,tokyo,30.4,24.4,27,3,1
2025/07/18,osaka,31.5,24.3,27.7,3.7,1.7
2025/07/18,nagoya,29,24.3,26.4,2.4,0.4
2025/07/18,kobe,29.5,25.3,27.2,3.2,1.2
2025/07/18,nagasaki,26.4,24.2,25.2,1.2,0
2025/07/18,kumamoto,27.2,23.5,25.4,1.4,0
2025/07/18,sapporo,31.1,22.2,26,2,0
2025/07/18,morioka,33.7,22.4,27.5,3.5,1.5
2025/07/18,hiroshima,26.3,23.5,24.8,0.8,0
2025/07/18,takamatsu,33.5,24.6,28.3,4.3,2.3
2025/07/18,chitose,28.5,21.3,24.6,0.6,0
2025/07/18,yokkaichi,27.9,25.4,26.5,2.5,0.5
2025/07/18,mito,31.9,23.2,27.2,3.2,1.2
2025/07/19,tokyo,31,24,27.2,3.2,1.2
2025/07/19,osaka,33.3,24.1,28.1,4.1,2.1
2025/07/19,nagoya,30.6,21.5,26.2,2.2,0.2
2025/07/19,kobe,31.1,24.5,27.5,3.5,1.5
2025/07/19,nagasaki,30.6,24.7,26.8,2.8,0.8
2025/07/19,kumamoto,32.2,21.8,26.5,2.5,0.5
2025/07/19,sapporo,27.5,21.4,24.3,0.3,0
2025/07/19,morioka,33.9,22.6,28,4,2
2025/07/19,hiroshima,30.5,23.3,26.5,2.5,0.5
2025/07/19,takamatsu,33.5,24.8,28.7,4.7,2.7
2025/07/19,chitose,28.3,20.7,23.5,0,0
2025/07/19,yokkaichi,28.5,24.7,26.6,2.6,0.6
2025/07/19,mito,32,22.4,27.1,3.1,1.1
2025/07/20,tokyo,31.7,24.3,27.9,3.9,1.9
2025/07/20,osaka,32.3,24.9,28.7,4.7,2.7
2025/07/20,nagoya,31.8,22.4,27.2,3.2,1.2
2025/07/20,kobe,30.8,25.2,27.9,3.9,1.9
2025/07/20,nagasaki,31.4,24.5,27.6,3.6,1.6
2025/07/20,kumamoto,32.7,24.7,28.1,4.1,2.1
2025/07/20,sapporo,30.1,22.2,25.5,1.5,0
2025/07/20,morioka,34.1,21.7,28,4,2
2025/07/20,hiroshima,30.4,23,26.8,2.8,0.8
2025/07/20,takamatsu,32.4,23.9,28.4,4.4,2.4
2025/07/20,chitose,28.6,21.2,24.5,0.5,0
2025/07/20,yokkaichi,29.2,24.4,27.1,3.1,1.1
2025/07/20,mito,33.1,23.6,28.2,4.2,2.2
2025/07/21,tokyo,33.4,25.1,29.2,5.2,3.2
2025/07/21,osaka,33.3,25.5,29.5,5.5,3.5
2025/07/21,nagoya,32.7,24.5,28.2,4.2,2.2
2025/07/21,kobe,31.6,26,28.3,4.3,2.3
2025/07/21,nagasaki,31.8,25.4,28.2,4.2,2.2
2025/07/21,kumamoto,32.8,24.5,28.4,4.4,2.4
2025/07/21,sapporo,32,23,27.4,3.4,1.4
2025/07/21,morioka,33.9,21.6,28.1,4.1,2.1
2025/07/21,hiroshima,31,24,27.2,3.2,1.2
2025/07/21,takamatsu,33.1,25.5,29.1,5.1,3.1
2025/07/21,chitose,30.4,22.2,26.1,2.1,0.1
2025/07/21,yokkaichi,30.7,25.1,27.8,3.8,1.8
2025/07/21,mito,33.9,23.9,28.8,4.8,2.8
2025/07/22,tokyo,33.7,25.9,29.5,5.5,3.5
2025/07/22,osaka,35.6,27.4,30.6,6.6,4.6
2025/07/22,nagoya,34.2,25.8,28.7,4.7,2.7
2025/07/22,kobe,32.6,26.1,28.7,4.7,2.7
2025/07/22,nagasaki,32.2,24.6,28.4,4.4,2.4
2025/07/22,kumamoto,35.1,23.5,29,5,3
2025/07/22,sapporo,32.8,22.8,27.6,3.6,1.6
2025/07/22,morioka,34.3,22,28.2,4.2,2.2
2025/07/22,hiroshima,31.4,24.6,27.5,3.5,1.5
2025/07/22,takamatsu,34.4,25.9,29.8,5.8,3.8
2025/07/22,chitose,31.3,22.5,26.8,2.8,0.8
2025/07/22,yokkaichi,32.1,25.8,29,5,3
2025/07/22,mito,34.4,25.4,29.5,5.5,3.5
2025/07/23,tokyo,34.7,26.1,30.1,6.1,4.1
2025/07/23,osaka,35.2,27.6,30.6,6.6,4.6
2025/07/23,nagoya,34.6,25,29.1,5.1,3.1
2025/07/23,kobe,32.7,26,28.8,4.8,2.8
2025/07/23,nagasaki,32.1,25.4,28.4,4.4,2.4
2025/07/23,kumamoto,36.8,22.8,29.6,5.6,3.6
2025/07/23,sapporo,33.3,23.6,28.2,4.2,2.2
2025/07/23,morioka,33.3,22,27.8,3.8,1.8
2025/07/23,hiroshima,32.1,22.8,27.6,3.6,1.6
2025/07/23,takamatsu,34,25.9,29.9,5.9,3.9
2025/07/23,chitose,33.3,22.9,27.7,3.7,1.7
2025/07/23,yokkaichi,32.8,25.8,29.1,5.1,3.1
2025/07/23,mito,34.8,24.8,29.6,5.6,3.6
2025/07/24,tokyo,34.8,25.9,30.4,6.4,4.4
2025/07/24,osaka,35.6,28,30.7,6.7,4.7
2025/07/24,nagoya,36.3,25.4,29.4,5.4,3.4
2025/07/24,kobe,33.3,26.3,29,5,3
2025/07/24,nagasaki,33.5,25.1,29.2,5.2,3.2
2025/07/24,kumamoto,36.8,26.5,30.8,6.8,4.8
2025/07/24,sapporo,33,21.1,27.2,3.2,1.2
2025/07/24,morioka,34,23.2,28.4,4.4,2.4
2025/07/24,hiroshima,34,23.8,28.8,4.8,2.8
2025/07/24,takamatsu,35,26.5,30.7,6.7,4.7
2025/07/24,chitose,32.6,21.3,26.7,2.7,0.7
2025/07/24,yokkaichi,33,25.8,29.5,5.5,3.5
2025/07/24,mito,34.5,24.9,30,6,4
2025/07/25,tokyo,35.9,26.6,31,7,5
2025/07/25,osaka,35.6,25.4,30.4,6.4,4.4
2025/07/25,nagoya,35,25.3,29.5,5.5,3.5
2025/07/25,kobe,33,26.2,29.1,5.1,3.1
2025/07/25,nagasaki,33.5,25.9,29.2,5.2,3.2
2025/07/25,kumamoto,34.3,27.4,30.2,6.2,4.2
2025/07/25,sapporo,33.5,21.5,27.4,3.4,1.4
2025/07/25,morioka,35.5,21.6,28.4,4.4,2.4
2025/07/25,hiroshima,34.7,24.1,29.6,5.6,3.6
2025/07/25,takamatsu,36.7,25.7,31.2,7.2,5.2
2025/07/25,chitose,32.2,20.9,26.7,2.7,0.7
2025/07/25,yokkaichi,32.2,25.9,29.3,5.3,3.3
2025/07/25,mito,35.9,25.5,30.4,6.4,4.4
2025/07/26,tokyo,35.7,26.8,30.9,6.9,4.9
2025/07/26,osaka,36.5,27.4,31.1,7.1,5.1
2025/07/26,nagoya,35.7,25.4,30,6,4
2025/07/26,kobe,33.1,25.8,29.3,5.3,3.3
2025/07/26,nagasaki,33.1,26.2,29.3,5.3,3.3
2025/07/26,kumamoto,33.7,27.6,29.9,5.9,3.9
2025/07/26,sapporo,29.4,23.1,25.6,1.6,0
2025/07/26,morioka,31.5,20.6,26.7,2.7,0.7
2025/07/26,hiroshima,34.5,25.9,30.2,6.2,4.2
2025/07/26,takamatsu,36,26.4,30.8,6.8,4.8
2025/07/26,chitose,26.7,22.3,24.4,0.4,0
2025/07/26,yokkaichi,32,26.3,29.4,5.4,3.4
2025/07/26,mito,36.4,25.2,30.5,6.5,4.5
2025/07/27,tokyo,35.3,26.6,30.4,6.4,4.4
2025/07/27,osaka,36.5,27.5,30.9,6.9,4.9
2025/07/27,nagoya,35.9,25.9,30.2,6.2,4.2
2025/07/27,kobe,33.6,26.4,29.1,5.1,3.1
2025/07/27,nagasaki,33,26.9,29.6,5.6,3.6
2025/07/27,kumamoto,33.6,28.1,30.1,6.1,4.1
2025/07/27,sapporo,27.6,22.5,24.3,0.3,0
2025/07/27,morioka,30.7,22.7,26.9,2.9,0.9
2025/07/27,hiroshima,35.5,24.9,30.1,6.1,4.1
2025/07/27,takamatsu,36.3,25.5,31,7,5
2025/07/27,chitose,28.6,22.2,24.8,0.8,0
2025/07/27,yokkaichi,32.5,25.5,29.2,5.2,3.2
2025/07/27,mito,36.2,25,30,6,4
2025/07/28,tokyo,34.8,25.8,30.4,6.4,4.4
2025/07/28,osaka,37.6,27.5,31,7,5
2025/07/28,nagoya,37.4,26.3,31.1,7.1,5.1
2025/07/28,kobe,34,25.8,29.1,5.1,3.1
2025/07/28,nagasaki,34.4,25.7,29.4,5.4,3.4
2025/07/28,kumamoto,35.6,26.4,30.4,6.4,4.4
2025/07/28,sapporo,26.2,21.9,23.5,0,0
2025/07/28,morioka,34.2,23.3,28.3,4.3,2.3
2025/07/28,hiroshima,34.5,24,29.4,5.4,3.4
2025/07/28,takamatsu,35,25.6,30.3,6.3,4.3
2025/07/28,chitose,25.2,21.4,23,0,0
2025/07/28,yokkaichi,33.2,25.6,29.3,5.3,3.3
2025/07/28,mito,35.2,25.1,29.7,5.7,3.7
2025/07/29,tokyo,37.4,25.3,30.2,6.2,4.2
2025/07/29,osaka,38.9,27.3,31.6,7.6,5.6
2025/07/29,nagoya,39,26.8,31.4,7.4,5.4
2025/07/29,kobe,35.8,26.1,29.6,5.6,3.6
2025/07/29,nagasaki,34.3,24.9,29.2,5.2,3.2
2025/07/29,kumamoto,37.4,24.6,31,7,5
2025/07/29,sapporo,29.3,21.8,24.7,0.7,0
2025/07/29,morioka,36.2,20.5,28.6,4.6,2.6
2025/07/29,hiroshima,35,23.9,29.3,5.3,3.3
2025/07/29,takamatsu,36.3,26.4,31.1,7.1,5.1
2025/07/29,chitose,28.8,21.4,24.1,0.1,0
2025/07/29,yokkaichi,34.3,26.2,30.1,6.1,4.1
2025/07/29,mito,34.8,24.1,28.2,4.2,2.2
2025/07/30,tokyo,34.9,25.5,29.5,5.5,3.5
2025/07/30,osaka,38.6,27.5,31.4,7.4,5.4
2025/07/30,nagoya,38.4,27.8,31.5,7.5,5.5
2025/07/30,kobe,35,26.2,29.8,5.8,3.8
2025/07/30,nagasaki,34,25,28.9,4.9,2.9
2025/07/30,kumamoto,37,23.7,30,6,4
2025/07/30,sapporo,29.6,22.5,25.2,1.2,0
2025/07/30,morioka,36,22.5,28.9,4.9,2.9
2025/07/30,hiroshima,35,24.4,29.3,5.3,3.3
2025/07/30,takamatsu,36.3,26.7,31.7,7.7,5.7
2025/07/30,chitose,27.5,21.8,23.8,0,0
2025/07/30,yokkaichi,33.6,26.4,30,6,4
2025/07/30,mito,31.3,23.5,26.6,2.6,0.6
2025/07/31,tokyo,33.1,24.7,28.4,4.4,2.4
2025/07/31,osaka,37.7,28.8,31.9,7.9,5.9
2025/07/31,nagoya,34.6,27.9,30.9,6.9,4.9
2025/07/31,kobe,34,27.3,30.2,6.2,4.2
2025/07/31,nagasaki,35.5,24.5,29.9,5.9,3.9
2025/07/31,kumamoto,37.8,23.5,30.2,6.2,4.2
2025/07/31,sapporo,27.7,22,24.5,0.5,0
2025/07/31,morioka,35.5,23.2,28.5,4.5,2.5
2025/07/31,hiroshima,35.6,24.6,30,6,4
2025/07/31,takamatsu,36.2,26.8,31.6,7.6,5.6
2025/07/31,chitose,26.4,22,23.5,0,0
2025/07/31,yokkaichi,32.3,27.4,29.9,5.9,3.9
2025/07/31,mito,29.9,23.5,26.1,2.1,0.1
2025/08/01,tokyo,30.8,23.9,26.9,2.9,0.9
2025/08/01,osaka,36.7,28.6,32.1,8.1,6.1
2025/08/01,nagoya,39.7,27.1,32.5,8.5,6.5
2025/08/01,kobe,35.5,27.4,30.8,6.8,4.8
2025/08/01,nagasaki,33.6,25.8,29.6,5.6,3.6
2025/08/01,kumamoto,37.2,26.2,31.7,7.7,5.7
2025/08/01,sapporo,28.8,21.8,24.8,0.8,0
2025/08/01,morioka,35.1,20.6,27.6,3.6,1.6
2025/08/01,hiroshima,34,25.4,30,6,4
2025/08/01,takamatsu,36.1,27.5,31.6,7.6,5.6
2025/08/01,chitose,26.7,21.4,23.7,0,0
2025/08/01,yokkaichi,36.3,25.8,31.1,7.1,5.1
2025/08/01,mito,29.1,23.1,25.6,1.6,0
2025/08/02,tokyo,34,26.1,29.3,5.3,3.3
2025/08/02,osaka,37.9,27.5,32,8,6
2025/08/02,nagoya,40.3,28.3,33.3,9.3,7.3
2025/08/02,kobe,36.9,26.2,30.6,6.6,4.6
2025/08/02,nagasaki,33.5,25.5,29,5,3
2025/08/02,kumamoto,36.7,26.1,31.3,7.3,5.3
2025/08/02,sapporo,30.4,23.2,25.9,1.9,0
2025/08/02,morioka,36.5,25,29.4,5.4,3.4
2025/08/02,hiroshima,38.5,24.6,30.8,6.8,4.8
2025/08/02,takamatsu,37,27.5,31.8,7.8,5.8
2025/08/02,chitose,27.1,22.9,24.4,0.4,0
2025/08/02,yokkaichi,37.3,27.7,31.9,7.9,5.9
2025/08/02,mito,33.6,24.6,27.7,3.7,1.7
2025/08/03,tokyo,34.3,26.2,29.6,5.6,3.6
2025/08/03,osaka,37.5,27.8,32,8,6
2025/08/03,nagoya,39.3,28.9,32.7,8.7,6.7
2025/08/03,kobe,34.9,26.8,30,6,4
2025/08/03,nagasaki,32.2,25.3,28.6,4.6,2.6
2025/08/03,kumamoto,35.9,26.4,30.5,6.5,4.5
2025/08/03,sapporo,31.4,22.9,26.7,2.7,0.7
2025/08/03,morioka,35.5,25,29.5,5.5,3.5
2025/08/03,hiroshima,35.4,23.9,29.6,5.6,3.6
2025/08/03,takamatsu,36.2,27.2,31.7,7.7,5.7
2025/08/03,chitose,30.7,22.2,25.6,1.6,0
2025/08/03,yokkaichi,36.1,26.8,31.3,7.3,5.3
2025/08/03,mito,31,24.8,27.6,3.6,1.6
2025/08/04,tokyo,35.8,26.9,31,7,5
2025/08/04,osaka,35.5,29.3,32,8,6
2025/08/04,nagoya,37.7,28.3,32,8,6
2025/08/04,kobe,31.3,26.7,29.1,5.1,3.1
2025/08/04,nagasaki,29.8,25.1,27.6,3.6,1.6
2025/08/04,kumamoto,33,24.9,28.7,4.7,2.7
2025/08/04,sapporo,28.3,22.3,24.9,0.9,0
2025/08/04,morioka,35.4,25.1,29.5,5.5,3.5
2025/08/04,hiroshima,31.4,26.1,28.2,4.2,2.2
2025/08/04,takamatsu,36.3,27.8,31.9,7.9,5.9
2025/08/04,chitose,26.2,21.9,23.7,0,0
2025/08/04,yokkaichi,34.5,27.9,31.1,7.1,5.1
2025/08/04,mito,33.4,25.3,28.6,4.6,2.6
2025/08/05,tokyo,38.5,27.4,32.9,8.9,6.9
2025/08/05,osaka,35.1,28.3,31.8,7.8,5.8
2025/08/05,nagoya,38.4,27,32.1,8.1,6.1
2025/08/05,kobe,32.2,27,29.5,5.5,3.5
2025/08/05,nagasaki,31.4,26.6,28.7,4.7,2.7
2025/08/05,kumamoto,35.2,26.3,30.9,6.9,4.9
2025/08/05,sapporo,27.9,22.8,24.9,0.9,0
2025/08/05,morioka,30.4,25,27,3,1
2025/08/05,hiroshima,32.5,25.8,28.6,4.6,2.6
2025/08/05,takamatsu,37.6,28.5,32.6,8.6,6.6
2025/08/05,chitose,28.4,21.8,24.4,0.4,0
2025/08/05,yokkaichi,34.7,27.5,31.1,7.1,5.1
2025/08/05,mito,36.1,25.3,30.3,6.3,4.3
2025/08/06,tokyo,37.4,29.6,33,9,7
2025/08/06,osaka,36.2,29.4,32.3,8.3,6.3
2025/08/06,nagoya,36.9,26.5,31.4,7.4,5.4
2025/08/06,kobe,35,27.8,30.6,6.6,4.6
2025/08/06,nagasaki,31.7,26,28.7,4.7,2.7
2025/08/06,kumamoto,34,26.1,29.8,5.8,3.8
2025/08/06,sapporo,27.7,20.3,23.8,0,0
2025/08/06,morioka,33,23,26.8,2.8,0.8
2025/08/06,hiroshima,34.6,25.6,29.5,5.5,3.5
2025/08/06,takamatsu,37.3,29.6,33.2,9.2,7.2
2025/08/06,chitose,26.9,20.5,23.4,0,0
2025/08/06,yokkaichi,36.7,26.6,31.2,7.2,5.2
2025/08/06,mito,32.1,26.3,29,5,3
2025/08/07,tokyo,34.4,27.8,30.5,6.5,4.5
2025/08/07,osaka,31.6,24.2,29,5,3
2025/08/07,nagoya,32.3,25.1,28.3,4.3,2.3
2025/08/07,kobe,30.9,26,28.4,4.4,2.4
2025/08/07,nagasaki,28.7,25.5,27,3,1
2025/08/07,kumamoto,27.4,25.2,26.1,2.1,0.1
2025/08/07,sapporo,26.1,21.1,22.7,0,0
2025/08/07,morioka,27.9,22,24.3,0.3,0
2025/08/07,hiroshima,31.5,25.4,27.9,3.9,1.9
2025/08/07,takamatsu,34.6,28.3,30.8,6.8,4.8
2025/08/07,chitose,26.1,20.5,22.5,0,0
2025/08/07,yokkaichi,33.2,26.9,29.1,5.1,3.1
2025/08/07,mito,30.7,24.4,27.1,3.1,1.1
2025/08/08,tokyo,36.4,25.2,29.9,5.9,3.9
2025/08/08,osaka,32.2,23.9,27.6,3.6,1.6
2025/08/08,nagoya,31.8,23.9,27.6,3.6,1.6
2025/08/08,kobe,31.5,24.7,27.3,3.3,1.3
2025/08/08,nagasaki,28.3,23.9,25.9,1.9,0
2025/08/08,kumamoto,28.9,24.1,26.1,2.1,0.1
2025/08/08,sapporo,24.8,20.4,22.3,0,0
2025/08/08,morioka,28,19.9,23.5,0,0
2025/08/08,hiroshima,32.1,23.2,27.2,3.2,1.2
2025/08/08,takamatsu,33.4,25.5,28.5,4.5,2.5
2025/08/08,chitose,26.1,19.6,21.8,0,0
2025/08/08,yokkaichi,34,24,29.1,5.1,3.1
2025/08/08,mito,32.4,23.2,27.1,3.1,1.1
2025/08/09,tokyo,31.7,24.2,27.9,3.9,1.9
2025/08/09,osaka,31.5,24.9,28,4,2
2025/08/09,nagoya,31.7,22.7,26.7,2.7,0.7
2025/08/09,kobe,29.3,23.9,26.4,2.4,0.4
2025/08/09,nagasaki,29.5,25,26.7,2.7,0.7
2025/08/09,kumamoto,28.9,24.4,26.3,2.3,0.3
2025/08/09,sapporo,25.2,18.7,21.8,0,0
2025/08/09,morioka,28.1,18.4,23.1,0,0
2025/08/09,hiroshima,27.4,22.6,24.6,0.6,0
2025/08/09,takamatsu,30.6,24.8,27.6,3.6,1.6
2025/08/09,chitose,25,17.8,21.1,0,0
2025/08/09,yokkaichi,31.1,24.3,28,4,2
2025/08/09,mito,31,21.8,26.3,2.3,0.3
2025/08/10,tokyo,29,24.5,26.8,2.8,0.8
2025/08/10,osaka,30.3,25.5,28,4,2
2025/08/10,nagoya,28,24.6,26.2,2.2,0.2
2025/08/10,kobe,28.7,25.9,26.9,2.9,0.9
2025/08/10,nagasaki,28.4,25,26.7,2.7,0.7
2025/08/10,kumamoto,28.5,24.4,26.1,2.1,0.1
2025/08/10,sapporo,25.5,19,22.3,0,0
2025/08/10,morioka,26.6,20.7,23.4,0,0
2025/08/10,hiroshima,25.4,23.6,25,1,0
2025/08/10,takamatsu,28,25.2,26.5,2.5,0.5
2025/08/10,chitose,25.4,18.9,21.8,0,0
2025/08/10,yokkaichi,29.6,25.4,27,3,1
2025/08/10,mito,27.7,23.9,26,2,0
2025/08/11,tokyo,28.5,25.6,27.1,3.1,1.1
2025/08/11,osaka,30.3,25.8,27.7,3.7,1.7
2025/08/11,nagoya,29.6,25.5,26.9,2.9,0.9
2025/08/11,kobe,28.5,25.1,26.7,2.7,0.7
2025/08/11,nagasaki,27.8,24.7,26.2,2.2,0.2
2025/08/11,kumamoto,27.5,24.5,25.8,1.8,0
2025/08/11,sapporo,29.3,18.1,23.5,0,0
2025/08/11,morioka,28.7,21,24.2,0.2,0
2025/08/11,hiroshima,26.3,24.1,24.9,0.9,0
2025/08/11,takamatsu,29.8,25.1,27.1,3.1,1.1
2025/08/11,chitose,28.1,18.5,23.2,0,0
2025/08/11,yokkaichi,30.5,25.3,27.6,3.6,1.6
2025/08/11,mito,30,25.9,27.5,3.5,1.5
2025/08/12,tokyo,29.3,26.4,27.7,3.7,1.7
2025/08/12,osaka,30.3,25.7,28,4,2
2025/08/12,nagoya,29,24.4,26.5,2.5,0.5
2025/08/12,kobe,29.4,25.5,27.2,3.2,1.2
2025/08/12,nagasaki,30.4,24.8,27.8,3.8,1.8
2025/08/12,kumamoto,31.3,25.1,27.7,3.7,1.7
2025/08/12,sapporo,29,19.5,24.2,0.2,0
2025/08/12,morioka,25.9,21.8,23.7,0,0
2025/08/12,hiroshima,29,25.3,26.5,2.5,0.5
2025/08/12,takamatsu,30.6,25.5,27.8,3.8,1.8
2025/08/12,chitose,28.6,20.4,24,0,0
2025/08/12,yokkaichi,30,25.5,27.2,3.2,1.2
2025/08/12,mito,31.3,23.9,27,3,1
2025/08/13,tokyo,30.6,24.7,27.5,3.5,1.5
2025/08/13,osaka,32.5,24.9,28,4,2
2025/08/13,nagoya,31.4,24.9,27.6,3.6,1.6
2025/08/13,kobe,31.3,25.2,27.8,3.8,1.8
2025/08/13,nagasaki,30.6,26.2,28,4,2
2025/08/13,kumamoto,32.1,23.8,28.1,4.1,2.1
2025/08/13,sapporo,28.7,19.3,24,0,0
2025/08/13,morioka,29,19.4,24.1,0.1,0
2025/08/13,hiroshima,29.9,24.4,27,3,1
2025/08/13,takamatsu,31.8,25.4,28.4,4.4,2.4
2025/08/13,chitose,28.4,19,23.2,0,0
2025/08/13,yokkaichi,30.2,25,27.5,3.5,1.5
2025/08/13,mito,28.6,22.8,25.3,1.3,0
2025/08/14,tokyo,30.9,23.3,26.7,2.7,0.7
2025/08/14,osaka,33,25,29,5,3
2025/08/14,nagoya,32,24.2,27.5,3.5,1.5
2025/08/14,kobe,31.5,25.5,28,4,2
2025/08/14,nagasaki,31.4,24.9,28,4,2
2025/08/14,kumamoto,32.9,24.1,28.4,4.4,2.4
2025/08/14,sapporo,27.7,20.2,23.8,0,0
2025/08/14,morioka,29.2,19.5,24.5,0.5,0
2025/08/14,hiroshima,31,24.6,27.8,3.8,1.8
2025/08/14,takamatsu,32.6,26.1,29,5,3
2025/08/14,chitose,25.8,18.8,22.9,0,0
2025/08/14,yokkaichi,29.9,25.3,27.6,3.6,1.6
2025/08/14,mito,30.9,22.1,25.7,1.7,0
2025/08/15,tokyo,33.6,24.4,28.6,4.6,2.6
2025/08/15,osaka,33.4,26.6,29.3,5.3,3.3
2025/08/15,nagoya,33.5,24.5,28.5,4.5,2.5
2025/08/15,kobe,31.2,26.1,28.2,4.2,2.2
2025/08/15,nagasaki,32.6,26.8,29.3,5.3,3.3
2025/08/15,kumamoto,33.7,25.1,28.9,4.9,2.9
2025/08/15,sapporo,28.6,19.2,24.5,0.5,0
2025/08/15,morioka,32.1,19.1,25.6,1.6,0
2025/08/15,hiroshima,31.7,24.2,27.9,3.9,1.9
2025/08/15,takamatsu,32.9,25.9,28.7,4.7,2.7
2025/08/15,chitose,28.4,17.5,24,0,0
2025/08/15,yokkaichi,31.6,25.7,28.3,4.3,2.3
2025/08/15,mito,33.7,22.8,26.8,2.8,0.8
2025/08/16,tokyo,33.9,25.6,29.2,5.2,3.2
2025/08/16,osaka,34,26.6,29.7,5.7,3.7
2025/08/16,nagoya,33.2,25,28.6,4.6,2.6
2025/08/16,kobe,31.4,25.9,28.1,4.1,2.1
2025/08/16,nagasaki,32.1,25.6,28.7,4.7,2.7
2025/08/16,kumamoto,33.7,25.4,29.2,5.2,3.2
2025/08/16,sapporo,32.5,16.3,25,1,0
2025/08/16,morioka,31,15.7,23.4,0,0
2025/08/16,hiroshima,31.8,23.9,27.5,3.5,1.5
2025/08/16,takamatsu,34,25.7,29.9,5.9,3.9
2025/08/16,chitose,29.8,15.2,23.1,0,0
2025/08/16,yokkaichi,31.3,24.9,28.1,4.1,2.1
2025/08/16,mito,28.7,23.4,26.1,2.1,0.1
2025/08/17,tokyo,36,25.8,30.6,6.6,4.6
2025/08/17,osaka,34.1,27.3,30.2,6.2,4.2
2025/08/17,nagoya,35,23.1,29.3,5.3,3.3
2025/08/17,kobe,31.9,26.4,28.6,4.6,2.6
2025/08/17,nagasaki,30.9,25.9,27.7,3.7,1.7
2025/08/17,kumamoto,33.4,25.5,28,4,2
2025/08/17,sapporo,26,20.7,23.3,0,0
2025/08/17,morioka,31.7,20.3,25.5,1.5,0
2025/08/17,hiroshima,30.4,25.3,27.6,3.6,1.6
2025/08/17,takamatsu,35.7,27.5,30.7,6.7,4.7
2025/08/17,chitose,25.3,19,22.8,0,0
2025/08/17,yokkaichi,33,25.3,29,5,3
2025/08/17,mito,34.2,24.1,28.8,4.8,2.8
2025/08/18,tokyo,37.9,28.1,31.8,7.8,5.8
2025/08/18,osaka,35.3,26.7,30.9,6.9,4.9
2025/08/18,nagoya,36.9,24.2,30.4,6.4,4.4
2025/08/18,kobe,31.7,25.6,28.6,4.6,2.6
2025/08/18,nagasaki,31.3,24.7,27.5,3.5,1.5
2025/08/18,kumamoto,33.6,23.6,27.7,3.7,1.7
2025/08/18,sapporo,28.2,17.9,23.1,0,0
2025/08/18,morioka,31.3,20.3,25.6,1.6,0
2025/08/18,hiroshima,31.8,24.6,28.2,4.2,2.2
2025/08/18,takamatsu,34.9,27,30.7,6.7,4.7
2025/08/18,chitose,28,16.3,22.1,0,0
2025/08/18,yokkaichi,34.9,25.3,30.2,6.2,4.2
2025/08/18,mito,33.3,24.3,28,4,2
2025/08/19,tokyo,36,26.1,30.8,6.8,4.8
2025/08/19,osaka,35.1,28.4,31.2,7.2,5.2
2025/08/19,nagoya,37.1,26,31.1,7.1,5.1
2025/08/19,kobe,32.1,26.7,28.8,4.8,2.8
2025/08/19,nagasaki,30.7,24.5,27.3,3.3,1.3
2025/08/19,kumamoto,34.3,24.4,28.7,4.7,2.7
2025/08/19,sapporo,27.2,18.2,22.1,0,0
2025/08/19,morioka,32.3,20.3,26.1,2.1,0.1
2025/08/19,hiroshima,31.8,25.6,28.5,4.5,2.5
2025/08/19,takamatsu,35.2,27.6,31.1,7.1,5.1
2025/08/19,chitose,26.4,19.6,22.2,0,0
2025/08/19,yokkaichi,33.8,26.5,30.4,6.4,4.4
2025/08/19,mito,35.2,24.4,29.4,5.4,3.4
2025/08/20,tokyo,36,27.1,31.4,7.4,5.4
2025/08/20,osaka,35.3,28.1,31.3,7.3,5.3
2025/08/20,nagoya,38.4,26.6,32.1,8.1,6.1
2025/08/20,kobe,32.9,26.6,29,5,3
2025/08/20,nagasaki,30.7,24.3,27.1,3.1,1.1
2025/08/20,kumamoto,33.9,24.5,28.2,4.2,2.2
2025/08/20,sapporo,30,19.2,24.3,0.3,0
2025/08/20,morioka,29.9,23.3,25.6,1.6,0
2025/08/20,hiroshima,31.9,25.9,28.1,4.1,2.1
2025/08/20,takamatsu,35.3,27.9,31.1,7.1,5.1
2025/08/20,chitose,28.2,19.1,23.7,0,0
2025/08/20,yokkaichi,34.7,26.1,30.8,6.8,4.8
2025/08/20,mito,35.4,24.7,29.8,5.8,3.8
2025/08/21,tokyo,37.9,28.3,32,8,6
2025/08/21,osaka,35.6,28.3,31.3,7.3,5.3
2025/08/21,nagoya,38.2,27,32.2,8.2,6.2
2025/08/21,kobe,32.9,26.4,28.9,4.9,2.9
2025/08/21,nagasaki,30.9,24.1,27.2,3.2,1.2
2025/08/21,kumamoto,35.1,24.8,29.1,5.1,3.1
2025/08/21,sapporo,25.5,18.4,22.2,0,0
2025/08/21,morioka,29.4,18.8,24.7,0.7,0
2025/08/21,hiroshima,31.9,24.5,28.3,4.3,2.3
2025/08/21,takamatsu,33.8,27.5,30.1,6.1,4.1
2025/08/21,chitose,26.4,19.1,22.2,0,0
2025/08/21,yokkaichi,36.2,26.9,31.7,7.7,5.7
2025/08/21,mito,36.1,25,29.6,5.6,3.6
2025/08/22,tokyo,35.9,26.2,30.4,6.4,4.4
2025/08/22,osaka,34.8,28.3,31.2,7.2,5.2
2025/08/22,nagoya,37.9,28,32.6,8.6,6.6
2025/08/22,kobe,31.9,26.8,28.9,4.9,2.9
2025/08/22,nagasaki,30.9,25.2,27.7,3.7,1.7
2025/08/22,kumamoto,33.3,25.6,28.5,4.5,2.5
2025/08/22,sapporo,26.1,16.9,21.7,0,0
2025/08/22,morioka,31.1,16.9,24.5,0.5,0
2025/08/22,hiroshima,34.1,24.1,29.3,5.3,3.3
2025/08/22,takamatsu,33.8,26.7,30,6,4
2025/08/22,chitose,25.3,17.2,21.4,0,0
2025/08/22,yokkaichi,34.8,27.1,31.1,7.1,5.1
2025/08/22,mito,32.1,24.2,28,4,2
2025/08/23,tokyo,36.3,27.2,31.5,7.5,5.5
2025/08/23,osaka,36.1,28.7,31.7,7.7,5.7
2025/08/23,nagoya,36.2,27,30.6,6.6,4.6
2025/08/23,kobe,32.7,26.9,29.4,5.4,3.4
2025/08/23,nagasaki,31.1,25.4,28,4,2
2025/08/23,kumamoto,32.4,24.1,28.3,4.3,2.3
2025/08/23,sapporo,28.9,20.6,23.6,0,0
2025/08/23,morioka,32.4,21,26.4,2.4,0.4
2025/08/23,hiroshima,32.5,25.1,28.7,4.7,2.7
2025/08/23,takamatsu,34.3,27.3,30.7,6.7,4.7
2025/08/23,chitose,29.6,20.7,23.9,0,0
2025/08/23,yokkaichi,33.7,27.2,30.1,6.1,4.1
2025/08/23,mito,36.5,25.6,30.5,6.5,4.5
2025/08/24,tokyo,37.2,27.8,32,8,6
2025/08/24,osaka,35.8,27,30.9,6.9,4.9
2025/08/24,nagoya,38.8,27.5,31.5,7.5,5.5
2025/08/24,kobe,33.5,26.2,28.9,4.9,2.9
2025/08/24,nagasaki,31.5,25.5,28.2,4.2,2.2
2025/08/24,kumamoto,33.9,25.1,29.3,5.3,3.3
2025/08/24,sapporo,28.1,19.9,23.7,0,0
2025/08/24,morioka,31.9,22.2,26.5,2.5,0.5
2025/08/24,hiroshima,33.7,25.7,29.5,5.5,3.5
2025/08/24,takamatsu,33.5,27.4,30.5,6.5,4.5
2025/08/24,chitose,28.3,18.2,23,0,0
2025/08/24,yokkaichi,33.5,27,30.4,6.4,4.4
2025/08/24,mito,34.7,25.9,29.7,5.7,3.7
2025/08/25,tokyo,36.8,27.2,31.1,7.1,5.1
2025/08/25,osaka,35.2,28.8,31.1,7.1,5.1
2025/08/25,nagoya,35.7,25.8,30.2,6.2,4.2
2025/08/25,kobe,32.6,27.1,29.1,5.1,3.1
2025/08/25,nagasaki,31.1,24.8,28.1,4.1,2.1
2025/08/25,kumamoto,33.1,25.7,28.8,4.8,2.8
2025/08/25,sapporo,27.1,21.2,23.6,0,0
2025/08/25,morioka,31.1,23.4,26.4,2.4,0.4
2025/08/25,hiroshima,33.9,25.5,29.5,5.5,3.5
2025/08/25,takamatsu,34.2,28,30.3,6.3,4.3
2025/08/25,chitose,25.4,20.4,22.7,0,0
2025/08/25,yokkaichi,33.4,26.9,29.8,5.8,3.8
2025/08/25,mito,31.6,26,28.2,4.2,2.2
2025/08/26,tokyo,35.2,27.4,30.8,6.8,4.8
2025/08/26,osaka,34,28.4,30.9,6.9,4.9
2025/08/26,nagoya,33.2,24.5,28.3,4.3,2.3
2025/08/26,kobe,32.1,25.8,28.7,4.7,2.7
2025/08/26,nagasaki,30.5,25.8,28,4,2
2025/08/26,kumamoto,32.3,24.8,28.6,4.6,2.6
2025/08/26,sapporo,27.5,21.5,24.2,0.2,0
2025/08/26,morioka,32.5,23.3,27.2,3.2,1.2
2025/08/26,hiroshima,32.4,25.9,28.8,4.8,2.8
2025/08/26,takamatsu,35.1,26.4,30.9,6.9,4.9
2025/08/26,chitose,26.3,21.1,23.4,0,0
2025/08/26,yokkaichi,32.8,25.3,29.3,5.3,3.3
2025/08/26,mito,33.8,26,29.5,5.5,3.5
2025/08/27,tokyo,36.5,26.9,31.5,7.5,5.5
2025/08/27,osaka,34.9,27.9,30.2,6.2,4.2
2025/08/27,nagoya,33.3,23.5,28.1,4.1,2.1
2025/08/27,kobe,32.7,25.6,28.6,4.6,2.6
2025/08/27,nagasaki,31,24.1,27.2,3.2,1.2
2025/08/27,kumamoto,33.2,23.9,27.7,3.7,1.7
2025/08/27,sapporo,27.8,19.1,23.8,0,0
2025/08/27,morioka,28.9,20,24.9,0.9,0
2025/08/27,hiroshima,31.7,25.2,27.2,3.2,1.2
2025/08/27,takamatsu,33.4,26.5,29.3,5.3,3.3
2025/08/27,chitose,28.3,19.2,23.8,0,0
2025/08/27,yokkaichi,33,24.4,28.5,4.5,2.5
2025/08/27,mito,36.3,25.6,29.9,5.9,3.9
2025/08/28,tokyo,33,27.1,29.6,5.6,3.6
2025/08/28,osaka,36.9,25.9,31,7,5
2025/08/28,nagoya,36,24.1,29.2,5.2,3.2
2025/08/28,kobe,33,24.5,28.8,4.8,2.8
2025/08/28,nagasaki,31.7,24.9,28.1,4.1,2.1
2025/08/28,kumamoto,34.6,24.2,28.8,4.8,2.8
2025/08/28,sapporo,24,18.2,20.6,0,0
2025/08/28,morioka,29.2,17.2,23.6,0,0
2025/08/28,hiroshima,32.4,23.4,27.8,3.8,1.8
2025/08/28,takamatsu,33.9,24.9,29.4,5.4,3.4
2025/08/28,chitose,24.3,18.2,20.7,0,0
2025/08/28,yokkaichi,34.9,24.7,29.2,5.2,3.2
2025/08/28,mito,30,24.8,27,3,1
2025/08/29,tokyo,34.1,25.1,29.3,5.3,3.3
2025/08/29,osaka,35.2,27.4,30.9,6.9,4.9
2025/08/29,nagoya,36,25.2,30.4,6.4,4.4
2025/08/29,kobe,32.7,26.1,28.8,4.8,2.8
2025/08/29,nagasaki,31.9,25.1,28.3,4.3,2.3
2025/08/29,kumamoto,34.8,24.2,29.5,5.5,3.5
2025/08/29,sapporo,23,18.6,20.5,0,0
2025/08/29,morioka,29.9,21.7,24.9,0.9,0
2025/08/29,hiroshima,32.1,23.3,27.8,3.8,1.8
2025/08/29,takamatsu,35.5,26.9,31.2,7.2,5.2
2025/08/29,chitose,23,17.8,20,0,0
2025/08/29,yokkaichi,32,25.7,29.1,5.1,3.1
2025/08/29,mito,33.4,23.2,28,4,2
2025/08/30,tokyo,38.8,26.7,32.1,8.1,6.1
2025/08/30,osaka,36,28.3,31.7,7.7,5.7
2025/08/30,nagoya,38.6,26.8,32.3,8.3,6.3
2025/08/30,kobe,33.5,26.7,29.6,5.6,3.6
2025/08/30,nagasaki,32.4,25,28.5,4.5,2.5
2025/08/30,kumamoto,35.4,26.1,30.4,6.4,4.4
2025/08/30,sapporo,22.6,19.1,20.4,0,0
2025/08/30,morioka,31.3,22,25.8,1.8,0
2025/08/30,hiroshima,34,25.1,29,5,3
2025/08/30,takamatsu,36.3,27.6,31.9,7.9,5.9
2025/08/30,chitose,23.1,18.5,20.4,0,0
2025/08/30,yokkaichi,36.8,26.5,31.4,7.4,5.4
2025/08/30,mito,36.2,24.3,30.1,6.1,4.1
2025/08/31,tokyo,36.9,28.2,31.6,7.6,5.6
2025/08/31,osaka,38.3,29,32.3,8.3,6.3
2025/08/31,nagoya,39.7,27,32.3,8.3,6.3
2025/08/31,kobe,34.8,26.8,29.8,5.8,3.8
2025/08/31,nagasaki,29.2,25.3,27.1,3.1,1.1
2025/08/31,kumamoto,33.5,26.1,28.5,4.5,2.5
2025/08/31,sapporo,26.4,16,21.6,0,0
2025/08/31,morioka,32.5,18.5,25.2,1.2,0
2025/08/31,hiroshima,33.4,24.9,28.7,4.7,2.7
2025/08/31,takamatsu,35.6,28.1,31.4,7.4,5.4
2025/08/31,chitose,24.8,17,21.2,0,0
2025/08/31,yokkaichi,36.1,25.5,30.7,6.7,4.7
2025/08/31,mito,31.5,25.9,28.5,4.5,2.5
2025/09/01,tokyo,35.8,27.7,30.9,6.9,4.9
2025/09/01,osaka,35.1,28.8,31.3,7.3,5.3
2025/09/01,nagoya,37.5,27.5,31.5,7.5,5.5
2025/09/01,kobe,32.3,26.9,29,5,3
2025/09/01,nagasaki,29.7,25.4,27.5,3.5,1.5
2025/09/01,kumamoto,33.8,24.9,28.9,4.9,2.9
2025/09/01,sapporo,28,20.5,23.5,0,0
2025/09/01,morioka,32.1,23.9,26.5,2.5,0.5
2025/09/01,hiroshima,32.9,25.6,28.9,4.9,2.9
2025/09/01,takamatsu,34.9,27.5,31.2,7.2,5.2
2025/09/01,chitose,25.5,20,22.9,0,0
2025/09/01,yokkaichi,33.5,27.6,30.4,6.4,4.4
2025/09/01,mito,35.3,26,30.1,6.1,4.1
2025/09/02,tokyo,36.6,27.1,31.3,7.3,5.3
2025/09/02,osaka,34.9,28,31.2,7.2,5.2
2025/09/02,nagoya,37.8,27.1,31.3,7.3,5.3
2025/09/02,kobe,32.8,27.2,29.3,5.3,3.3
2025/09/02,nagasaki,30.2,24.7,27,3,1
2025/09/02,kumamoto,33.7,25.4,29.8,5.8,3.8
2025/09/02,sapporo,24.6,20.4,22.1,0,0
2025/09/02,morioka,30.8,23.3,25.9,1.9,0
2025/09/02,hiroshima,32.5,24.7,28.4,4.4,2.4
2025/09/02,takamatsu,35.6,26.8,31.2,7.2,5.2
2025/09/02,chitose,24.9,19.9,22.2,0,0
2025/09/02,yokkaichi,33.3,26.6,30,6,4
2025/09/02,mito,36.6,25.7,30.5,6.5,4.5
2025/09/03,tokyo,36.5,28,31.8,7.8,5.8
2025/09/03,osaka,36.7,27.4,30.6,6.6,4.6
2025/09/03,nagoya,38,27.6,31.2,7.2,5.2
2025/09/03,kobe,32.5,26,28.4,4.4,2.4
2025/09/03,nagasaki,33.8,24.7,28.4,4.4,2.4
2025/09/03,kumamoto,36.6,24.8,29.9,5.9,3.9
2025/09/03,sapporo,24.9,18.4,22,0,0
2025/09/03,morioka,30.4,17.7,24.8,0.8,0
2025/09/03,hiroshima,35.4,24.1,29.3,5.3,3.3
2025/09/03,takamatsu,34.8,27.2,30.7,6.7,4.7
2025/09/03,chitose,25.5,16.8,21.4,0,0
2025/09/03,yokkaichi,34.7,25.7,30,6,4
2025/09/03,mito,33.6,25.5,29.2,5.2,3.2
2025/09/04,tokyo,29.1,25.2,26.8,2.8,0.8
2025/09/04,osaka,31.1,25.2,27.3,3.3,1.3
2025/09/04,nagoya,30.2,24.7,26.5,2.5,0.5
2025/09/04,kobe,28.7,25.2,26.5,2.5,0.5
2025/09/04,nagasaki,31,25.9,27.9,3.9,1.9
2025/09/04,kumamoto,30.7,24.9,27.2,3.2,1.2
2025/09/04,sapporo,25.9,14.7,20.7,0,0
2025/09/04,morioka,30.3,15,22.5,0,0
2025/09/04,hiroshima,32.7,24.5,27.3,3.3,1.3
2025/09/04,takamatsu,30.8,25.1,27.6,3.6,1.6
2025/09/04,chitose,26.1,15.6,20.4,0,0
2025/09/04,yokkaichi,28,24.7,26.4,2.4,0.4
2025/09/04,mito,28.2,24.4,25.9,1.9,0
2025/09/05,tokyo,25.7,23.6,24.9,0.9,0
2025/09/05,osaka,31.3,24.8,27.4,3.4,1.4
2025/09/05,nagoya,31.9,23.7,26.5,2.5,0.5
2025/09/05,kobe,30.7,24,27,3,1
2025/09/05,nagasaki,32.8,24.8,28.4,4.4,2.4
2025/09/05,kumamoto,31.7,24.3,27.8,3.8,1.8
2025/09/05,sapporo,26.5,18,21.5,0,0
2025/09/05,morioka,23.8,19.6,22.1,0,0
2025/09/05,hiroshima,32.3,24.6,27.8,3.8,1.8
2025/09/05,takamatsu,32.2,25.4,28.1,4.1,2.1
2025/09/05,chitose,24.5,17.6,20.4,0,0
2025/09/05,yokkaichi,32,24.7,27.3,3.3,1.3
2025/09/05,mito,25.5,23.8,24.5,0.5,0
2025/09/06,tokyo,30,23.3,26.4,2.4,0.4
2025/09/06,osaka,31.6,23.9,27.6,3.6,1.6
2025/09/06,nagoya,31.6,23.2,26.9,2.9,0.9
2025/09/06,kobe,30,23.9,26.9,2.9,0.9
2025/09/06,nagasaki,31.3,24.8,27.9,3.9,1.9
2025/09/06,kumamoto,32.2,24.9,28.1,4.1,2.1
2025/09/06,sapporo,27,15.8,21.8,0,0
2025/09/06,morioka,29.8,16,22.6,0,0
2025/09/06,hiroshima,30.2,21.8,26.2,2.2,0.2
2025/09/06,takamatsu,30.5,24.8,27.4,3.4,1.4
2025/09/06,chitose,26.9,17.4,21.5,0,0
2025/09/06,yokkaichi,29.8,23.2,26.8,2.8,0.8
2025/09/06,mito,29.6,21.5,24.8,0.8,0
2025/09/07,tokyo,30.7,23.9,26.9,2.9,0.9
2025/09/07,osaka,31.3,23.6,27.9,3.9,1.9
2025/09/07,nagoya,32,22.8,27.3,3.3,1.3
2025/09/07,kobe,30.4,25.8,27.8,3.8,1.8
2025/09/07,nagasaki,31.2,25.8,28.1,4.1,2.1
2025/09/07,kumamoto,32.3,24.2,28.1,4.1,2.1
2025/09/07,sapporo,23.3,19.2,21.2,0,0
2025/09/07,morioka,27.1,19.8,23,0,0
2025/09/07,hiroshima,31.3,23.1,26.8,2.8,0.8
2025/09/07,takamatsu,32.4,24.7,28.1,4.1,2.1
2025/09/07,chitose,22.1,19.6,20.9,0,0
2025/09/07,yokkaichi,28.6,24.4,26.7,2.7,0.7
2025/09/07,mito,30.7,22,26.1,2.1,0.1
2025/09/08,tokyo,33.1,23.9,28.4,4.4,2.4
2025/09/08,osaka,31.4,26.5,28.8,4.8,2.8
2025/09/08,nagoya,33.2,24.9,28.6,4.6,2.6
2025/09/08,kobe,30.7,26.5,28.4,4.4,2.4
2025/09/08,nagasaki,31.5,25.4,28,4,2
2025/09/08,kumamoto,32.1,24.2,27.8,3.8,1.8
2025/09/08,sapporo,25.8,15.7,20.9,0,0
2025/09/08,morioka,30.2,18.9,24.4,0.4,0
2025/09/08,hiroshima,31.4,25.1,27.2,3.2,1.2
2025/09/08,takamatsu,31.4,26.7,28.8,4.8,2.8
2025/09/08,chitose,26,16.8,20.9,0,0
2025/09/08,yokkaichi,31.6,24.7,28.1,4.1,2.1
2025/09/08,mito,30.5,22.5,26.5,2.5,0.5
2025/09/09,tokyo,32.6,25.9,28.7,4.7,2.7
2025/09/09,osaka,33.2,26.4,29.6,5.6,3.6
2025/09/09,nagoya,33.8,24.8,29,5,3
2025/09/09,kobe,31.5,26.2,28.5,4.5,2.5
2025/09/09,nagasaki,31.5,25,27.8,3.8,1.8
2025/09/09,kumamoto,33.4,23.8,28.4,4.4,2.4
2025/09/09,sapporo,25.7,18.2,21.7,0,0
2025/09/09,morioka,28,18.8,23.3,0,0
2025/09/09,hiroshima,31.4,24,27.3,3.3,1.3
2025/09/09,takamatsu,32.3,25.7,29,5,3
2025/09/09,chitose,23.7,18.1,21.4,0,0
2025/09/09,yokkaichi,30.7,24.9,27.9,3.9,1.9
2025/09/09,mito,29.6,24.6,26.8,2.8,0.8
2025/09/10,tokyo,33.1,25.5,28.3,4.3,2.3
2025/09/10,osaka,33.2,25.8,29.4,5.4,3.4
2025/09/10,nagoya,32.7,23.7,27.3,3.3,1.3
2025/09/10,kobe,30.1,25.2,27.4,3.4,1.4
2025/09/10,nagasaki,28.3,24.4,26,2,0
2025/09/10,kumamoto,27.6,24,25.6,1.6,0
2025/09/10,sapporo,25.8,18,21.9,0,0
2025/09/10,morioka,27.2,20.6,23.4,0,0
2025/09/10,hiroshima,26.1,23.6,24.6,0.6,0
2025/09/10,takamatsu,32.1,24.8,27.4,3.4,1.4
2025/09/10,chitose,26.2,18.2,21.6,0,0
2025/09/10,yokkaichi,30.6,23.8,27.2,3.2,1.2
2025/09/10,mito,27.7,23.9,25.4,1.4,0
2025/09/11,tokyo,31.9,23.5,26.6,2.6,0.6
2025/09/11,osaka,29.9,24,25.9,1.9,0
2025/09/11,nagoya,29.6,23,25.4,1.4,0
2025/09/11,kobe,28.3,24,25.3,1.3,0
2025/09/11,nagasaki,31.1,23.2,26.3,2.3,0.3
2025/09/11,kumamoto,31.4,23.6,26.7,2.7,0.7
2025/09/11,sapporo,26.6,17.2,20.2,0,0
2025/09/11,morioka,25.6,17.3,21.5,0,0
2025/09/11,hiroshima,30.2,22.2,25.2,1.2,0
2025/09/11,takamatsu,29.1,23.7,25.9,1.9,0
2025/09/11,chitose,24.7,16.7,20.3,0,0
2025/09/11,yokkaichi,29,23.9,25.5,1.5,0
2025/09/11,mito,26.9,21.8,24.6,0.6,0
2025/09/12,tokyo,28.6,22.4,24.4,0.4,0
2025/09/12,osaka,31.3,23.1,26.1,2.1,0.1
2025/09/12,nagoya,28.7,22.5,24.5,0.5,0
2025/09/12,kobe,29.3,23.4,25.9,1.9,0
2025/09/12,nagasaki,29.6,23.8,26.4,2.4,0.4
2025/09/12,kumamoto,30.9,23,26.2,2.2,0.2
2025/09/12,sapporo,25.8,13.9,19.3,0,0
2025/09/12,morioka,26.7,15.6,20.8,0,0
2025/09/12,hiroshima,29.2,22.2,24.8,0.8,0
2025/09/12,takamatsu,30.5,23.9,27,3,1
2025/09/12,chitose,24.7,15,19.3,0,0
2025/09/12,yokkaichi,27.4,23.5,25,1,0
2025/09/12,mito,26.9,21.6,23.9,0,0
2025/09/13,tokyo,28.5,22.8,25.5,1.5,0
2025/09/13,osaka,30.1,24.4,27.3,3.3,1.3
2025/09/13,nagoya,28,23.2,25,1,0
2025/09/13,kobe,27.7,24.7,26.5,2.5,0.5
2025/09/13,nagasaki,30.4,26.5,27.9,3.9,1.9
2025/09/13,kumamoto,30.7,23.3,27.1,3.1,1.1
2025/09/13,sapporo,23.6,18.1,20.1,0,0
2025/09/13,morioka,24.6,19,21.7,0,0
2025/09/13,hiroshima,28.4,24,26,2,0
2025/09/13,takamatsu,30.7,24.9,28,4,2
2025/09/13,chitose,23.1,17.7,20.1,0,0
2025/09/13,yokkaichi,28.1,24.3,26.2,2.2,0.2
2025/09/13,mito,28.2,22.6,24.8,0.8,0
2025/09/14,tokyo,31.5,26.1,28.6,4.6,2.6
2025/09/14,osaka,31.3,27.3,28.9,4.9,2.9
2025/09/14,nagoya,29.7,25,27.1,3.1,1.1
2025/09/14,kobe,29.6,26.4,27.8,3.8,1.8
2025/09/14,nagasaki,30.5,24.4,27.6,3.6,1.6
2025/09/14,kumamoto,30.8,25.2,27.7,3.7,1.7
2025/09/14,sapporo,22.9,14.7,20.3,0,0
2025/09/14,morioka,27.8,17.1,23.2,0,0
2025/09/14,hiroshima,30.3,24.6,26.6,2.6,0.6
2025/09/14,takamatsu,31,26.1,28.4,4.4,2.4
2025/09/14,chitose,23.2,14.5,20.5,0,0
2025/09/14,yokkaichi,29.9,24.2,27,3,1
2025/09/14,mito,32,24.7,27.2,3.2,1.2
2025/09/15,tokyo,30.3,24.6,27.3,3.3,1.3
2025/09/15,osaka,31.8,25.1,28.6,4.6,2.6
2025/09/15,nagoya,32.7,25.1,28.2,4.2,2.2
2025/09/15,kobe,31.7,26.2,28.5,4.5,2.5
2025/09/15,nagasaki,31,24.9,27.4,3.4,1.4
2025/09/15,kumamoto,32,24.7,28,4,2
2025/09/15,sapporo,26.4,14.4,20.5,0,0
2025/09/15,morioka,26.3,15.1,20.7,0,0
2025/09/15,hiroshima,30.7,23.4,26.8,2.8,0.8
2025/09/15,takamatsu,31.9,26.1,28.5,4.5,2.5
2025/09/15,chitose,24.3,13.5,20,0,0
2025/09/15,yokkaichi,31.6,25.2,27.9,3.9,1.9
2025/09/15,mito,27.9,23.7,25.3,1.3,0
2025/09/16,tokyo,31.8,24.3,27.8,3.8,1.8
2025/09/16,osaka,33,25.6,28.9,4.9,2.9
2025/09/16,nagoya,32.3,23.4,27.5,3.5,1.5
2025/09/16,kobe,31,26.1,28.2,4.2,2.2
2025/09/16,nagasaki,31,25.4,27.6,3.6,1.6
2025/09/16,kumamoto,32.5,23.9,27.8,3.8,1.8
2025/09/16,sapporo,25.7,16.7,20.8,0,0
2025/09/16,morioka,29.1,19.4,23.1,0,0
2025/09/16,hiroshima,31.1,23.9,27,3,1
2025/09/16,takamatsu,31.5,25.9,28.5,4.5,2.5
2025/09/16,chitose,26.4,14.7,20.5,0,0
2025/09/16,yokkaichi,30.4,23.8,27.1,3.1,1.1
2025/09/16,mito,30.4,22.3,26.4,2.4,0.4
2025/09/17,tokyo,33.8,24.9,29.4,5.4,3.4
2025/09/17,osaka,33.1,26.2,29.1,5.1,3.1
2025/09/17,nagoya,32.4,23.8,27.3,3.3,1.3
2025/09/17,kobe,30.9,25.3,27.7,3.7,1.7
2025/09/17,nagasaki,28.9,25.3,26.4,2.4,0.4
2025/09/17,kumamoto,29.3,24.2,26,2,0
2025/09/17,sapporo,23.4,17.7,20.1,0,0
2025/09/17,morioka,27.5,18.9,22.9,0,0
2025/09/17,hiroshima,30.9,24.4,27.3,3.3,1.3
2025/09/17,takamatsu,32,25.5,28.5,4.5,2.5
2025/09/17,chitose,23.9,17,20.3,0,0
2025/09/17,yokkaichi,31.3,24.1,27.4,3.4,1.4
2025/09/17,mito,33.4,24,28,4,2
2025/09/18,tokyo,36.5,23.9,29.1,5.1,3.1
2025/09/18,osaka,31.5,24.6,27.5,3.5,1.5
2025/09/18,nagoya,30,23.6,26.6,2.6,0.6
2025/09/18,kobe,30.5,23.3,26.3,2.3,0.3
2025/09/18,nagasaki,28.8,23.6,25.7,1.7,0
2025/09/18,kumamoto,28,22.8,25.2,1.2,0
2025/09/18,sapporo,20.3,14.3,17.4,0,0
2025/09/18,morioka,22.7,15.4,19.7,0,0
2025/09/18,hiroshima,27.9,22.3,25.1,1.1,0
2025/09/18,takamatsu,30.3,23.4,26.9,2.9,0.9
2025/09/18,chitose,20.9,13.6,17.1,0,0
2025/09/18,yokkaichi,32.7,24.4,27.5,3.5,1.5
2025/09/18,mito,33,22.9,26.6,2.6,0.6
2025/09/19,tokyo,24.5,20.6,22.5,0,0
2025/09/19,osaka,31.1,22.4,26.2,2.2,0.2
2025/09/19,nagoya,28.4,21.6,24.7,0.7,0
2025/09/19,kobe,29.1,21.8,25,1,0
2025/09/19,nagasaki,30.6,23.7,26.6,2.6,0.6
2025/09/19,kumamoto,30.6,22.9,26.6,2.6,0.6
2025/09/19,sapporo,20.8,10,16.4,0,0
2025/09/19,morioka,22.3,11.8,16.7,0,0
2025/09/19,hiroshima,29.3,20.4,24.2,0.2,0
2025/09/19,takamatsu,28.1,23.6,25.6,1.6,0
2025/09/19,chitose,21.5,10.5,15.3,0,0
2025/09/19,yokkaichi,28.9,22.4,25.6,1.6,0
2025/09/19,mito,24.5,19.7,22.1,0,0
2025/09/20,tokyo,28.1,20.8,24.1,0.1,0
2025/09/20,osaka,29.9,24.1,26.8,2.8,0.8
2025/09/20,nagoya,26.8,21.9,24.4,0.4,0
2025/09/20,kobe,28,23.4,25.7,1.7,0
2025/09/20,nagasaki,27.8,24.2,25.8,1.8,0
2025/09/20,kumamoto,27.8,23.3,25.1,1.1,0
2025/09/20,sapporo,19.7,8,14.2,0,0
2025/09/20,morioka,21.2,12.3,17,0,0
2025/09/20,hiroshima,26.2,22.5,24.1,0.1,0
2025/09/20,takamatsu,30.8,22.4,26.6,2.6,0.6
2025/09/20,chitose,20.3,10.1,15,0,0
2025/09/20,yokkaichi,27.5,24.2,25.5,1.5,0
2025/09/20,mito,26.8,21.4,23.9,0,0
2025/09/21,tokyo,29.5,20.4,25.2,1.2,0
2025/09/21,osaka,29.1,22.1,25,1,0
2025/09/21,nagoya,29.8,20.7,24.8,0.8,0
2025/09/21,kobe,27.7,21.5,24.2,0.2,0
2025/09/21,nagasaki,28.4,23.4,25.4,1.4,0
2025/09/21,kumamoto,29.7,22.4,25.3,1.3,0
2025/09/21,sapporo,17,11.8,14.9,0,0
2025/09/21,morioka,24.1,12.8,19.2,0,0
2025/09/21,hiroshima,27.6,21.1,23.8,0,0
2025/09/21,takamatsu,28.6,23.6,25.3,1.3,0
2025/09/21,chitose,17.7,10.9,14.6,0,0
2025/09/21,yokkaichi,30.6,22,25.8,1.8,0
2025/09/21,mito,29.3,21,24.9,0.9,0
2025/09/22,tokyo,25.5,19.4,21.8,0,0
2025/09/22,osaka,28.4,19.1,23.6,0,0
2025/09/22,nagoya,26.5,17.2,22,0,0
2025/09/22,kobe,27.2,19.8,23.1,0,0
2025/09/22,nagasaki,28.6,22.8,25,1,0
2025/09/22,kumamoto,30,22.3,25.3,1.3,0
2025/09/22,sapporo,21.1,8.5,14.4,0,0
2025/09/22,morioka,22.3,10,16.2,0,0
2025/09/22,hiroshima,26.9,18.5,22.4,0,0
2025/09/22,takamatsu,27.1,21.4,24.3,0.3,0
2025/09/22,chitose,19.7,8.6,14.2,0,0
2025/09/22,yokkaichi,27.2,17.4,23.2,0,0
2025/09/22,mito,24.1,18.2,20.6,0,0
2025/09/23,tokyo,24.2,17.1,20.6,0,0
2025/09/23,osaka,28.7,20.9,24.5,0.5,0
2025/09/23,nagoya,26.7,17.6,22.3,0,0
2025/09/23,kobe,26.6,21.1,23.2,0,0
2025/09/23,nagasaki,30.3,22.8,25.7,1.7,0
2025/09/23,kumamoto,31.8,22.5,26.5,2.5,0.5
2025/09/23,sapporo,21.6,8.5,15,0,0
2025/09/23,morioka,22.3,11.6,16.4,0,0
2025/09/23,hiroshima,23.5,19.9,21.7,0,0
2025/09/23,takamatsu,24.9,22.5,23.7,0,0
2025/09/23,chitose,21.2,10.1,15,0,0
2025/09/23,yokkaichi,26.4,21.5,24.3,0.3,0
2025/09/23,mito,23.5,14.8,19.3,0,0
2025/09/24,tokyo,26.4,17,21.4,0,0
2025/09/24,osaka,29.2,22.8,25.1,1.1,0
2025/09/24,nagoya,26.8,17.7,22.5,0,0
2025/09/24,kobe,27.7,21.4,23.9,0,0
2025/09/24,nagasaki,30,24.3,26.2,2.2,0.2
2025/09/24,kumamoto,30,23.9,26,2,0
2025/09/24,sapporo,21.6,11.4,16.8,0,0
2025/09/24,morioka,22.9,10.6,16.5,0,0
2025/09/24,hiroshima,28.9,20.6,24.3,0.3,0
2025/09/24,takamatsu,30.6,23.6,26.3,2.3,0.3
2025/09/24,chitose,21.1,10.5,16.6,0,0
2025/09/24,yokkaichi,26.4,22.7,24.5,0.5,0
2025/09/24,mito,24,15,19.9,0,0
2025/09/25,tokyo,28.3,18.1,23.3,0,0
2025/09/25,osaka,28.5,22.5,24.7,0.7,0
2025/09/25,nagoya,28.2,20.4,23.8,0,0
2025/09/25,kobe,25.7,22,23.6,0,0
2025/09/25,nagasaki,30.1,24,26.5,2.5,0.5
2025/09/25,kumamoto,30.2,23.4,26.4,2.4,0.4
2025/09/25,sapporo,20,15.3,18,0,0
2025/09/25,morioka,20.8,13.4,17.6,0,0
2025/09/25,hiroshima,26.9,23,24.2,0.2,0
2025/09/25,takamatsu,27.9,23.6,25.5,1.5,0
2025/09/25,chitose,19.7,16.3,18.4,0,0
2025/09/25,yokkaichi,27.2,21.9,24.6,0.6,0
2025/09/25,mito,27.5,15,21.8,0,0
2025/09/26,tokyo,32.2,21.8,26.1,2.1,0.1
2025/09/26,osaka,29.6,23,26.1,2.1,0.1
2025/09/26,nagoya,32.3,21.1,26,2,0
2025/09/26,kobe,28,23.2,25.2,1.2,0
2025/09/26,nagasaki,29.7,24,26.5,2.5,0.5
2025/09/26,kumamoto,30.1,23.1,25.9,1.9,0
2025/09/26,sapporo,21.7,13.7,17.2,0,0
2025/09/26,morioka,25.3,14.4,19.3,0,0
2025/09/26,hiroshima,28.3,22,24.9,0.9,0
2025/09/26,takamatsu,29.2,23.4,26,2,0
2025/09/26,chitose,22.9,12.4,17.2,0,0
2025/09/26,yokkaichi,31.6,21.6,25.7,1.7,0
2025/09/26,mito,27.8,18.6,23.1,0,0
2025/09/27,tokyo,27.5,21.4,23.8,0,0
2025/09/27,osaka,29.7,20.8,24.6,0.6,0
2025/09/27,nagoya,31.3,19.6,25,1,0
2025/09/27,kobe,26.6,20.8,23.2,0,0
2025/09/27,nagasaki,26.6,21.9,23.7,0,0
2025/09/27,kumamoto,28,22.7,24.6,0.6,0
2025/09/27,sapporo,22.8,12.2,17,0,0
2025/09/27,morioka,24.7,12.8,17.6,0,0
2025/09/27,hiroshima,26.3,19.3,22.3,0,0
2025/09/27,takamatsu,26.2,22.3,24.1,0.1,0
2025/09/27,chitose,23.5,11.3,16.7,0,0
2025/09/27,yokkaichi,30.1,18.2,23.7,0,0
2025/09/27,mito,26.6,21,23.1,0,0
2025/09/28,tokyo,28,20.8,24.4,0.4,0
2025/09/28,osaka,31.8,19.1,24.5,0.5,0
2025/09/28,nagoya,30.2,21.1,25.3,1.3,0
2025/09/28,kobe,27.9,20.5,23.5,0,0
2025/09/28,nagasaki,28.5,22.9,25,1,0
2025/09/28,kumamoto,27.3,22.7,24.4,0.4,0
2025/09/28,sapporo,24.2,11.4,17.4,0,0
2025/09/28,morioka,24.3,10.3,17.1,0,0
2025/09/28,hiroshima,24.1,17.6,21.4,0,0
2025/09/28,takamatsu,29.4,21.1,24.4,0.4,0
2025/09/28,chitose,23,11.3,17.1,0,0
2025/09/28,yokkaichi,26.4,20.1,23.4,0,0
2025/09/28,mito,27.6,20.1,23.6,0,0
2025/09/29,tokyo,32,23.7,27.3,3.3,1.3
2025/09/29,osaka,27.2,21.7,24.4,0.4,0
2025/09/29,nagoya,27.1,21.1,24,0,0
2025/09/29,kobe,26.2,20.7,23.9,0,0
2025/09/29,nagasaki,27.9,22.5,24.9,0.9,0
2025/09/29,kumamoto,28,21.9,24.4,0.4,0
2025/09/29,sapporo,21.7,13.4,17.5,0,0
2025/09/29,morioka,21.8,12.1,17.2,0,0
2025/09/29,hiroshima,27,19.4,23.3,0,0
2025/09/29,takamatsu,27.5,22,24.7,0.7,0
2025/09/29,chitose,22.7,13.1,17.6,0,0
2025/09/29,yokkaichi,27.6,21.4,24.1,0.1,0
2025/09/29,mito,30.7,22.2,25.5,1.5,0
2025/09/30,tokyo,28,20.4,23.7,0,0
2025/09/30,osaka,26.6,18.6,22.8,0,0
2025/09/30,nagoya,27.2,18.5,22.5,0,0
2025/09/30,kobe,25.6,19.5,22.3,0,0
2025/09/30,nagasaki,27.8,20.2,23.7,0,0
2025/09/30,kumamoto,27.5,19.1,23.1,0,0
2025/09/30,sapporo,21.2,12.3,16.8,0,0
2025/09/30,morioka,24.2,10.3,16.7,0,0
2025/09/30,hiroshima,26.1,16.2,20.9,0,0
2025/09/30,takamatsu,26.7,19.6,22.7,0,0
2025/09/30,chitose,21.5,12,16.6,0,0
2025/09/30,yokkaichi,25.4,18.2,22.1,0,0
2025/09/30,mito,25.5,19.3,22.2,0,0
2025/10/01,tokyo,21.9,18.6,20.4,0,0
2025/10/01,osaka,26.6,19,22.8,0,0
2025/10/01,nagoya,25,19.4,21.6,0,0
2025/10/01,kobe,26.3,19.3,22.7,0,0
2025/10/01,nagasaki,27.1,21.5,23.8,0,0
2025/10/01,kumamoto,28.1,19.1,23.1,0,0
2025/10/01,sapporo,20,15.8,17.5,0,0
2025/10/01,morioka,20,14.1,16.8,0,0
2025/10/01,hiroshima,26.4,15.7,20.7,0,0
2025/10/01,takamatsu,27.8,18.6,23.3,0,0
2025/10/01,chitose,19.6,15.2,16.8,0,0
2025/10/01,yokkaichi,24.8,18.2,21.5,0,0
2025/10/01,mito,22,17.6,20.2,0,0
2025/10/02,tokyo,26.4,16.6,21.5,0,0
2025/10/02,osaka,27.2,17.7,22.5,0,0
2025/10/02,nagoya,27.5,17,21.7,0,0
2025/10/02,kobe,25.6,20.3,22.7,0,0
2025/10/02,nagasaki,28.2,19.8,24.1,0.1,0
2025/10/02,kumamoto,29,17.3,23,0,0
2025/10/02,sapporo,22.4,12.4,17.8,0,0
2025/10/02,morioka,23.5,14.1,18,0,0
2025/10/02,hiroshima,25.5,16.3,21.1,0,0
2025/10/02,takamatsu,26.4,20.5,23.5,0,0
2025/10/02,chitose,22.9,13.4,17.8,0,0
2025/10/02,yokkaichi,26.3,16.3,21.3,0,0
2025/10/02,mito,26.7,16.3,21,0,0
2025/10/03,tokyo,24.6,18.4,21.6,0,0
2025/10/03,osaka,25.6,20.5,22.6,0,0
2025/10/03,nagoya,24.5,18.5,21.4,0,0
2025/10/03,kobe,24.4,20.7,22.2,0,0
2025/10/03,nagasaki,24.8,21.1,23,0,0
2025/10/03,kumamoto,25.5,19.4,22.1,0,0
2025/10/03,sapporo,25.7,10,17.9,0,0
2025/10/03,morioka,24.5,13.2,17.6,0,0
2025/10/03,hiroshima,21.6,18.8,19.8,0,0
2025/10/03,takamatsu,24,20.8,22.8,0,0
2025/10/03,chitose,23.8,12.9,17.8,0,0
2025/10/03,yokkaichi,24.4,19.4,21.3,0,0
2025/10/03,mito,25.3,15,20.4,0,0
2025/10/04,tokyo,24.2,19.7,21.6,0,0
2025/10/04,osaka,25.2,20.8,22.6,0,0
2025/10/04,nagoya,21.4,19.2,20.2,0,0
2025/10/04,kobe,24.6,20.6,22.3,0,0
2025/10/04,nagasaki,28.2,22.7,24.7,0.7,0
2025/10/04,kumamoto,27.5,21.8,24.2,0.2,0
2025/10/04,sapporo,22.6,11.1,17.3,0,0
2025/10/04,morioka,24.3,11.9,17.6,0,0
2025/10/04,hiroshima,24.8,19.1,22,0,0
2025/10/04,takamatsu,27.6,21.1,23.9,0,0
2025/10/04,chitose,21.7,13.2,17.5,0,0
2025/10/04,yokkaichi,22.2,20.2,21.4,0,0
2025/10/04,mito,24.8,18.7,21.2,0,0
2025/10/05,tokyo,27.8,19.5,23.6,0,0
2025/10/05,osaka,25,21.5,23,0,0
2025/10/05,nagoya,25.9,19.5,22.1,0,0
2025/10/05,kobe,24.7,22.2,23,0,0
2025/10/05,nagasaki,28.5,23.2,25.3,1.3,0
2025/10/05,kumamoto,29.1,23.3,25.8,1.8,0
2025/10/05,sapporo,24.5,16.8,19.8,0,0
2025/10/05,morioka,24,17.3,20.2,0,0
2025/10/05,hiroshima,28.7,21.3,24,0,0
2025/10/05,takamatsu,28.7,23.1,25,1,0
2025/10/05,chitose,23.9,16.4,19.7,0,0
2025/10/05,yokkaichi,25,20.5,22.7,0,0
2025/10/05,mito,27.8,18.3,23,0,0
2025/10/06,tokyo,29,20.9,23.8,0,0
2025/10/06,osaka,28.1,20.1,23.5,0,0
2025/10/06,nagoya,30.3,19.9,24.1,0.1,0
2025/10/06,kobe,27.1,21,23.3,0,0
2025/10/06,nagasaki,29,22.1,25.2,1.2,0
2025/10/06,kumamoto,29.9,21.9,25.1,1.1,0
2025/10/06,sapporo,17.4,10.9,14.7,0,0
2025/10/06,morioka,20.9,15.1,18.3,0,0
2025/10/06,hiroshima,28.1,19.9,23.2,0,0
2025/10/06,takamatsu,27.1,21.4,24,0,0
2025/10/06,chitose,16.9,10,14.3,0,0
2025/10/06,yokkaichi,29.4,19.8,23.7,0,0
2025/10/06,mito,26.9,19.8,22.6,0,0
2025/10/07,tokyo,24.1,19.3,21.4,0,0
2025/10/07,osaka,29.6,20.2,24,0,0
2025/10/07,nagoya,26,20.7,23,0,0
2025/10/07,kobe,27.8,20.5,23.4,0,0
2025/10/07,nagasaki,28.9,22.2,25.1,1.1,0
2025/10/07,kumamoto,30.2,20.7,25,1,0
2025/10/07,sapporo,15.7,5.4,11.9,0,0
2025/10/07,morioka,20.4,13.9,16.8,0,0
2025/10/07,hiroshima,26.9,18.6,22.8,0,0
2025/10/07,takamatsu,27.2,21.1,23.9,0,0
2025/10/07,chitose,15.8,6.1,11.7,0,0
2025/10/07,yokkaichi,25,21,22.9,0,0
2025/10/07,mito,23.5,18.7,20.7,0,0
2025/10/08,tokyo,28.2,18.6,23.2,0,0
2025/10/08,osaka,29.9,21.4,24.8,0.8,0
2025/10/08,nagoya,29.3,20.3,24,0,0
2025/10/08,kobe,29.1,21.5,24.3,0.3,0
2025/10/08,nagasaki,28.8,23.1,25.6,1.6,0
2025/10/08,kumamoto,30.1,22.6,25.8,1.8,0
2025/10/08,sapporo,21.1,13.5,16.2,0,0
2025/10/08,morioka,23.6,13.1,17.6,0,0
2025/10/08,hiroshima,29.2,21.3,24.1,0.1,0
2025/10/08,takamatsu,28.2,21.4,24.9,0.9,0
2025/10/08,chitose,22,13.1,16.5,0,0
2025/10/08,yokkaichi,26.4,20.4,23.5,0,0
2025/10/08,mito,27.7,16.7,21.9,0,0
2025/10/09,tokyo,23.7,17.5,21.4,0,0
2025/10/09,osaka,25.7,20.2,23,0,0
2025/10/09,nagoya,28.7,18.8,23.5,0,0
2025/10/09,kobe,24.8,19.5,22.2,0,0
2025/10/09,nagasaki,28.2,22.3,24.6,0.6,0
2025/10/09,kumamoto,30.1,21.6,24.9,0.9,0
2025/10/09,sapporo,14,8.8,11.2,0,0
2025/10/09,morioka,18.3,9.8,13.4,0,0
2025/10/09,hiroshima,26.1,18.7,21.9,0,0
2025/10/09,takamatsu,26,21.7,23.4,0,0
2025/10/09,chitose,14.2,7.8,10.8,0,0
2025/10/09,yokkaichi,26.4,18.3,22.7,0,0
2025/10/09,mito,22,16,19.8,0,0
2025/10/10,tokyo,24,16.2,19.9,0,0
2025/10/10,osaka,24.5,18.6,21.3,0,0
2025/10/10,nagoya,23.7,16.5,20,0,0
2025/10/10,kobe,25,18.3,21.3,0,0
2025/10/10,nagasaki,28.8,20.5,24.1,0.1,0
2025/10/10,kumamoto,30.1,18.9,24.1,0.1,0
2025/10/10,sapporo,14.1,6.2,10.5,0,0
2025/10/10,morioka,18.8,7.6,12.9,0,0
2025/10/10,hiroshima,26.4,15.8,20.6,0,0
2025/10/10,takamatsu,25.1,19.8,22.2,0,0
2025/10/10,chitose,14.6,3.6,9.1,0,0
2025/10/10,yokkaichi,22,16.9,19.7,0,0
2025/10/10,mito,22.5,12.4,17.8,0,0
2025/10/11,tokyo,19,16.1,17.6,0,0
2025/10/11,osaka,28.2,20.6,23.3,0,0
2025/10/11,nagoya,21.8,19.4,20.7,0,0
2025/10/11,kobe,26.8,20.7,23.2,0,0
2025/10/11,nagasaki,31.3,20.8,25.5,1.5,0
2025/10/11,kumamoto,33,20.3,26.4,2.4,0.4
2025/10/11,sapporo,14,9.2,11.3,0,0
2025/10/11,morioka,13.5,7,10.9,0,0
2025/10/11,hiroshima,29,16.1,22.2,0,0
2025/10/11,takamatsu,27.2,21.3,23.9,0,0
2025/10/11,chitose,14.2,6.5,9.9,0,0
2025/10/11,yokkaichi,22,19.7,20.9,0,0
2025/10/11,mito,17.6,15.8,16.8,0,0
2025/10/12,tokyo,24.4,15.5,19.5,0,0
2025/10/12,osaka,26.2,21.2,23.6,0,0
2025/10/12,nagoya,27.7,20.5,23.3,0,0
2025/10/12,kobe,26.1,22.2,23.7,0,0
2025/10/12,nagasaki,30.5,22.9,25.7,1.7,0
2025/10/12,kumamoto,33,22.6,27,3,1
2025/10/12,sapporo,14.8,8.8,11.9,0,0
2025/10/12,morioka,15.1,10.8,12.9,0,0
2025/10/12,hiroshima,30.4,19.5,24.4,0.4,0
2025/10/12,takamatsu,27.2,22.3,24.7,0.7,0
2025/10/12,chitose,14.5,7.8,11.6,0,0
2025/10/12,yokkaichi,24.4,21,22.1,0,0
2025/10/12,mito,24,14.7,18.7,0,0
2025/10/13,tokyo,25.9,19,21.4,0,0
2025/10/13,osaka,27.1,21.1,24,0,0
2025/10/13,nagoya,30.6,21.7,24.8,0.8,0
2025/10/13,kobe,26,21,23.2,0,0
2025/10/13,nagasaki,29.8,21.4,24.7,0.7,0
2025/10/13,kumamoto,31.9,21.5,26.3,2.3,0.3
2025/10/13,sapporo,14.6,7.5,12.1,0,0
2025/10/13,morioka,20.5,12.7,16,0,0
2025/10/13,hiroshima,30,21.4,24.3,0.3,0
2025/10/13,takamatsu,28.4,22.5,25.1,1.1,0
2025/10/13,chitose,14.3,7.2,11.8,0,0
2025/10/13,yokkaichi,28.1,21.1,24,0,0
2025/10/13,mito,23.4,17.2,19.9,0,0
2025/10/14,tokyo,20.7,16.7,18.5,0,0
2025/10/14,osaka,27,19,22.9,0,0
2025/10/14,nagoya,24.6,20.1,21.8,0,0
2025/10/14,kobe,25.9,20.4,23.2,0,0
2025/10/14,nagasaki,28.1,22,24.4,0.4,0
2025/10/14,kumamoto,31,20.6,25.4,1.4,0
2025/10/14,sapporo,14,3,8.8,0,0
2025/10/14,morioka,18.9,9.2,14.3,0,0
2025/10/14,hiroshima,27,18.5,22.5,0,0
2025/10/14,takamatsu,28.6,21.4,24.8,0.8,0
2025/10/14,chitose,15.5,3.6,9.1,0,0
2025/10/14,yokkaichi,24,18.2,21.4,0,0
2025/10/14,mito,20.4,16,17.8,0,0
2025/10/15,tokyo,19.9,15.2,17.4,0,0
2025/10/15,osaka,26.7,21.3,23.5,0,0
2025/10/15,nagoya,23.7,19,20.8,0,0
2025/10/15,kobe,25.9,20.5,23,0,0
2025/10/15,nagasaki,28.8,22.3,24.9,0.9,0
2025/10/15,kumamoto,31,22.3,26.3,2.3,0.3
2025/10/15,sapporo,13.9,6.9,10.3,0,0
2025/10/15,morioka,20.9,6.9,13.4,0,0
2025/10/15,hiroshima,27.5,20.5,23.3,0,0
2025/10/15,takamatsu,26.1,22.1,23.8,0,0
2025/10/15,chitose,14.9,6.8,10.2,0,0
2025/10/15,yokkaichi,22.9,18.9,21.4,0,0
2025/10/15,mito,19.9,15.7,17.5,0,0
2025/10/16,tokyo,22.9,16.3,18.6,0,0
2025/10/16,osaka,25.4,21.4,23.1,0,0
2025/10/16,nagoya,24.2,19.1,21.3,0,0
2025/10/16,kobe,24.7,21.1,22.7,0,0
2025/10/16,nagasaki,29.7,23.6,26,2,0
2025/10/16,kumamoto,31.5,22,26.4,2.4,0.4
2025/10/16,sapporo,17.1,5.3,10.8,0,0
2025/10/16,morioka,13.9,9.5,12.4,0,0
2025/10/16,hiroshima,25,20.9,22.6,0,0
2025/10/16,takamatsu,28.6,21.3,24.6,0.6,0
2025/10/16,chitose,16.8,6.2,11.3,0,0
2025/10/16,yokkaichi,23,20.7,21.9,0,0
2025/10/16,mito,22.7,16.3,18.8,0,0
2025/10/17,tokyo,23.3,16.6,19.5,0,0
2025/10/17,osaka,26.6,19.5,22.8,0,0
2025/10/17,nagoya,26.5,19.2,22,0,0
2025/10/17,kobe,25.9,19.4,22.2,0,0
2025/10/17,nagasaki,29.5,21.8,24.8,0.8,0
2025/10/17,kumamoto,32,20.9,25.8,1.8,0
2025/10/17,sapporo,15.3,10.2,12.5,0,0
2025/10/17,morioka,20.9,11.7,15.6,0,0
2025/10/17,hiroshima,26.1,17.8,21.4,0,0
2025/10/17,takamatsu,25.8,20.6,23.1,0,0
2025/10/17,chitose,16.9,9.8,12.8,0,0
2025/10/17,yokkaichi,25.5,18.7,22.4,0,0
2025/10/17,mito,21.8,15.8,18.7,0,0
2025/10/18,tokyo,24.8,14.5,20,0,0
2025/10/18,osaka,25.7,19.2,22.4,0,0
2025/10/18,nagoya,24.4,18.1,21.2,0,0
2025/10/18,kobe,24.7,19.6,22,0,0
2025/10/18,nagasaki,26.4,23.4,24.5,0.5,0
2025/10/18,kumamoto,29.5,20.8,24.3,0.3,0
2025/10/18,sapporo,15,9.8,11.7,0,0
2025/10/18,morioka,18.2,12.5,15.6,0,0
2025/10/18,hiroshima,25.9,17.6,21.3,0,0
2025/10/18,takamatsu,29.7,19.4,24.2,0.2,0
2025/10/18,chitose,15.3,10,11.9,0,0
2025/10/18,yokkaichi,23.2,20.3,21.6,0,0
2025/10/18,mito,25.3,12.7,19.6,0,0
2025/10/19,tokyo,24.4,15.9,20.1,0,0
2025/10/19,osaka,23.7,19.3,21.3,0,0
2025/10/19,nagoya,23.4,19.7,20.8,0,0
2025/10/19,kobe,23.5,19.1,20.6,0,0
2025/10/19,nagasaki,28.5,21.5,23.9,0,0
2025/10/19,kumamoto,29.5,20.9,23.9,0,0
2025/10/19,sapporo,12,7.8,9.4,0,0
2025/10/19,morioka,15.7,6.9,12.1,0,0
2025/10/19,hiroshima,24.3,18.1,20.8,0,0
2025/10/19,takamatsu,22.9,20.3,21.7,0,0
2025/10/19,chitose,12.9,6.5,9.4,0,0
2025/10/19,yokkaichi,23.6,19.2,21.1,0,0
2025/10/19,mito,22.1,15.7,18.5,0,0
2025/10/20,tokyo,20.7,15,17.4,0,0
2025/10/20,osaka,24,16.6,19.8,0,0
2025/10/20,nagoya,23.5,15.9,19.9,0,0
2025/10/20,kobe,22.8,16.3,19.2,0,0
2025/10/20,nagasaki,25.4,19.7,22,0,0
2025/10/20,kumamoto,26,19,21.9,0,0
2025/10/20,sapporo,9.1,2.9,6.6,0,0
2025/10/20,morioka,14.2,6,9.5,0,0
2025/10/20,hiroshima,23.1,15.8,19.3,0,0
2025/10/20,takamatsu,23.3,18.5,20.6,0,0
2025/10/20,chitose,10.4,0.4,6,0,0
2025/10/20,yokkaichi,23.8,17.1,20.6,0,0
2025/10/20,mito,20.2,15.3,17.1,0,0
2025/10/21,tokyo,16.3,13.7,14.7,0,0
2025/10/21,osaka,17.7,14.6,16,0,0
2025/10/21,nagoya,17.3,12.9,15.1,0,0
2025/10/21,kobe,16.9,14.7,15.7,0,0
2025/10/21,nagasaki,23.4,18.4,20.4,0,0
2025/10/21,kumamoto,23.9,17.8,20.3,0,0
2025/10/21,sapporo,9.2,0.8,4.8,0,0
2025/10/21,morioka,13.3,6.1,9.5,0,0
2025/10/21,hiroshima,19.3,14.9,16.3,0,0
2025/10/21,takamatsu,19.8,16.5,17.7,0,0
2025/10/21,chitose,10.4,-2,3.5,0,0
2025/10/21,yokkaichi,18.3,13.7,15.9,0,0
2025/10/21,mito,16.3,13.3,14.8,0,0
2025/10/22,tokyo,14.2,11.4,12.3,0,0
2025/10/22,osaka,14.7,12.4,13.4,0,0
2025/10/22,nagoya,14.4,12.7,13.5,0,0
2025/10/22,kobe,15.6,13.9,14.7,0,0
2025/10/22,nagasaki,18.8,16.1,17.6,0,0
2025/10/22,kumamoto,18.8,15.9,17.5,0,0
2025/10/22,sapporo,9.5,1.3,5.4,0,0
2025/10/22,morioka,13.7,3.1,8.3,0,0
2025/10/22,hiroshima,16.5,13,14.8,0,0
2025/10/22,takamatsu,17.7,14.9,16.1,0,0
2025/10/22,chitose,10.3,-1,4,0,0
2025/10/22,yokkaichi,15.3,13.4,14.3,0,0
2025/10/22,mito,14.6,12.3,13.4,0,0
2025/10/23,tokyo,17.6,11.3,13.5,0,0
2025/10/23,osaka,22.1,13.5,16.7,0,0
2025/10/23,nagoya,20.2,12,15.2,0,0
2025/10/23,kobe,21.4,14.7,17,0,0
2025/10/23,nagasaki,24.2,16.2,19.5,0,0
2025/10/23,kumamoto,24.4,15.8,19.3,0,0
2025/10/23,sapporo,9,-0.6,4.3,0,0
2025/10/23,morioka,15.2,1.5,8.1,0,0
2025/10/23,hiroshima,21.1,10.7,15.4,0,0
2025/10/23,takamatsu,21.5,16.5,18.4,0,0
2025/10/23,chitose,10.5,-0.5,4,0,0
2025/10/23,yokkaichi,19.8,12.8,15.4,0,0
2025/10/23,mito,17.1,11.2,13.6,0,0
2025/10/24,tokyo,16.5,10.6,13,0,0
2025/10/24,osaka,21.7,11.4,16.1,0,0
2025/10/24,nagoya,18,11.4,14.8,0,0
2025/10/24,kobe,21.5,14.2,17.1,0,0
2025/10/24,nagasaki,24.8,18,20.7,0,0
2025/10/24,kumamoto,23.8,17.3,20,0,0
2025/10/24,sapporo,8.6,0.9,4.2,0,0
2025/10/24,morioka,13.3,1.8,7.1,0,0
2025/10/24,hiroshima,22,11.1,16.4,0,0
2025/10/24,takamatsu,21.8,15.8,18.5,0,0
2025/10/24,chitose,9.5,-1.3,3.6,0,0
2025/10/24,yokkaichi,17.9,12.8,15.6,0,0
2025/10/24,mito,17.5,9.2,13.6,0,0
2025/10/25,tokyo,13.4,12.1,12.7,0,0
2025/10/25,osaka,21.9,14.6,17.5,0,0
2025/10/25,nagoya,19.7,14.2,16.5,0,0
2025/10/25,kobe,21.7,15.4,17.7,0,0
2025/10/25,nagasaki,24.7,17.9,20.3,0,0
2025/10/25,kumamoto,25.6,16.1,19.9,0,0
2025/10/25,sapporo,11.5,-0.1,5,0,0
2025/10/25,morioka,14.3,3.5,9.8,0,0
2025/10/25,hiroshima,18.2,11.6,15.5,0,0
2025/10/25,takamatsu,21.4,17.2,18.7,0,0
2025/10/25,chitose,11.5,-1.5,4.9,0,0
2025/10/25,yokkaichi,19.5,15.4,17.1,0,0
2025/10/25,mito,15.6,12.1,13.7,0,0
2025/10/26,tokyo,18,13,15.4,0,0
2025/10/26,osaka,21.2,17.6,19.2,0,0
2025/10/26,nagoya,20.6,16.1,18.2,0,0
2025/10/26,kobe,20.8,17,19.1,0,0
2025/10/26,nagasaki,24.2,17.6,19.6,0,0
2025/10/26,kumamoto,23.9,16.9,19.5,0,0
2025/10/26,sapporo,12.5,3.6,8.4,0,0
2025/10/26,morioka,17.5,9.2,13.2,0,0
2025/10/26,hiroshima,23.2,14.8,17.7,0,0
2025/10/26,takamatsu,21,17.5,18.9,0,0
2025/10/26,chitose,12.5,2.2,7.8,0,0
2025/10/26,yokkaichi,20.7,16.8,18.6,0,0
2025/10/26,mito,20.1,14,16.9,0,0
2025/10/27,tokyo,21.2,14,17.4,0,0
2025/10/27,osaka,21.2,14.3,17.3,0,0
2025/10/27,nagoya,20.2,13.8,16.9,0,0
2025/10/27,kobe,20.2,14,16.7,0,0
2025/10/27,nagasaki,21.1,15.1,17.7,0,0
2025/10/27,kumamoto,20.9,13.2,16.7,0,0
2025/10/27,sapporo,13.6,5.7,9.5,0,0
2025/10/27,morioka,17.6,9.9,13.5,0,0
2025/10/27,hiroshima,19,11.7,15.5,0,0
2025/10/27,takamatsu,20.6,14.6,17.6,0,0
2025/10/27,chitose,15.2,5.3,9.9,0,0
2025/10/27,yokkaichi,20.4,14,17.5,0,0
2025/10/27,mito,21.7,14.4,17.6,0,0
2025/10/28,tokyo,19.6,12.6,15.5,0,0
2025/10/28,osaka,17.2,11.3,14,0,0
2025/10/28,nagoya,17,10.4,13.5,0,0
2025/10/28,kobe,16.9,11.6,13.7,0,0
2025/10/28,nagasaki,18.1,12.1,14.8,0,0
2025/10/28,kumamoto,18,9.8,13.7,0,0
2025/10/28,sapporo,6.7,2.6,4.5,0,0
2025/10/28,morioka,11.3,5.9,8,0,0
2025/10/28,hiroshima,17.9,8.8,12.6,0,0
2025/10/28,takamatsu,17.8,12.9,15.1,0,0
2025/10/28,chitose,8.2,1,4.4,0,0
2025/10/28,yokkaichi,16.7,11.6,14.2,0,0
2025/10/28,mito,20,11.8,14.7,0,0
2025/10/29,tokyo,15.7,11.2,12.9,0,0
2025/10/29,osaka,18.6,8.3,12.8,0,0
2025/10/29,nagoya,18.7,8.5,13,0,0
2025/10/29,kobe,17.3,11.1,13.6,0,0
2025/10/29,nagasaki,20.5,11.8,15.4,0,0
2025/10/29,kumamoto,21.5,7.7,13.9,0,0
2025/10/29,sapporo,8.8,-0.5,4.7,0,0
2025/10/29,morioka,12.4,0.7,7.1,0,0
2025/10/29,hiroshima,17.7,7.1,11.7,0,0
2025/10/29,takamatsu,17.8,11.9,14.9,0,0
2025/10/29,chitose,10.3,0.3,4.3,0,0
2025/10/29,yokkaichi,18.9,9.9,13.5,0,0
2025/10/29,mito,16.8,10.7,12.8,0,0
2025/10/30,tokyo,17.3,7.9,12.6,0,0
2025/10/30,osaka,20.3,8.3,14.2,0,0
2025/10/30,nagoya,18.9,7.5,13.2,0,0
2025/10/30,kobe,19.3,11.4,15.3,0,0
2025/10/30,nagasaki,22.7,12.4,17.7,0,0
2025/10/30,kumamoto,23.7,9.5,16.2,0,0
2025/10/30,sapporo,11.7,-1.3,5.9,0,0
2025/10/30,morioka,13.6,-1.6,5.3,0,0
2025/10/30,hiroshima,19.3,5.9,12.7,0,0
2025/10/30,takamatsu,18.3,11,15.2,0,0
2025/10/30,chitose,11.9,-2.5,6,0,0
2025/10/30,yokkaichi,18.1,9,13.6,0,0
2025/10/30,mito,18.2,7.4,12.7,0,0
2025/10/31,tokyo,17,11.3,14,0,0
2025/10/31,osaka,15.4,12.9,14.5,0,0
2025/10/31,nagoya,17.9,11.2,13.7,0,0
2025/10/31,kobe,15.9,12.2,14.3,0,0
2025/10/31,nagasaki,19.5,15.7,17.2,0,0
2025/10/31,kumamoto,18,13.7,15.8,0,0
2025/10/31,sapporo,14.2,7.6,10.4,0,0
2025/10/31,morioka,15.3,2.2,8.7,0,0
2025/10/31,hiroshima,13.6,9.9,12.2,0,0
2025/10/31,takamatsu,15.8,13.1,14.5,0,0
2025/10/31,chitose,15.8,8.7,11.4,0,0
2025/10/31,yokkaichi,18.2,13.4,14.6,0,0
2025/10/31,mito,19.5,9.8,14.5,0,0
2025/11/01,tokyo,20.9,10.8,16.2,0,0
2025/11/01,osaka,19.7,11,15.6,0,0
2025/11/01,nagoya,19.6,12,14.9,0,0
2025/11/01,kobe,18.7,12.2,15.5,0,0
2025/11/01,nagasaki,20.8,16.4,18.4,0,0
2025/11/01,kumamoto,20.7,13,16.2,0,0
2025/11/01,sapporo,9.4,7.5,8.4,0,0
2025/11/01,morioka,15.6,10.4,12.3,0,0
2025/11/01,hiroshima,19.7,7.8,13.1,0,0
2025/11/01,takamatsu,19.1,13.7,16.3,0,0
2025/11/01,chitose,9.1,6.4,8.3,0,0
2025/11/01,yokkaichi,20.5,11.6,15.6,0,0
2025/11/01,mito,21.9,12,17.2,0,0
2025/11/02,tokyo,18.9,11.2,14.8,0,0
2025/11/02,osaka,19.4,10.2,15.2,0,0
2025/11/02,nagoya,18.9,11.9,14.7,0,0
2025/11/02,kobe,18.4,13.3,15.9,0,0
2025/11/02,nagasaki,22,15.8,18.3,0,0
2025/11/02,kumamoto,19.5,11.7,15.6,0,0
2025/11/02,sapporo,9.4,4,6.3,0,0
2025/11/02,morioka,17.1,9.3,12.1,0,0
2025/11/02,hiroshima,18.7,8.2,13.5,0,0
2025/11/02,takamatsu,19.5,13.9,16.5,0,0
2025/11/02,chitose,11,3.9,6.7,0,0
2025/11/02,yokkaichi,19.7,11.2,14.6,0,0
2025/11/02,mito,20.1,9.5,14.1,0,0
2025/11/03,tokyo,18.1,10.2,13.3,0,0
2025/11/03,osaka,15.8,10.7,13.3,0,0
2025/11/03,nagoya,16.6,9.8,12.3,0,0
2025/11/03,kobe,15.6,10.8,12.9,0,0
2025/11/03,nagasaki,18.9,12.4,15,0,0
2025/11/03,kumamoto,17.9,11.1,13.8,0,0
2025/11/03,sapporo,8.8,1.6,5.2,0,0
2025/11/03,morioka,10.3,2.6,8.1,0,0
2025/11/03,hiroshima,16.3,8,12.1,0,0
2025/11/03,takamatsu,16.3,11.8,14,0,0
2025/11/03,chitose,9.5,0.2,4.9,0,0
2025/11/03,yokkaichi,16.5,9.9,12.6,0,0
2025/11/03,mito,17.9,8.3,12.1,0,0
2025/11/04,tokyo,15.6,7.6,11.5,0,0
2025/11/04,osaka,16.5,7.1,11.9,0,0
2025/11/04,nagoya,15.6,7.1,11.4,0,0
2025/11/04,kobe,16.9,9.9,13.2,0,0
2025/11/04,nagasaki,19.9,13.4,16.4,0,0
2025/11/04,kumamoto,19.6,8.5,13.9,0,0
2025/11/04,sapporo,11.3,-2,4.6,0,0
2025/11/04,morioka,14.4,-0.7,5.4,0,0
2025/11/04,hiroshima,16.3,5.6,11.2,0,0
2025/11/04,takamatsu,16.3,10.7,13.5,0,0
2025/11/04,chitose,12.4,-3.1,4.5,0,0
2025/11/04,yokkaichi,15.7,7.5,11.9,0,0
2025/11/04,mito,15,6.7,10.5,0,0
2025/11/05,tokyo,14.8,8.3,11.6,0,0
2025/11/05,osaka,17.7,12.9,14.6,0,0
2025/11/05,nagoya,15.3,12.5,13.4,0,0
2025/11/05,kobe,17.5,13.9,15.3,0,0
2025/11/05,nagasaki,21.9,15.1,17.9,0,0
2025/11/05,kumamoto,23.1,12.8,17.1,0,0
2025/11/05,sapporo,14.5,3.8,9.4,0,0
2025/11/05,morioka,16.3,2,7.9,0,0
2025/11/05,hiroshima,19.5,9.7,13.8,0,0
2025/11/05,takamatsu,17.9,11.9,15.5,0,0
2025/11/05,chitose,16.4,5.5,10.3,0,0
2025/11/05,yokkaichi,15.4,13,14,0,0
2025/11/05,mito,17.2,5.4,11.6,0,0
2025/11/06,tokyo,17.9,11.2,14.3,0,0
2025/11/06,osaka,20.9,12.3,15.6,0,0
2025/11/06,nagoya,21,11.7,15.6,0,0
2025/11/06,kobe,20,14.1,16.1,0,0
2025/11/06,nagasaki,22.3,14.6,17.7,0,0
2025/11/06,kumamoto,22.2,11.8,16.6,0,0
2025/11/06,sapporo,14,0.3,6.3,0,0
2025/11/06,morioka,17,3.2,8.9,0,0
2025/11/06,hiroshima,19.7,9.7,14,0,0
2025/11/06,takamatsu,20.4,13.9,16.7,0,0
2025/11/06,chitose,13.3,2.5,7.4,0,0
2025/11/06,yokkaichi,21,11.4,15.7,0,0
2025/11/06,mito,19.1,11.4,15,0,0
2025/11/07,tokyo,19.5,10.9,14.6,0,0
2025/11/07,osaka,19.9,10.5,14.7,0,0
2025/11/07,nagoya,20,11.3,14.8,0,0
2025/11/07,kobe,19.1,12.8,15.3,0,0
2025/11/07,nagasaki,22.6,13.8,17.3,0,0
2025/11/07,kumamoto,22.9,8.8,14.9,0,0
2025/11/07,sapporo,7.7,0.8,4.2,0,0
2025/11/07,morioka,13.8,3.9,8.4,0,0
2025/11/07,hiroshima,20,9.1,13.9,0,0
2025/11/07,takamatsu,19.3,12.6,16.1,0,0
2025/11/07,chitose,7.9,-0.2,3.7,0,0
2025/11/07,yokkaichi,19.9,10.9,15.3,0,0
2025/11/07,mito,19.4,8.1,13.9,0,0
2025/11/08,tokyo,15.9,10.4,12.8,0,0
2025/11/08,osaka,18,7.9,13.1,0,0
2025/11/08,nagoya,18.3,8.4,13.2,0,0
2025/11/08,kobe,18.2,11.4,14.8,0,0
2025/11/08,nagasaki,24.1,13.7,19.1,0,0
2025/11/08,kumamoto,24.2,9.9,16.7,0,0
2025/11/08,sapporo,1.5,-3.3,-0.4,0,0
2025/11/08,morioka,10.7,1.6,5.3,0,0
2025/11/08,hiroshima,18.8,7.8,13.4,0,0
2025/11/08,takamatsu,17.1,13.6,15.1,0,0
2025/11/08,chitose,3.3,-1.9,0.1,0,0
2025/11/08,yokkaichi,17.6,8,13.4,0,0
2025/11/08,mito,15.1,8.4,12.1,0,0
2025/11/09,tokyo,13,10.1,11.5,0,0
2025/11/09,osaka,16.5,13.5,14.8,0,0
2025/11/09,nagoya,15.2,12.8,13.8,0,0
2025/11/09,kobe,18.2,14.9,16.2,0,0
2025/11/09,nagasaki,22.5,17.8,19.9,0,0
2025/11/09,kumamoto,22.9,16.7,19.1,0,0
2025/11/09,sapporo,8.8,-0.3,4.2,0,0
2025/11/09,morioka,9.9,1.2,6.7,0,0
2025/11/09,hiroshima,17.3,12.3,14.8,0,0
2025/11/09,takamatsu,20.5,14.4,17.5,0,0
2025/11/09,chitose,9.8,-0.4,5.1,0,0
2025/11/09,yokkaichi,15.4,13.9,14.6,0,0
2025/11/09,mito,15.5,10.6,12.2,0,0
2025/11/10,tokyo,18.2,10.5,13.4,0,0
2025/11/10,osaka,17.7,11.6,14.8,0,0
2025/11/10,nagoya,16.7,10.2,13.8,0,0
2025/11/10,kobe,17.2,10.7,14.7,0,0
2025/11/10,nagasaki,18.5,10.5,16.2,0,0
2025/11/10,kumamoto,18.5,8.9,15.5,0,0
2025/11/10,sapporo,7.4,1.9,3.9,0,0
2025/11/10,morioka,11.1,4.1,7.8,0,0
2025/11/10,hiroshima,17.1,7.4,13.9,0,0
2025/11/10,takamatsu,17.6,12.4,16.1,0,0
2025/11/10,chitose,8.4,-0.2,4,0,0
2025/11/10,yokkaichi,17.8,11.7,14.8,0,0
2025/11/10,mito,19.1,7.9,13.2,0,0
2025/11/11,tokyo,14.7,9.5,11.7,0,0
2025/11/11,osaka,17,7.5,11.9,0,0
2025/11/11,nagoya,16.3,8.7,11.6,0,0
2025/11/11,kobe,17.2,10.2,13,0,0
2025/11/11,nagasaki,16.2,9.5,12.9,0,0
2025/11/11,kumamoto,15.1,5.9,10.6,0,0
2025/11/11,sapporo,3.7,1.1,2.3,0,0
2025/11/11,morioka,9.8,2.6,6.4,0,0
2025/11/11,hiroshima,15.7,4.8,10.1,0,0
2025/11/11,takamatsu,15.9,9.2,12.2,0,0
2025/11/11,chitose,5.7,-1.3,1.4,0,0
2025/11/11,yokkaichi,16.5,9.9,12.8,0,0
2025/11/11,mito,16,6.7,11,0,0
2025/11/12,tokyo,14.4,7.4,10.8,0,0
2025/11/12,osaka,15.4,7,11.3,0,0
2025/11/12,nagoya,14,6.4,10.5,0,0
2025/11/12,kobe,15.8,9.9,12.9,0,0
2025/11/12,nagasaki,18,13.5,15.4,0,0
2025/11/12,kumamoto,17.7,10.1,13.6,0,0
2025/11/12,sapporo,7.7,-0.8,3.3,0,0
2025/11/12,morioka,11.7,-0.3,5.1,0,0
2025/11/12,hiroshima,15.9,6,11.3,0,0
2025/11/12,takamatsu,15.4,12,13.4,0,0
2025/11/12,chitose,8.3,-2.2,2.4,0,0
2025/11/12,yokkaichi,15.2,6.9,11.5,0,0
2025/11/12,mito,14.8,6.6,10.4,0,0
2025/11/13,tokyo,12.8,7.5,10,0,0
2025/11/13,osaka,16,10.1,12.6,0,0
2025/11/13,nagoya,17.1,10.4,13.3,0,0
2025/11/13,kobe,16.9,13.1,15,0,0
2025/11/13,nagasaki,17.4,14,15.4,0,0
2025/11/13,kumamoto,16.8,13.2,14.6,0,0
2025/11/13,sapporo,12.2,0.6,7.2,0,0
2025/11/13,morioka,12.9,-1.4,4.1,0,0
2025/11/13,hiroshima,16.7,10.1,12.9,0,0
2025/11/13,takamatsu,16.4,12,14.2,0,0
2025/11/13,chitose,12.5,0.5,7.2,0,0
2025/11/13,yokkaichi,17.5,11.4,14,0,0
2025/11/13,mito,15.4,6.4,10.8,0,0
2025/11/14,tokyo,18.5,10.4,13.9,0,0
2025/11/14,osaka,19.3,8.5,13.5,0,0
2025/11/14,nagoya,19.6,10.1,13.8,0,0
2025/11/14,kobe,19,13.1,15.3,0,0
2025/11/14,nagasaki,20.2,12,15.5,0,0
2025/11/14,kumamoto,20,10.1,14.4,0,0
2025/11/14,sapporo,5.3,2.4,3.7,0,0
2025/11/14,morioka,12.3,1.4,6.1,0,0
2025/11/14,hiroshima,19.2,7.3,12.5,0,0
2025/11/14,takamatsu,18.5,11.1,14.6,0,0
2025/11/14,chitose,6.5,0.7,2.9,0,0
2025/11/14,yokkaichi,19.5,11.6,14.6,0,0
2025/11/14,mito,18.3,9.1,13.1,0,0
2025/11/15,tokyo,16.4,10.3,12.7,0,0
2025/11/15,osaka,17.4,7.9,12.5,0,0
2025/11/15,nagoya,18.6,7.3,11.9,0,0
2025/11/15,kobe,17.6,11.8,14.1,0,0
2025/11/15,nagasaki,19.5,10.9,15,0,0
2025/11/15,kumamoto,20.9,7.6,13.6,0,0
2025/11/15,sapporo,6.5,-3,2.2,0,0
2025/11/15,morioka,10.5,-2.2,3.2,0,0
2025/11/15,hiroshima,19.3,6.3,11.7,0,0
2025/11/15,takamatsu,18.2,10.5,14.1,0,0
2025/11/15,chitose,7.3,-3.2,1.1,0,0
2025/11/15,yokkaichi,18.7,8.8,12.6,0,0
2025/11/15,mito,16.3,6.6,11.1,0,0
2025/11/16,tokyo,16.4,7.6,12.1,0,0
2025/11/16,osaka,18.9,6.8,12.2,0,0
2025/11/16,nagoya,18,6.4,11.7,0,0
2025/11/16,kobe,18,11.2,14.4,0,0
2025/11/16,nagasaki,20.8,10.2,14.8,0,0
2025/11/16,kumamoto,20.9,7.4,13.7,0,0
2025/11/16,sapporo,8.3,-2.7,3.1,0,0
2025/11/16,morioka,12.7,-0.8,3.9,0,0
2025/11/16,hiroshima,18.6,6.2,12.2,0,0
2025/11/16,takamatsu,18.1,10.7,14,0,0
2025/11/16,chitose,8.3,-4.7,2.3,0,0
2025/11/16,yokkaichi,16.9,6.5,11.7,0,0
2025/11/16,mito,17.3,4.4,10.7,0,0
2025/11/17,tokyo,20.9,9.3,14.8,0,0
2025/11/17,osaka,19.3,7.5,13.2,0,0
2025/11/17,nagoya,19,7.2,12.9,0,0
2025/11/17,kobe,18.4,11.9,15.1,0,0
2025/11/17,nagasaki,19.2,12.2,15.4,0,0
2025/11/17,kumamoto,18.4,10.1,14.3,0,0
2025/11/17,sapporo,10.6,-0.5,5.2,0,0
2025/11/17,morioka,11.4,1.6,4.8,0,0
2025/11/17,hiroshima,18.8,7.9,13.1,0,0
2025/11/17,takamatsu,19.8,10.9,14.9,0,0
2025/11/17,chitose,11.2,-0.4,5.7,0,0
2025/11/17,yokkaichi,19.2,8.7,13.8,0,0
2025/11/17,mito,19.5,7.6,13.4,0,0
2025/11/18,tokyo,14,7.2,11.3,0,0
2025/11/18,osaka,13.3,8.1,11.1,0,0
2025/11/18,nagoya,12.6,6.8,10,0,0
2025/11/18,kobe,12.8,7.3,10.3,0,0
2025/11/18,nagasaki,13.7,9.8,11.4,0,0
2025/11/18,kumamoto,13.9,7.4,10.5,0,0
2025/11/18,sapporo,-0.5,-2.1,-1.2,0,0
2025/11/18,morioka,6.1,-1.3,2.2,0,0
2025/11/18,hiroshima,12.8,7.3,10.2,0,0
2025/11/18,takamatsu,13.2,8.9,11.4,0,0
2025/11/18,chitose,2,-3.5,-1.5,0,0
2025/11/18,yokkaichi,12.8,8.1,10.9,0,0
2025/11/18,mito,11.9,5.8,9.4,0,0
2025/11/19,tokyo,13,4.9,8.5,0,0
2025/11/19,osaka,12.9,6.5,9.2,0,0
2025/11/19,nagoya,13.2,5.2,8.1,0,0
2025/11/19,kobe,12.3,6.1,9.1,0,0
2025/11/19,nagasaki,13,9.2,10.8,0,0
2025/11/19,kumamoto,12.7,6.5,9.4,0,0
2025/11/19,sapporo,1.6,-7.1,-1.5,0,0
2025/11/19,morioka,6.8,-2.7,1.8,0,0
2025/11/19,hiroshima,12.7,6.1,9.2,0,0
2025/11/19,takamatsu,12.7,6.9,9.7,0,0
2025/11/19,chitose,3.9,-5.3,-0.5,0,0
2025/11/19,yokkaichi,12.6,5.3,9.1,0,0
2025/11/19,mito,13,2.5,7.1,0,0
2025/11/20,tokyo,13.6,5.9,9,0,0
2025/11/20,osaka,14.4,4.9,9.2,0,0
2025/11/20,nagoya,13.4,2.7,7.6,0,0
2025/11/20,kobe,13.9,8,10.8,0,0
2025/11/20,nagasaki,15.5,8.4,12,0,0
2025/11/20,kumamoto,15,8.1,11.2,0,0
2025/11/20,sapporo,9.5,-3,3.5,0,0
2025/11/20,morioka,10.9,1.6,5.6,0,0
2025/11/20,hiroshima,15.9,3.6,8.9,0,0
2025/11/20,takamatsu,15.2,6,11.1,0,0
2025/11/20,chitose,10.3,-3.4,3.5,0,0
2025/11/20,yokkaichi,14.6,4.3,8.5,0,0
2025/11/20,mito,13.3,2.2,7.5,0,0
2025/11/21,tokyo,16,4.5,10.2,0,0
2025/11/21,osaka,16.5,5.8,11.1,0,0
2025/11/21,nagoya,15.9,2.9,9.4,0,0
2025/11/21,kobe,15.5,9,12.1,0,0
2025/11/21,nagasaki,16.9,10.2,13.1,0,0
2025/11/21,kumamoto,16.9,5.7,11.1,0,0
2025/11/21,sapporo,6.3,-0.5,3.2,0,0
2025/11/21,morioka,9.4,4,6.3,0,0
2025/11/21,hiroshima,16.5,4.4,9.6,0,0
2025/11/21,takamatsu,17.1,10.5,13.4,0,0
2025/11/21,chitose,8,-2.2,3.6,0,0
2025/11/21,yokkaichi,17,5.4,10.7,0,0
2025/11/21,mito,16.2,3.4,9.1,0,0
2025/11/22,tokyo,16.2,6.9,11.8,0,0
2025/11/22,osaka,16.6,6.1,10.9,0,0
2025/11/22,nagoya,15.8,7.2,11.2,0,0
2025/11/22,kobe,15.7,9.5,11.9,0,0
2025/11/22,nagasaki,16.4,8.4,12,0,0
2025/11/22,kumamoto,16.1,3.4,9.6,0,0
2025/11/22,sapporo,4.5,-0.4,1.9,0,0
2025/11/22,morioka,9.6,0.7,5,0,0
2025/11/22,hiroshima,14.1,2.5,8.1,0,0
2025/11/22,takamatsu,15.3,8,11.3,0,0
2025/11/22,chitose,5,-3.2,0.9,0,0
2025/11/22,yokkaichi,16.5,7.1,11.5,0,0
2025/11/22,mito,15.4,5.2,9.8,0,0
2025/11/23,tokyo,15.1,9.1,11.6,0,0
2025/11/23,osaka,16.4,5.1,10.3,0,0
2025/11/23,nagoya,16.4,4.5,9.6,0,0
2025/11/23,kobe,15.3,8.8,11.9,0,0
2025/11/23,nagasaki,17.7,8.8,12.7,0,0
2025/11/23,kumamoto,17.3,3.3,9.9,0,0
2025/11/23,sapporo,10.4,2,5,0,0
2025/11/23,morioka,10.4,0.5,5.2,0,0
2025/11/23,hiroshima,15.2,3.4,9,0,0
2025/11/23,takamatsu,16,6.8,10.7,0,0
2025/11/23,chitose,10.6,0.8,4.3,0,0
2025/11/23,yokkaichi,16.3,5.5,9.9,0,0
2025/11/23,mito,15,8.2,11.1,0,0
2025/11/24,tokyo,17.6,6.9,12,0,0
2025/11/24,osaka,16.8,4.8,10.4,0,0
2025/11/24,nagoya,17.5,4.7,10.5,0,0
2025/11/24,kobe,16.3,10.1,13,0,0
2025/11/24,nagasaki,18.4,11.2,14.8,0,0
2025/11/24,kumamoto,18.5,5,11.9,0,0
2025/11/24,sapporo,10.4,-1.6,4.8,0,0
2025/11/24,morioka,13.9,4.5,8.4,0,0
2025/11/24,hiroshima,15.2,5,9.8,0,0
2025/11/24,takamatsu,16.7,7.9,12,0,0
2025/11/24,chitose,13.3,1.3,6.5,0,0
2025/11/24,yokkaichi,17.9,5.8,11.1,0,0
2025/11/24,mito,17.6,4.5,10.4,0,0
2025/11/25,tokyo,11.4,7,9.5,0,0
2025/11/25,osaka,13.9,9.8,11.4,0,0
2025/11/25,nagoya,12,7.1,9.7,0,0
2025/11/25,kobe,13.9,10.8,12.6,0,0
2025/11/25,nagasaki,18.6,12.5,14.3,0,0
2025/11/25,kumamoto,16.3,11.8,13.2,0,0
2025/11/25,sapporo,8.1,-3.7,1.6,0,0
2025/11/25,morioka,13.5,4.7,8.2,0,0
2025/11/25,hiroshima,17.2,8.1,11.5,0,0
2025/11/25,takamatsu,16.8,10.8,12.7,0,0
2025/11/25,chitose,10.6,-1.4,3.4,0,0
2025/11/25,yokkaichi,13.2,8.7,11.2,0,0
2025/11/25,mito,12.3,5.8,8.6,0,0
2025/11/26,tokyo,17.4,4.3,10.5,0,0
2025/11/26,osaka,16.4,6.8,11.2,0,0
2025/11/26,nagoya,16.9,6.7,10.7,0,0
2025/11/26,kobe,15.6,8.9,11.6,0,0
2025/11/26,nagasaki,15.9,9.4,12.2,0,0
2025/11/26,kumamoto,14.3,6.5,10.4,0,0
2025/11/26,sapporo,6.7,1.8,3.6,0,0
2025/11/26,morioka,10.6,2.8,7.1,0,0
2025/11/26,hiroshima,15.9,6.4,11.3,0,0
2025/11/26,takamatsu,16.5,10.4,12.8,0,0
2025/11/26,chitose,7.7,1.3,4.1,0,0
2025/11/26,yokkaichi,16.6,7.8,11.4,0,0
2025/11/26,mito,16.3,4.6,9.9,0,0
2025/11/27,tokyo,15.4,6.2,11,0,0
2025/11/27,osaka,16.3,5.6,10.3,0,0
2025/11/27,nagoya,16.3,4.2,10.3,0,0
2025/11/27,kobe,16,9.5,12.8,0,0
2025/11/27,nagasaki,19,10.1,14.2,0,0
2025/11/27,kumamoto,17.8,3.9,11.4,0,0
2025/11/27,sapporo,6.7,0.8,3.5,0,0
2025/11/27,morioka,12,1,6.8,0,0
2025/11/27,hiroshima,16.5,4.2,10.5,0,0
2025/11/27,takamatsu,17.7,7.7,12.7,0,0
2025/11/27,chitose,7.6,-0.9,3.1,0,0
2025/11/27,yokkaichi,15.6,5.5,11,0,0
2025/11/27,mito,16.1,4.1,10.2,0,0
2025/11/28,tokyo,19.2,7.4,12.8,0,0
2025/11/28,osaka,14.4,8.3,12.2,0,0
2025/11/28,nagoya,13.8,8.2,10.9,0,0
2025/11/28,kobe,14.1,8.2,11.7,0,0
2025/11/28,nagasaki,12.9,9.2,11.6,0,0
2025/11/28,kumamoto,13.5,6.2,10.9,0,0
2025/11/28,sapporo,9.8,1.5,6.5,0,0
2025/11/28,morioka,10.4,4.7,7.8,0,0
2025/11/28,hiroshima,12.5,4.6,9.7,0,0
2025/11/28,takamatsu,14.4,9.9,12.5,0,0
2025/11/28,chitose,12.1,2,7.6,0,0
2025/11/28,yokkaichi,14.7,8.7,11.8,0,0
2025/11/28,mito,17.3,8.9,11.8,0,0
2025/11/29,tokyo,15.1,7.9,11.2,0,0
2025/11/29,osaka,14.5,6.2,9.8,0,0
2025/11/29,nagoya,14.6,6.1,9.7,0,0
2025/11/29,kobe,13.6,7.9,10.5,0,0
2025/11/29,nagasaki,15.1,6.4,10.5,0,0
2025/11/29,kumamoto,15.1,1.6,8.1,0,0
2025/11/29,sapporo,3.4,-2.5,0.6,0,0
2025/11/29,morioka,8.7,-1.3,4.4,0,0
2025/11/29,hiroshima,13.4,2,7.1,0,0
2025/11/29,takamatsu,13.9,6.3,9.7,0,0
2025/11/29,chitose,4.3,-3,0.7,0,0
2025/11/29,yokkaichi,15.5,6.6,10.3,0,0
2025/11/29,mito,13.7,6.5,9.6,0,0
2025/11/30,tokyo,16.2,6.5,10.8,0,0
2025/11/30,osaka,15.3,3,9.2,0,0
2025/11/30,nagoya,15.7,4.5,8.8,0,0
2025/11/30,kobe,14.8,8.9,12,0,0
2025/11/30,nagasaki,18.4,10.5,14.6,0,0
2025/11/30,kumamoto,18.8,3.4,11.1,0,0
2025/11/30,sapporo,9.6,-1.7,3,0,0
2025/11/30,morioka,7.9,-2.7,2.8,0,0
2025/11/30,hiroshima,15.7,2,8.8,0,0
2025/11/30,takamatsu,15.9,5.7,10.5,0,0
2025/11/30,chitose,11,-2.2,3.3,0,0
2025/11/30,yokkaichi,15.8,4.3,9.5,0,0
2025/11/30,mito,16.5,3.9,9.5,0,0
2025/12/01,tokyo,20.7,5.2,12.7,0,0
2025/12/01,osaka,18.3,6.8,12.4,0,0
2025/12/01,nagoya,17.2,4.6,10.9,0,0
2025/12/01,kobe,17.8,10.7,14.3,0,0
2025/12/01,nagasaki,20.5,11.8,16.3,0,0
2025/12/01,kumamoto,19.7,10.5,14.4,0,0
2025/12/01,sapporo,12,-1.3,4.1,0,0
2025/12/01,morioka,13.8,3.3,6.9,0,0
2025/12/01,hiroshima,18.8,7.1,12.5,0,0
2025/12/01,takamatsu,18.9,7.8,13,0,0
2025/12/01,chitose,12.5,-1.9,3.9,0,0
2025/12/01,yokkaichi,16.6,7.5,11.9,0,0
2025/12/01,mito,17.4,3.8,10.1,0,0
2025/12/02,tokyo,17.4,9.4,13.2,0,0
2025/12/02,osaka,18.1,8.4,12.8,0,0
2025/12/02,nagoya,18,8.5,12.8,0,0
2025/12/02,kobe,16.9,11.9,14.2,0,0
2025/12/02,nagasaki,18.9,9.9,13.4,0,0
2025/12/02,kumamoto,18.5,8.1,12.5,0,0
2025/12/02,sapporo,4.7,-0.2,1.8,0,0
2025/12/02,morioka,12,1.1,6.7,0,0
2025/12/02,hiroshima,17.8,5.8,10.8,0,0
2025/12/02,takamatsu,17.5,9.7,13.7,0,0
2025/12/02,chitose,5.8,-4.7,0.8,0,0
2025/12/02,yokkaichi,18.7,9.5,13.3,0,0
2025/12/02,mito,15.8,8.8,12.6,0,0
2025/12/03,tokyo,11.9,9.3,10.6,0,0
2025/12/03,osaka,13.2,3.7,9.7,0,0
2025/12/03,nagoya,11.9,3.3,8.5,0,0
2025/12/03,kobe,11.4,2.5,8.5,0,0
2025/12/03,nagasaki,11.2,6.4,8.7,0,0
2025/12/03,kumamoto,10.2,5.3,8.1,0,0
2025/12/03,sapporo,2.8,-3.9,-0.5,0,0
2025/12/03,morioka,8.1,0.7,5.4,0,0
2025/12/03,hiroshima,9.2,3.6,6.6,0,0
2025/12/03,takamatsu,12,4.5,8.8,0,0
2025/12/03,chitose,2.7,-4.4,-1.3,0,0
2025/12/03,yokkaichi,13.9,4.3,9.8,0,0
2025/12/03,mito,10.4,7.5,9.2,0,0
2025/12/04,tokyo,10.1,3.6,7.2,0,0
2025/12/04,osaka,8.7,3.3,5.8,0,0
2025/12/04,nagoya,8,1.6,4.2,0,0
2025/12/04,kobe,7.6,2.2,4.9,0,0
2025/12/04,nagasaki,9.8,4.2,7.2,0,0
2025/12/04,kumamoto,8.8,4,6.2,0,0
2025/12/04,sapporo,-4.1,-9.2,-5.8,0,0
2025/12/04,morioka,1.7,-2.2,-0.1,0,0
2025/12/04,hiroshima,7.8,3.1,5.5,0,0
2025/12/04,takamatsu,8.7,4,6.4,0,0
2025/12/04,chitose,-2.6,-7.4,-5,0,0
2025/12/04,yokkaichi,8,3.3,5.3,0,0
2025/12/04,mito,7.7,-0.2,4.7,0,0
2025/12/05,tokyo,11.1,-0.4,5.7,0,0
2025/12/05,osaka,11.3,4.8,7.6,0,0
2025/12/05,nagoya,9.3,0.2,4.3,0,0
2025/12/05,kobe,10.4,5.1,6.9,0,0
2025/12/05,nagasaki,10.7,4.6,8.1,0,0
2025/12/05,kumamoto,10.6,1.5,7,0,0
2025/12/05,sapporo,-0.4,-8.4,-3.6,0,0
2025/12/05,morioka,2.6,-1.7,0.4,0,0
2025/12/05,hiroshima,9.5,1.1,6.3,0,0
2025/12/05,takamatsu,11,6.2,8.3,0,0
2025/12/05,chitose,1.4,-6.8,-2.3,0,0
2025/12/05,yokkaichi,10.7,3.6,6.6,0,0
2025/12/05,mito,11.1,-0.8,3.8,0,0
2025/12/06,tokyo,11.8,2.1,6.7,0,0
2025/12/06,osaka,11.3,1.3,6,0,0
2025/12/06,nagoya,10.8,-0.3,4.7,0,0
2025/12/06,kobe,10.3,4.2,7.1,0,0
2025/12/06,nagasaki,13.2,2.4,8.1,0,0
2025/12/06,kumamoto,11.4,-1.8,4.4,0,0
2025/12/06,sapporo,5.5,-2.4,2,0,0
2025/12/06,morioka,9.3,-0.8,3.1,0,0
2025/12/06,hiroshima,10.8,-1.9,4.6,0,0
2025/12/06,takamatsu,11.2,1.7,6.9,0,0
2025/12/06,chitose,7.3,-1.9,2.8,0,0
2025/12/06,yokkaichi,11.6,2.9,6.7,0,0
2025/12/06,mito,11.8,-0.5,5.1,0,0
2025/12/07,tokyo,15,1.7,8.4,0,0
2025/12/07,osaka,14.8,2.2,8.5,0,0
2025/12/07,nagoya,12.8,1.2,6.6,0,0
2025/12/07,kobe,14.1,7.4,11,0,0
2025/12/07,nagasaki,18.6,8.3,13.1,0,0
2025/12/07,kumamoto,17.1,2.9,10,0,0
2025/12/07,sapporo,8.8,-3,3,0,0
2025/12/07,morioka,10,0.7,4,0,0
2025/12/07,hiroshima,16.9,3.3,9,0,0
2025/12/07,takamatsu,16.7,8,12,0,0
2025/12/07,chitose,9.4,0.5,4,0,0
2025/12/07,yokkaichi,14.4,3,8,0,0
2025/12/07,mito,14.2,0.1,6.3,0,0
2025/12/08,tokyo,17.7,3,10.1,0,0
2025/12/08,osaka,16.1,5,9.9,0,0
2025/12/08,nagoya,13.9,2.8,8.3,0,0
2025/12/08,kobe,15.3,8.8,11.7,0,0
2025/12/08,nagasaki,16.5,9.1,12.9,0,0
2025/12/08,kumamoto,16.9,7.1,11.4,0,0
2025/12/08,sapporo,1.1,-2.7,-0.4,0,0
2025/12/08,morioka,6.4,1.3,3.8,0,0
2025/12/08,hiroshima,14.9,4.2,8.3,0,0
2025/12/08,takamatsu,17.1,10.5,12.9,0,0
2025/12/08,chitose,2.2,-4.4,-0.7,0,0
2025/12/08,yokkaichi,16.5,5.1,9.9,0,0
2025/12/08,mito,15.7,0.3,8.1,0,0
2025/12/09,tokyo,12.7,7.3,10.2,0,0
2025/12/09,osaka,12.8,5.3,8.9,0,0
2025/12/09,nagoya,12.7,5,8,0,0
2025/12/09,kobe,11.9,6.2,8.8,0,0
2025/12/09,nagasaki,13.6,5.9,9.6,0,0
2025/12/09,kumamoto,13.2,1.8,7.5,0,0
2025/12/09,sapporo,-1.6,-8.7,-4.9,0,0
2025/12/09,morioka,5.3,0.7,2.4,0,0
2025/12/09,hiroshima,11.9,1.8,5.9,0,0
2025/12/09,takamatsu,12.5,6,9.2,0,0
2025/12/09,chitose,-0.2,-8.4,-4.8,0,0
2025/12/09,yokkaichi,12.3,4.4,8.7,0,0
2025/12/09,mito,11,2.3,7.4,0,0
2025/12/10,tokyo,14.3,2.5,8.2,0,0
2025/12/10,osaka,13,1.5,7.1,0,0
2025/12/10,nagoya,12.9,2.4,7.2,0,0
2025/12/10,kobe,12.5,7,9.3,0,0
2025/12/10,nagasaki,13.5,5.7,9.5,0,0
2025/12/10,kumamoto,13.8,2.8,7.7,0,0
2025/12/10,sapporo,-1.3,-11.4,-5.7,0,0
2025/12/10,morioka,5.7,-3.5,1,0,0
2025/12/10,hiroshima,11.8,1.1,5.7,0,0
2025/12/10,takamatsu,12.5,5.1,8,0,0
2025/12/10,chitose,-0.4,-9.4,-4.8,0,0
2025/12/10,yokkaichi,13.7,4.4,8,0,0
2025/12/10,mito,12.9,-0.3,5.6,0,0
2025/12/11,tokyo,15.7,3.6,9.3,0,0
2025/12/11,osaka,15.1,4.3,9.7,0,0
2025/12/11,nagoya,12.7,3.1,7.7,0,0
2025/12/11,kobe,15.5,7.3,11.2,0,0
2025/12/11,nagasaki,17,9.8,13.1,0,0
2025/12/11,kumamoto,16.6,5.1,10.6,0,0
2025/12/11,sapporo,0.1,-5.6,-2.4,0,0
2025/12/11,morioka,7.1,-3.7,1.6,0,0
2025/12/11,hiroshima,14.2,3,8,0,0
2025/12/11,takamatsu,15,5.3,10.5,0,0
2025/12/11,chitose,0.7,-4.9,-1.7,0,0
2025/12/11,yokkaichi,12.5,5.5,8.8,0,0
2025/12/11,mito,12.6,1,6.8,0,0
2025/12/12,tokyo,10,3.4,6.9,0,0
2025/12/12,osaka,11.5,5.6,7.4,0,0
2025/12/12,nagoya,9.5,2.5,6.1,0,0
2025/12/12,kobe,10.2,3.5,5.9,0,0
2025/12/12,nagasaki,13.7,8.2,10.9,0,0
2025/12/12,kumamoto,14.3,5.4,9.5,0,0
2025/12/12,sapporo,-5.1,-6.7,-6,0,0
2025/12/12,morioka,1.1,-4.9,-1.9,0,0
2025/12/12,hiroshima,8.2,2.5,6.1,0,0
2025/12/12,takamatsu,11.9,6.1,8.1,0,0
2025/12/12,chitose,-5.6,-9.1,-7,0,0
2025/12/12,yokkaichi,10.7,3.9,6.7,0,0
2025/12/12,mito,8,1.6,4.7,0,0
2025/12/13,tokyo,8.4,2.1,5,0,0
2025/12/13,osaka,10.3,2.8,6.8,0,0
2025/12/13,nagoya,8.4,0.1,4.7,0,0
2025/12/13,kobe,10,2.9,6.6,0,0
2025/12/13,nagasaki,14,7,9.6,0,0
2025/12/13,kumamoto,11.5,3.2,7.5,0,0
2025/12/13,sapporo,-2.7,-9.3,-4.6,0,0
2025/12/13,morioka,3,-2.7,0.1,0,0
2025/12/13,hiroshima,9.2,0.9,4.6,0,0
2025/12/13,takamatsu,9.8,5.9,7.8,0,0
2025/12/13,chitose,-2,-14.5,-7.5,0,0
2025/12/13,yokkaichi,10.3,0.9,6.5,0,0
2025/12/13,mito,8.1,0.7,4.2,0,0
2025/12/14,tokyo,7.5,1.9,4.9,0,0
2025/12/14,osaka,12.7,7.3,9.5,0,0
2025/12/14,nagoya,11.9,5.9,8.1,0,0
2025/12/14,kobe,11.8,6.5,9.2,0,0
2025/12/14,nagasaki,12.8,8.2,10,0,0
2025/12/14,kumamoto,11.3,7.3,9.5,0,0
2025/12/14,sapporo,0.2,-6.3,-2.8,0,0
2025/12/14,morioka,3.2,-0.7,0.8,0,0
2025/12/14,hiroshima,10,5.5,7.5,0,0
2025/12/14,takamatsu,11.6,7.6,9.5,0,0
2025/12/14,chitose,1.4,-7.7,-2.8,0,0
2025/12/14,yokkaichi,13.3,7.6,10.2,0,0
2025/12/14,mito,7.2,3.3,5.2,0,0
2025/12/15,tokyo,12.9,4.1,8.1,0,0
2025/12/15,osaka,10.7,3.8,7,0,0
2025/12/15,nagoya,10.2,4.7,7,0,0
2025/12/15,kobe,10.1,4.7,6.9,0,0
2025/12/15,nagasaki,11.5,5.3,8.3,0,0
2025/12/15,kumamoto,10.9,2.8,6.9,0,0
2025/12/15,sapporo,2.4,-1.2,0.8,0,0
2025/12/15,morioka,6,0.3,2.2,0,0
2025/12/15,hiroshima,10.2,0.8,5.9,0,0
2025/12/15,takamatsu,11.5,6.2,8.4,0,0
2025/12/15,chitose,2.5,-3.7,0.5,0,0
2025/12/15,yokkaichi,10.5,6.2,8,0,0
2025/12/15,mito,11.7,2.4,7.2,0,0
2025/12/16,tokyo,11.4,3.3,6.8,0,0
2025/12/16,osaka,11.3,0.3,6,0,0
2025/12/16,nagoya,10.1,3.4,6.8,0,0
2025/12/16,kobe,10.6,4.6,7.8,0,0
2025/12/16,nagasaki,14.3,4.8,9.4,0,0
2025/12/16,kumamoto,13.8,0.6,6.6,0,0
2025/12/16,sapporo,-0.1,-6.6,-3.2,0,0
2025/12/16,morioka,4.1,0.2,2,0,0
2025/12/16,hiroshima,10,-2.1,3.2,0,0
2025/12/16,takamatsu,12.8,4.2,8.5,0,0
2025/12/16,chitose,0.7,-7.2,-3,0,0
2025/12/16,yokkaichi,13.2,4.4,8.3,0,0
2025/12/16,mito,11.3,1.7,5.6,0,0
2025/12/17,tokyo,12,2.4,7.2,0,0
2025/12/17,osaka,14,2.9,7.8,0,0
2025/12/17,nagoya,11.6,2.9,7.3,0,0
2025/12/17,kobe,14,7.8,10.1,0,0
2025/12/17,nagasaki,15.4,9.2,12.4,0,0
2025/12/17,kumamoto,14.7,4.8,9.6,0,0
2025/12/17,sapporo,-3,-7.2,-5.3,0,0
2025/12/17,morioka,5.3,-0.7,1.9,0,0
2025/12/17,hiroshima,10.9,1.6,5.8,0,0
2025/12/17,takamatsu,13.6,7,9.7,0,0
2025/12/17,chitose,-2.2,-10.2,-5.5,0,0
2025/12/17,yokkaichi,11.8,4.7,8,0,0
2025/12/17,mito,12.5,2.7,7,0,0
2025/12/18,tokyo,11.6,6.1,8.2,0,0
2025/12/18,osaka,11.8,4.8,8,0,0
2025/12/18,nagoya,11.6,3.9,7.3,0,0
2025/12/18,kobe,11.5,6.5,8.6,0,0
2025/12/18,nagasaki,14.1,7.6,10.4,0,0
2025/12/18,kumamoto,14.1,4,8.4,0,0
2025/12/18,sapporo,-3.4,-9.5,-5.5,0,0
2025/12/18,morioka,4.1,-0.6,1.8,0,0
2025/12/18,hiroshima,11.8,1.5,5.8,0,0
2025/12/18,takamatsu,11.6,5.5,8.5,0,0
2025/12/18,chitose,-2.3,-10.7,-6.1,0,0
2025/12/18,yokkaichi,11.3,3.6,7.7,0,0
2025/12/18,mito,10,2.1,6.1,0,0
2025/12/19,tokyo,10.4,1.4,6,0,0
2025/12/19,osaka,12.7,1.2,6.7,0,0
2025/12/19,nagoya,13.4,1.6,7.5,0,0
2025/12/19,kobe,13.1,5.6,9.3,0,0
2025/12/19,nagasaki,18.7,8.2,13.4,0,0
2025/12/19,kumamoto,16.5,2.9,9.7,0,0
2025/12/19,sapporo,2.4,-9.6,-2.5,0,0
2025/12/19,morioka,6.5,-0.7,1.7,0,0
2025/12/19,hiroshima,14,0.9,6.6,0,0
2025/12/19,takamatsu,12.9,3.6,8,0,0
2025/12/19,chitose,3,-12.1,-3.1,0,0
2025/12/19,yokkaichi,12.6,1.8,7.7,0,0
2025/12/19,mito,11.3,-1.8,5.1,0,0
2025/12/20,tokyo,14.2,3.2,8,0,0
2025/12/20,osaka,18.7,6.3,12,0,0
2025/12/20,nagoya,13.3,8.7,10.9,0,0
2025/12/20,kobe,18,11.1,14.1,0,0
2025/12/20,nagasaki,20.4,13.3,16.2,0,0
2025/12/20,kumamoto,20.7,11.3,14.8,0,0
2025/12/20,sapporo,5.3,2.8,4.1,0,0
2025/12/20,morioka,13.5,-1.9,4.7,0,0
2025/12/20,hiroshima,16.1,6.7,11.3,0,0
2025/12/20,takamatsu,16.3,5.4,10.9,0,0
2025/12/20,chitose,6.2,3.6,4.8,0,0
2025/12/20,yokkaichi,13.7,10.1,11.9,0,0
2025/12/20,mito,13.4,2.2,8.4,0,0
2025/12/21,tokyo,19,7.8,13,0,0
2025/12/21,osaka,13.9,8.8,11.1,0,0
2025/12/21,nagoya,12.9,9.6,11,0,0
2025/12/21,kobe,15,8.9,12.4,0,0
2025/12/21,nagasaki,16.6,8.6,13,0,0
2025/12/21,kumamoto,14.5,7.1,11.8,0,0
2025/12/21,sapporo,4.7,0.2,2.7,0,0
2025/12/21,morioka,14.2,3.6,6.5,0,0
2025/12/21,hiroshima,14.2,7.2,11.6,0,0
2025/12/21,takamatsu,14.1,9.3,11.4,0,0
2025/12/21,chitose,6.9,-0.3,2.3,0,0
2025/12/21,yokkaichi,14.6,10.9,12.7,0,0
2025/12/21,mito,16.4,10.3,12.6,0,0
2025/12/22,tokyo,11.8,4.5,9,0,0
2025/12/22,osaka,9.7,5.5,7.9,0,0
2025/12/22,nagoya,11.9,3.5,8.1,0,0
2025/12/22,kobe,9.2,5.2,7.6,0,0
2025/12/22,nagasaki,13.8,7.4,9.9,0,0
2025/12/22,kumamoto,14.4,3.7,8.4,0,0
2025/12/22,sapporo,-0.2,-7.6,-2.6,0,0
2025/12/22,morioka,4.3,-4.6,1.3,0,0
2025/12/22,hiroshima,11.4,4.7,7.7,0,0
2025/12/22,takamatsu,10.7,6.7,8.5,0,0
2025/12/22,chitose,-0.2,-5.2,-2.1,0,0
2025/12/22,yokkaichi,11.7,3.4,8.5,0,0
2025/12/22,mito,10.3,2.5,7.4,0,0
2025/12/23,tokyo,8.9,0.6,4.9,0,0
2025/12/23,osaka,13,1.3,7.2,0,0
2025/12/23,nagoya,10.8,3,6.5,0,0
2025/12/23,kobe,11.9,4.2,8,0,0
2025/12/23,nagasaki,16.8,5.5,11.7,0,0
2025/12/23,kumamoto,16.5,2.9,9,0,0
2025/12/23,sapporo,0.4,-16.6,-6.6,0,0
2025/12/23,morioka,5.4,-5.1,-0.4,0,0
2025/12/23,hiroshima,10.6,0.7,5.7,0,0
2025/12/23,takamatsu,10.9,6.1,8.2,0,0
2025/12/23,chitose,2,-8.6,-2.3,0,0
2025/12/23,yokkaichi,10.4,2.6,7.2,0,0
2025/12/23,mito,8.7,-0.3,4.1,0,0
2025/12/24,tokyo,7.7,4.3,5.9,0,0
2025/12/24,osaka,12.7,8.5,10.5,0,0
2025/12/24,nagoya,12.2,7.8,9.7,0,0
2025/12/24,kobe,13.1,9.4,11.2,0,0
2025/12/24,nagasaki,18,13.4,15.1,0,0
2025/12/24,kumamoto,18,9.2,12.9,0,0
2025/12/24,sapporo,4.8,0.4,2.4,0,0
2025/12/24,morioka,4.9,-0.3,2.4,0,0
2025/12/24,hiroshima,11.6,4.2,8.1,0,0
2025/12/24,takamatsu,12.6,9.1,10.8,0,0
2025/12/24,chitose,6.1,1.5,3,0,0
2025/12/24,yokkaichi,13.2,8.6,10.7,0,0
2025/12/24,mito,8.7,4.2,6.5,0,0
2025/12/25,tokyo,11.8,6.5,8.9,0,0
2025/12/25,osaka,12.5,7.6,10.4,0,0
2025/12/25,nagoya,12.1,8.3,10.3,0,0
2025/12/25,kobe,12.4,6.4,11,0,0
2025/12/25,nagasaki,13.5,5.6,10,0,0
2025/12/25,kumamoto,13.1,5.7,10.3,0,0
2025/12/25,sapporo,3.2,0.7,2,0,0
2025/12/25,morioka,5.2,1.5,3,0,0
2025/12/25,hiroshima,12,4.1,9.3,0,0
2025/12/25,takamatsu,13,6.7,10.9,0,0
2025/12/25,chitose,3.8,0.5,2.1,0,0
2025/12/25,yokkaichi,13.7,9,11.5,0,0
2025/12/25,mito,12.9,6.3,9.5,0,0
2025/12/26,tokyo,9.8,1.6,6.8,0,0
2025/12/26,osaka,7.4,2.3,4.8,0,0
2025/12/26,nagoya,7.3,1.1,4.4,0,0
2025/12/26,kobe,6.1,1.5,4,0,0
2025/12/26,nagasaki,5.1,1.6,3.1,0,0
2025/12/26,kumamoto,5.3,-0.5,2.5,0,0
2025/12/26,sapporo,0.5,-8.4,-2.9,0,0
2025/12/26,morioka,3,-3.6,0.3,0,0
2025/12/26,hiroshima,4.1,1.6,2.7,0,0
2025/12/26,takamatsu,6,3.5,4.7,0,0
2025/12/26,chitose,0.3,-7.6,-2.6,0,0
2025/12/26,yokkaichi,7.9,2.1,4.6,0,0
2025/12/26,mito,9.3,-0.2,5.8,0,0
2025/12/27,tokyo,5.4,0.4,2.5,0,0
2025/12/27,osaka,8,1.3,4.3,0,0
2025/12/27,nagoya,5.8,-0.8,2.5,0,0
2025/12/27,kobe,7.5,1.1,3.8,0,0
2025/12/27,nagasaki,6.9,1.5,3.8,0,0
2025/12/27,kumamoto,5.8,-3.2,1.1,0,0
2025/12/27,sapporo,-5.1,-11.1,-7.5,0,0
2025/12/27,morioka,0.8,-4,-1.6,0,0
2025/12/27,hiroshima,6.7,0.8,3.7,0,0
2025/12/27,takamatsu,7.5,2.1,4.7,0,0
2025/12/27,chitose,-3.3,-8.7,-6.4,0,0
2025/12/27,yokkaichi,7.5,1.8,4.3,0,0
2025/12/27,mito,6.5,-2,1.7,0,0
2025/12/28,tokyo,9.2,-0.4,3.6,0,0
2025/12/28,osaka,9.4,0.3,4.4,0,0
2025/12/28,nagoya,10.3,0.9,4.7,0,0
2025/12/28,kobe,9.5,2.7,5.7,0,0
2025/12/28,nagasaki,10.8,2.1,6.2,0,0
2025/12/28,kumamoto,9.6,-2.4,2.6,0,0
2025/12/28,sapporo,0,-7.3,-3.9,0,0
2025/12/28,morioka,3.3,-2.6,0.1,0,0
2025/12/28,hiroshima,9.5,1.4,4.9,0,0
2025/12/28,takamatsu,10,3.5,6,0,0
2025/12/28,chitose,0.5,-7.4,-3.7,0,0
2025/12/28,yokkaichi,11,2.1,5.6,0,0
2025/12/28,mito,9.9,-2.3,2.6,0,0
2025/12/29,tokyo,10.4,1.7,5.2,0,0
2025/12/29,osaka,11.7,0.6,6,0,0
2025/12/29,nagoya,10.9,-1.3,4.6,0,0
2025/12/29,kobe,10.8,4.1,8.1,0,0
2025/12/29,nagasaki,16.5,7.2,11.9,0,0
2025/12/29,kumamoto,13.2,-1.3,5.9,0,0
2025/12/29,sapporo,4.4,-4.2,1,0,0
2025/12/29,morioka,6.7,-4.5,0.3,0,0
2025/12/29,hiroshima,10.3,-0.5,5,0,0
2025/12/29,takamatsu,12.3,0.8,6.6,0,0
2025/12/29,chitose,3.8,-4.9,0.4,0,0
2025/12/29,yokkaichi,10.4,1.5,5.7,0,0
2025/12/29,mito,12.5,-0.8,5,0,0
2025/12/30,tokyo,13.8,1,7.2,0,0
2025/12/30,osaka,13.6,5.6,9.1,0,0
2025/12/30,nagoya,12.4,1.6,6.8,0,0
2025/12/30,kobe,13.3,6.7,9.9,0,0
2025/12/30,nagasaki,14.9,7.6,11.4,0,0
2025/12/30,kumamoto,15,4.4,9,0,0
2025/12/30,sapporo,2.6,-3.6,-0.1,0,0
2025/12/30,morioka,7.2,-0.7,2.6,0,0
2025/12/30,hiroshima,13.5,3.8,7.3,0,0
2025/12/30,takamatsu,13.3,6.7,9.9,0,0
2025/12/30,chitose,4.4,-3.6,0.7,0,0
2025/12/30,yokkaichi,13.2,4.9,8.4,0,0
2025/12/30,mito,14.8,-0.6,6.1,0,0
2025/12/31,tokyo,12.1,2.3,6.9,0,0
2025/12/31,osaka,9.9,4.2,6.8,0,0
2025/12/31,nagoya,8.6,2.9,5.4,0,0
2025/12/31,kobe,9,3.3,5.9,0,0
2025/12/31,nagasaki,10,5.2,7.6,0,0
2025/12/31,kumamoto,9.9,1.4,5.2,0,0
2025/12/31,sapporo,-3.5,-9.3,-6.2,0,0
2025/12/31,morioka,0.7,-3.6,-1.2,0,0
2025/12/31,hiroshima,8.2,1.3,4.5,0,0
2025/12/31,takamatsu,9.7,4.5,6.8,0,0
2025/12/31,chitose,-2,-6.8,-4.9,0,0
2025/12/31,yokkaichi,9.9,3.9,6.7,0,0
2025/12/31,mito,12,1.4,6.1,0,0
2026/01/01,tokyo,9.8,2.9,5.8,0,0
2026/01/01,osaka,7.9,1.4,4.9,0,0
2026/01/01,nagoya,7.8,2.3,4.3,0,0
2026/01/01,kobe,7.3,1,4.1,0,0
2026/01/01,nagasaki,7.7,3.2,4.9,0,0
2026/01/01,kumamoto,7,-1.4,2.7,0,0
2026/01/01,sapporo,-7,-12,-9.3,0,0
2026/01/01,morioka,-1.6,-5.4,-3.1,0,0
2026/01/01,hiroshima,6.7,1.2,3.8,0,0
2026/01/01,takamatsu,8,3.4,5.4,0,0
2026/01/01,chitose,-5,-9.2,-7.4,0,0
2026/01/01,yokkaichi,8,3.2,5.2,0,0
2026/01/01,mito,9.2,0.2,4.1,0,0
2026/01/02,tokyo,8.8,0.8,4.3,0,0
2026/01/02,osaka,6.1,1.5,3.5,0,0
2026/01/02,nagoya,5.8,0.1,2.4,0,0
2026/01/02,kobe,5.3,0.8,2.7,0,0
2026/01/02,nagasaki,4.5,1.6,3,0,0
2026/01/02,kumamoto,3.9,-1.5,1.5,0,0
2026/01/02,sapporo,-0.8,-10.3,-4.6,0,0
2026/01/02,morioka,0.2,-9.6,-5.3,0,0
2026/01/02,hiroshima,3.7,-0.6,1.7,0,0
2026/01/02,takamatsu,5.6,2.7,3.7,0,0
2026/01/02,chitose,1.7,-8.6,-3.9,0,0
2026/01/02,yokkaichi,7.2,0.1,3.3,0,0
2026/01/02,mito,5.7,0.4,3,0,0
2026/01/03,tokyo,9.1,-1.2,3.4,0,0
2026/01/03,osaka,7.4,-0.9,3.3,0,0
2026/01/03,nagoya,6.9,-0.3,2.8,0,0
2026/01/03,kobe,6.2,-0.4,2.9,0,0
2026/01/03,nagasaki,8,2.5,5.5,0,0
2026/01/03,kumamoto,7.3,-1.7,2.6,0,0
2026/01/03,sapporo,-1.1,-5.6,-2.9,0,0
2026/01/03,morioka,1.4,-11.6,-4.4,0,0
2026/01/03,hiroshima,6.2,-0.5,2.5,0,0
2026/01/03,takamatsu,7.5,2,4.8,0,0
2026/01/03,chitose,-0.1,-6.7,-3.1,0,0
2026/01/03,yokkaichi,7.2,0.9,3.8,0,0
2026/01/03,mito,7.9,-2.3,2.4,0,0
2026/01/04,tokyo,9.9,0.5,5.1,0,0
2026/01/04,osaka,9.2,0.5,4.7,0,0
2026/01/04,nagoya,7,-0.4,3.1,0,0
2026/01/04,kobe,8.3,2.4,5.2,0,0
2026/01/04,nagasaki,10.9,6.4,8.7,0,0
2026/01/04,kumamoto,9.8,0.3,5.6,0,0
2026/01/04,sapporo,-2.7,-7.5,-4.5,0,0
2026/01/04,morioka,4.2,-0.8,1.5,0,0
2026/01/04,hiroshima,8.9,-1.3,3.5,0,0
2026/01/04,takamatsu,9.6,2.9,6.3,0,0
2026/01/04,chitose,-1.4,-7.4,-3.4,0,0
2026/01/04,yokkaichi,10.1,1.7,5.3,0,0
2026/01/04,mito,10.1,-1.3,3.4,0,0
2026/01/05,tokyo,10.6,0.7,5,0,0
2026/01/05,osaka,11.6,4.7,7.9,0,0
2026/01/05,nagoya,10.4,0.8,5.3,0,0
2026/01/05,kobe,10.6,4.9,7.8,0,0
2026/01/05,nagasaki,10.8,5.5,8.4,0,0
2026/01/05,kumamoto,10.9,4.1,7.4,0,0
2026/01/05,sapporo,-5.9,-18.2,-9.9,0,0
2026/01/05,morioka,2.5,-2.9,-0.2,0,0
2026/01/05,hiroshima,10.4,2.7,6,0,0
2026/01/05,takamatsu,11.9,5.8,8.5,0,0
2026/01/05,chitose,-4.4,-13.7,-8.5,0,0
2026/01/05,yokkaichi,12.6,1.1,6.8,0,0
2026/01/05,mito,10.5,-2.3,3,0,0
2026/01/06,tokyo,11,2.6,6,0,0
2026/01/06,osaka,8.7,2.4,5.4,0,0
2026/01/06,nagoya,8.1,0.9,4.2,0,0
2026/01/06,kobe,8.2,2,5.1,0,0
2026/01/06,nagasaki,10.5,4,6.6,0,0
2026/01/06,kumamoto,9.2,-1.5,3.5,0,0
2026/01/06,sapporo,-8.4,-19.1,-13.7,0,0
2026/01/06,morioka,-0.7,-4.9,-2.5,0,0
2026/01/06,hiroshima,9.9,-0.2,4,0,0
2026/01/06,takamatsu,9.5,2.6,6.2,0,0
2026/01/06,chitose,-4.1,-15.3,-10.3,0,0
2026/01/06,yokkaichi,8,0.6,4.9,0,0
2026/01/06,mito,9,0.1,3.3,0,0
2026/01/07,tokyo,5.9,1.4,3.1,0,0
2026/01/07,osaka,9.6,0.3,5,0,0
2026/01/07,nagoya,8.1,-0.9,3,0,0
2026/01/07,kobe,9.3,3.6,6.6,0,0
2026/01/07,nagasaki,11.4,2.9,7.5,0,0
2026/01/07,kumamoto,10.9,-0.7,5.1,0,0
2026/01/07,sapporo,1,-13.5,-5.8,0,0
2026/01/07,morioka,2.4,-4.8,-0.9,0,0
2026/01/07,hiroshima,11.3,-0.8,4.8,0,0
2026/01/07,takamatsu,11.1,1.6,6.7,0,0
2026/01/07,chitose,1.8,-13.5,-4.9,0,0
2026/01/07,yokkaichi,8.9,0,3.6,0,0
2026/01/07,mito,6.2,-0.9,1.5,0,0
2026/01/08,tokyo,9.3,-2,3,0,0
2026/01/08,osaka,9.2,2.4,5.4,0,0
2026/01/08,nagoya,7.3,0.9,3.2,0,0
2026/01/08,kobe,8.4,1.4,5,0,0
2026/01/08,nagasaki,7.2,2.4,5.3,0,0
2026/01/08,kumamoto,7.1,0.4,4.9,0,0
2026/01/08,sapporo,-0.8,-6.6,-4.5,0,0
2026/01/08,morioka,1.5,-5.7,-1.1,0,0
2026/01/08,hiroshima,6.6,2.2,4.5,0,0
2026/01/08,takamatsu,9.2,3.4,6.4,0,0
2026/01/08,chitose,-0.2,-10.4,-4.7,0,0
2026/01/08,yokkaichi,7.7,1.3,4,0,0
2026/01/08,mito,9.8,-3,1.5,0,0
2026/01/09,tokyo,9.2,1.3,4.9,0,0
2026/01/09,osaka,7.6,0.2,3.4,0,0
2026/01/09,nagoya,7.7,-0.6,2.8,0,0
2026/01/09,kobe,6.7,0.7,3.5,0,0
2026/01/09,nagasaki,8.5,0.4,4.8,0,0
2026/01/09,kumamoto,7.7,-3.2,1.8,0,0
2026/01/09,sapporo,-3.5,-11.5,-6.6,0,0
2026/01/09,morioka,1.4,-8.9,-2.2,0,0
2026/01/09,hiroshima,9.1,1.1,4.4,0,0
2026/01/09,takamatsu,9,1.6,4.8,0,0
2026/01/09,chitose,-3.2,-12.4,-7.8,0,0
2026/01/09,yokkaichi,7.9,-0.1,3.5,0,0
2026/01/09,mito,7.1,-3.8,0.8,0,0
2026/01/10,tokyo,13.9,0.6,7.6,0,0
2026/01/10,osaka,14.3,-0.5,7,0,0
2026/01/10,nagoya,9.6,-2.1,3.7,0,0
2026/01/10,kobe,13.7,1.9,7.9,0,0
2026/01/10,nagasaki,15.7,7.8,12.2,0,0
2026/01/10,kumamoto,15.6,0.5,9,0,0
2026/01/10,sapporo,3.7,-6.9,-1.4,0,0
2026/01/10,morioka,8.1,-0.5,2.7,0,0
2026/01/10,hiroshima,13.7,0.7,7.8,0,0
2026/01/10,takamatsu,15.4,-0.9,8.1,0,0
2026/01/10,chitose,3.8,-8.9,-1.1,0,0
2026/01/10,yokkaichi,9.4,-0.4,3.8,0,0
2026/01/10,mito,12.3,-1.8,6.4,0,0
2026/01/11,tokyo,16.5,4.3,11.5,0,0
2026/01/11,osaka,12.1,0.3,5.5,0,0
2026/01/11,nagoya,9.2,-1.2,4,0,0
2026/01/11,kobe,11.3,-0.9,4.2,0,0
2026/01/11,nagasaki,9.1,3,4.4,0,0
2026/01/11,kumamoto,9.1,1.4,4,0,0
2026/01/11,sapporo,4.3,-3.1,1.3,0,0
2026/01/11,morioka,4.9,-2,1.9,0,0
2026/01/11,hiroshima,7,-0.1,2.3,0,0
2026/01/11,takamatsu,11.2,0.7,4.5,0,0
2026/01/11,chitose,5.8,-3.7,1.7,0,0
2026/01/11,yokkaichi,10.1,0.1,5.2,0,0
2026/01/11,mito,13.1,2,8.3,0,0
2026/01/12,tokyo,9,-0.1,4.7,0,0
2026/01/12,osaka,6.3,-0.3,3.1,0,0
2026/01/12,nagoya,3.7,-2.9,0,0,0
2026/01/12,kobe,5.6,-0.9,2.4,0,0
2026/01/12,nagasaki,11.5,2.1,6.5,0,0
2026/01/12,kumamoto,6.9,-0.8,3.5,0,0
2026/01/12,sapporo,-2.8,-9.3,-5.1,0,0
2026/01/12,morioka,-0.6,-3.8,-2.2,0,0
2026/01/12,hiroshima,7.9,0.6,3.9,0,0
2026/01/12,takamatsu,7.1,1.4,4.1,0,0
2026/01/12,chitose,-3,-6.1,-4.3,0,0
2026/01/12,yokkaichi,6.6,-0.8,2.1,0,0
2026/01/12,mito,8.6,-2.2,2.4,0,0
2026/01/13,tokyo,14.3,-2.2,6.7,0,0
2026/01/13,osaka,12.1,2.5,7.6,0,0
2026/01/13,nagoya,8.1,-1.7,2.9,0,0
2026/01/13,kobe,11.2,5.4,8.2,0,0
2026/01/13,nagasaki,13.3,7.6,11,0,0
2026/01/13,kumamoto,12.8,6.5,9.1,0,0
2026/01/13,sapporo,-1.3,-7.7,-4.8,0,0
2026/01/13,morioka,3.2,-3.6,-0.2,0,0
2026/01/13,hiroshima,12,5.8,8.4,0,0
2026/01/13,takamatsu,13.3,3.3,8.4,0,0
2026/01/13,chitose,1.7,-8,-3.9,0,0
2026/01/13,yokkaichi,11.9,0.4,5.2,0,0
2026/01/13,mito,12.5,-3.2,3.9,0,0
2026/01/14,tokyo,11.2,3.3,6.9,0,0
2026/01/14,osaka,8.8,2.5,6.2,0,0
2026/01/14,nagoya,6.8,0.7,3.8,0,0
2026/01/14,kobe,8.1,3.4,5.5,0,0
2026/01/14,nagasaki,11.2,4.6,7.5,0,0
2026/01/14,kumamoto,10.6,1.5,5.7,0,0
2026/01/14,sapporo,-7.4,-11.1,-9.6,0,0
2026/01/14,morioka,-2,-6.8,-3.7,0,0
2026/01/14,hiroshima,10.1,1,5.3,0,0
2026/01/14,takamatsu,11.1,5.2,7.6,0,0
2026/01/14,chitose,-6.6,-12.6,-9.1,0,0
2026/01/14,yokkaichi,8.4,2.1,6.1,0,0
2026/01/14,mito,9.8,-1.4,4,0,0
2026/01/15,tokyo,11,1.2,6.7,0,0
2026/01/15,osaka,12.6,-0.9,5.6,0,0
2026/01/15,nagoya,8.4,-1.3,3.6,0,0
2026/01/15,kobe,11.7,2.7,7.7,0,0
2026/01/15,nagasaki,17.7,5.9,12.6,0,0
2026/01/15,kumamoto,15.2,-1.3,7.1,0,0
2026/01/15,sapporo,-3.7,-9.8,-7.4,0,0
2026/01/15,morioka,3.7,-4.8,0.2,0,0
2026/01/15,hiroshima,11.7,-0.3,5.9,0,0
2026/01/15,takamatsu,13.7,0.4,7.7,0,0
2026/01/15,chitose,-2.1,-9.3,-6.1,0,0
2026/01/15,yokkaichi,8.3,-0.8,4,0,0
2026/01/15,mito,11.6,-2.3,3.5,0,0
2026/01/16,tokyo,17.6,3.5,10.5,0,0
2026/01/16,osaka,15.4,4.7,10,0,0
2026/01/16,nagoya,13.5,0.5,6.5,0,0
2026/01/16,kobe,13.4,7.8,10.3,0,0
2026/01/16,nagasaki,17.1,7.3,11.1,0,0
2026/01/16,kumamoto,17.3,6.2,10.5,0,0
2026/01/16,sapporo,-1.6,-8,-5.3,0,0
2026/01/16,morioka,3.7,0.9,2.2,0,0
2026/01/16,hiroshima,14.2,2.4,7.4,0,0
2026/01/16,takamatsu,15.2,6.1,10.8,0,0
2026/01/16,chitose,-0.6,-13.6,-6.8,0,0
2026/01/16,yokkaichi,15,2,7.3,0,0
2026/01/16,mito,14.8,-0.4,5.8,0,0
2026/01/17,tokyo,15.3,3.1,9.2,0,0
2026/01/17,osaka,13.7,1.5,7.8,0,0
2026/01/17,nagoya,14.3,0.6,6.9,0,0
2026/01/17,kobe,12.9,6.4,9.4,0,0
2026/01/17,nagasaki,16.4,3.8,9.7,0,0
2026/01/17,kumamoto,16.4,4.4,9.4,0,0
2026/01/17,sapporo,-2.6,-8.9,-6.2,0,0
2026/01/17,morioka,2.6,-1,0.9,0,0
2026/01/17,hiroshima,14.3,0.4,5.9,0,0
2026/01/17,takamatsu,16.1,5.1,9.9,0,0
2026/01/17,chitose,0.2,-12.5,-6.1,0,0
2026/01/17,yokkaichi,15.2,1.9,7.7,0,0
2026/01/17,mito,14.2,-0.3,6.1,0,0
2026/01/18,tokyo,12.8,5.7,8.9,0,0
2026/01/18,osaka,13.1,2.9,7.8,0,0
2026/01/18,nagoya,13.8,2.3,7,0,0
2026/01/18,kobe,12.2,5.6,8.1,0,0
2026/01/18,nagasaki,16.9,5.1,10,0,0
2026/01/18,kumamoto,16.9,1.4,8.4,0,0
2026/01/18,sapporo,-5.9,-15,-9.7,0,0
2026/01/18,morioka,0.4,-6.1,-1.3,0,0
2026/01/18,hiroshima,13.7,0.3,5.6,0,0
2026/01/18,takamatsu,12.2,6.6,9.1,0,0
2026/01/18,chitose,-1.7,-11.9,-7.9,0,0
2026/01/18,yokkaichi,13.7,3,7.4,0,0
2026/01/18,mito,10.5,0.9,5.3,0,0
2026/01/19,tokyo,12.2,5.1,7.9,0,0
2026/01/19,osaka,15.4,2,8.4,0,0
2026/01/19,nagoya,13,0.3,6.7,0,0
2026/01/19,kobe,14,4.9,9.8,0,0
2026/01/19,nagasaki,16.5,6.1,10.9,0,0
2026/01/19,kumamoto,16.9,3.1,9.7,0,0
2026/01/19,sapporo,-1.1,-15.9,-7,0,0
2026/01/19,morioka,1.7,-12,-3.3,0,0
2026/01/19,hiroshima,13.7,0.6,7.2,0,0
2026/01/19,takamatsu,15.5,4.1,10,0,0
2026/01/19,chitose,-1.3,-12.9,-6.1,0,0
2026/01/19,yokkaichi,11.7,2.9,7.3,0,0
2026/01/19,mito,10.6,0.1,5,0,0
2026/01/20,tokyo,8.2,2.2,5.9,0,0
2026/01/20,osaka,11.2,1.6,5.9,0,0
2026/01/20,nagoya,9.2,0.2,5.3,0,0
2026/01/20,kobe,10.7,-0.4,4.4,0,0
2026/01/20,nagasaki,10.5,4.7,8.1,0,0
2026/01/20,kumamoto,9.9,3.5,7.5,0,0
2026/01/20,sapporo,-3.4,-10,-7,0,0
2026/01/20,morioka,2.1,-7.8,-3.4,0,0
2026/01/20,hiroshima,9.2,1.3,5.5,0,0
2026/01/20,takamatsu,10.8,2.1,6.5,0,0
2026/01/20,chitose,-4.2,-12.3,-8.3,0,0
2026/01/20,yokkaichi,9.7,1.2,5.7,0,0
2026/01/20,mito,6.8,0.7,3.5,0,0
2026/01/21,tokyo,5.8,1,2.7,0,0
2026/01/21,osaka,5.2,0.1,2.4,0,0
2026/01/21,nagoya,5.6,-0.9,1.5,0,0
2026/01/21,kobe,3.9,-1.6,1.1,0,0
2026/01/21,nagasaki,6.4,2.6,4.6,0,0
2026/01/21,kumamoto,6.2,1,3.1,0,0
2026/01/21,sapporo,-4.5,-11,-7.1,0,0
2026/01/21,morioka,-1.9,-10.3,-6.2,0,0
2026/01/21,hiroshima,5.6,-0.2,2.1,0,0
2026/01/21,takamatsu,6.1,-1.3,2.7,0,0
2026/01/21,chitose,-3.7,-20.3,-12.6,0,0
2026/01/21,yokkaichi,5.4,0.2,2.6,0,0
2026/01/21,mito,5.8,-0.8,1.7,0,0
2026/01/22,tokyo,6.4,-1.1,2.4,0,0
2026/01/22,osaka,5.5,-0.3,2.2,0,0
2026/01/22,nagoya,2.4,-3.1,0.1,0,0
2026/01/22,kobe,4.6,-0.8,1.4,0,0
2026/01/22,nagasaki,4,1.4,2.5,0,0
2026/01/22,kumamoto,4.4,-0.5,1.5,0,0
2026/01/22,sapporo,-5.2,-14.1,-9.8,0,0
2026/01/22,morioka,-1.6,-11.1,-6.6,0,0
2026/01/22,hiroshima,3.7,-0.1,1.1,0,0
2026/01/22,takamatsu,4.7,0.8,2.4,0,0
2026/01/22,chitose,-4.1,-16.1,-11.1,0,0
2026/01/22,yokkaichi,3.3,-0.5,1.1,0,0
2026/01/22,mito,4.8,-2.7,0.5,0,0
2026/01/23,tokyo,8.1,-3.5,2.9,0,0
2026/01/23,osaka,6.7,-0.6,2.9,0,0
2026/01/23,nagoya,4.4,-5.8,-0.6,0,0
2026/01/23,kobe,5.4,-0.9,2.1,0,0
2026/01/23,nagasaki,6.6,3,4.3,0,0
2026/01/23,kumamoto,5.5,0.3,3,0,0
2026/01/23,sapporo,-6.8,-18.6,-13.1,0,0
2026/01/23,morioka,-1.1,-9.9,-5.6,0,0
2026/01/23,hiroshima,5.9,0.3,2.5,0,0
2026/01/23,takamatsu,6,1.3,3.7,0,0
2026/01/23,chitose,-4.9,-17.3,-12.9,0,0
2026/01/23,yokkaichi,6.4,-0.6,2.7,0,0
2026/01/23,mito,7.2,-3.7,0.7,0,0
2026/01/24,tokyo,10.4,-3,3.8,0,0
2026/01/24,osaka,7.5,0.9,4.1,0,0
2026/01/24,nagoya,7,-2.3,1.9,0,0
2026/01/24,kobe,6.6,1.2,3.2,0,0
2026/01/24,nagasaki,9.7,2.7,5.8,0,0
2026/01/24,kumamoto,9.1,1.7,4.5,0,0
2026/01/24,sapporo,-6.8,-21.1,-13.4,0,0
2026/01/24,morioka,-0.6,-9.9,-5.8,0,0
2026/01/24,hiroshima,6.2,1.1,3.2,0,0
2026/01/24,takamatsu,7.7,2.4,4.6,0,0
2026/01/24,chitose,-3.8,-21.3,-12.8,0,0
2026/01/24,yokkaichi,8.3,0.5,4,0,0
2026/01/24,mito,9.3,-5.5,1.1,0,0
2026/01/25,tokyo,7.2,0.5,3.3,0,0
2026/01/25,osaka,5.7,1.4,3.1,0,0
2026/01/25,nagoya,4.9,-0.5,1.3,0,0
2026/01/25,kobe,4.8,0.1,1.9,0,0
2026/01/25,nagasaki,7.5,1.8,4.7,0,0
2026/01/25,kumamoto,7.2,-0.9,3.7,0,0
2026/01/25,sapporo,-4.1,-14.6,-7.4,0,0
2026/01/25,morioka,-2.2,-9.9,-6.4,0,0
2026/01/25,hiroshima,5.2,1.8,3,0,0
2026/01/25,takamatsu,6.5,2.5,4.2,0,0
2026/01/25,chitose,-4.1,-16.2,-9.8,0,0
2026/01/25,yokkaichi,5.2,1.1,2.6,0,0
2026/01/25,mito,5,-1.8,1,0,0
2026/01/26,tokyo,7.9,-0.5,3.9,0,0
2026/01/26,osaka,5.4,0.7,2.9,0,0
2026/01/26,nagoya,5.2,-0.8,1.6,0,0
2026/01/26,kobe,4.1,-0.4,1.8,0,0
2026/01/26,nagasaki,8.6,-0.9,3.9,0,0
2026/01/26,kumamoto,8.2,-4.4,1.6,0,0
2026/01/26,sapporo,-6.8,-19.9,-12.3,0,0
2026/01/26,morioka,-1.3,-14.8,-6.5,0,0
2026/01/26,hiroshima,7.7,1.1,3.7,0,0
2026/01/26,takamatsu,6.7,2,4.1,0,0
2026/01/26,chitose,-3.3,-16.4,-10.4,0,0
2026/01/26,yokkaichi,5.7,0.6,2.5,0,0
2026/01/26,mito,5.7,-1.2,1.1,0,0
2026/01/27,tokyo,9.8,1.4,5.4,0,0
2026/01/27,osaka,9.3,-0.2,4.6,0,0
2026/01/27,nagoya,6.9,-1.6,2.3,0,0
2026/01/27,kobe,8.5,2,5.2,0,0
2026/01/27,nagasaki,8.7,3.2,6.4,0,0
2026/01/27,kumamoto,9.5,1.7,5.6,0,0
2026/01/27,sapporo,-3,-12.5,-7.3,0,0
2026/01/27,morioka,2.5,-2.4,-0.3,0,0
2026/01/27,hiroshima,8.4,2.9,5.4,0,0
2026/01/27,takamatsu,10.1,1.8,6.8,0,0
2026/01/27,chitose,-2.1,-16.8,-8.7,0,0
2026/01/27,yokkaichi,10.2,-0.1,4.6,0,0
2026/01/27,mito,9.8,-0.2,4,0,0
2026/01/28,tokyo,9,1.6,5.2,0,0
2026/01/28,osaka,7.3,2.7,4.6,0,0
2026/01/28,nagoya,8.6,1.1,4.1,0,0
2026/01/28,kobe,5.8,2,3.8,0,0
2026/01/28,nagasaki,9.1,1.4,4.8,0,0
2026/01/28,kumamoto,9,-2.7,2.7,0,0
2026/01/28,sapporo,-5.1,-11,-8.1,0,0
2026/01/28,morioka,1.4,-8.7,-3.2,0,0
2026/01/28,hiroshima,8.2,1.2,4.3,0,0
2026/01/28,takamatsu,8.4,3.1,6,0,0
2026/01/28,chitose,-3.7,-8.7,-6.7,0,0
2026/01/28,yokkaichi,7.7,1.7,4.6,0,0
2026/01/28,mito,6.8,0.4,3.1,0,0
2026/01/29,tokyo,8,1.5,4.5,0,0
2026/01/29,osaka,7.9,0.3,4.2,0,0
2026/01/29,nagoya,6.3,-1,2.4,0,0
2026/01/29,kobe,6.9,0.5,3.4,0,0
2026/01/29,nagasaki,8.6,1.2,4.9,0,0
2026/01/29,kumamoto,8.4,-3.1,2.8,0,0
2026/01/29,sapporo,-3.8,-12,-8.5,0,0
2026/01/29,morioka,0.1,-10.7,-5.4,0,0
2026/01/29,hiroshima,6.1,0.6,3.5,0,0
2026/01/29,takamatsu,8,2.9,5,0,0
2026/01/29,chitose,-3.5,-8.6,-6.5,0,0
2026/01/29,yokkaichi,7.8,0.8,3.8,0,0
2026/01/29,mito,8,-0.9,2.4,0,0
2026/01/30,tokyo,8.9,-1.8,3.3,0,0
2026/01/30,osaka,6.2,0.3,3.2,0,0
2026/01/30,nagoya,4.8,-2.1,1.2,0,0
2026/01/30,kobe,5.6,-0.5,2,0,0
2026/01/30,nagasaki,9,3.3,5.5,0,0
2026/01/30,kumamoto,8.3,1.4,4.4,0,0
2026/01/30,sapporo,-2.3,-17.6,-8.4,0,0
2026/01/30,morioka,0.1,-10.8,-4.4,0,0
2026/01/30,hiroshima,7,1.8,3.9,0,0
2026/01/30,takamatsu,6.8,2.4,4.5,0,0
2026/01/30,chitose,-2,-13.8,-7.4,0,0
2026/01/30,yokkaichi,5.3,0.8,2.6,0,0
2026/01/30,mito,6.7,-3.3,1.4,0,0
2026/01/31,tokyo,8.6,-0.3,4,0,0
2026/01/31,osaka,6.4,1.5,3.4,0,0
2026/01/31,nagoya,6.1,-1.8,1.5,0,0
2026/01/31,kobe,5.5,0.6,2.6,0,0
2026/01/31,nagasaki,9.6,3,5.3,0,0
2026/01/31,kumamoto,7.9,-1.6,2.8,0,0
2026/01/31,sapporo,-1.5,-6.8,-3.1,0,0
2026/01/31,morioka,0.3,-8.6,-4.6,0,0
2026/01/31,hiroshima,9.2,-0.4,3.7,0,0
2026/01/31,takamatsu,8,1.7,4.6,0,0
2026/01/31,chitose,-1.1,-10.9,-5,0,0
2026/01/31,yokkaichi,6.2,1,3.2,0,0
2026/01/31,mito,7.6,-2.1,1.7,0,0
2026/02/01,tokyo,10.6,-1.1,4.9,0,0
2026/02/01,osaka,8.9,0.5,4.6,0,0
2026/02/01,nagoya,6.9,-2.4,2.3,0,0
2026/02/01,kobe,7.8,1.5,4.4,0,0
2026/02/01,nagasaki,9.2,4.2,6.7,0,0
2026/02/01,kumamoto,8.3,-0.8,3.9,0,0
2026/02/01,sapporo,-3.8,-12.2,-7.2,0,0
2026/02/01,morioka,1,-9.6,-3.5,0,0
2026/02/01,hiroshima,6.6,-0.7,3.6,0,0
2026/02/01,takamatsu,8.1,3.3,5.7,0,0
2026/02/01,chitose,-1.2,-12.7,-7.8,0,0
2026/02/01,yokkaichi,8.8,-0.1,3.8,0,0
2026/02/01,mito,9.3,-4.3,2.4,0,0
2026/02/02,tokyo,10.7,0.6,6,0,0
2026/02/02,osaka,8.4,0.4,5,0,0
2026/02/02,nagoya,7.2,1.5,3.8,0,0
2026/02/02,kobe,7.2,1.1,4.2,0,0
2026/02/02,nagasaki,10.4,4.7,6.5,0,0
2026/02/02,kumamoto,9.7,0.5,4.6,0,0
2026/02/02,sapporo,-3.7,-10.6,-7.2,0,0
2026/02/02,morioka,0.6,-7.2,-3.7,0,0
2026/02/02,hiroshima,8.3,1.8,4.1,0,0
2026/02/02,takamatsu,8.9,3.3,5.6,0,0
2026/02/02,chitose,-0.2,-14.9,-8.4,0,0
2026/02/02,yokkaichi,8.4,0.3,3.8,0,0
2026/02/02,mito,10.5,-1.2,3.6,0,0
2026/02/03,tokyo,9.9,2.3,5.6,0,0
2026/02/03,osaka,8,1.1,4.2,0,0
2026/02/03,nagoya,8.2,-1.1,2.9,0,0
2026/02/03,kobe,6.6,1,3.6,0,0
2026/02/03,nagasaki,9.8,2.6,5.5,0,0
2026/02/03,kumamoto,8.7,-0.6,3.7,0,0
2026/02/03,sapporo,-2.8,-15.4,-8.1,0,0
2026/02/03,morioka,1.1,-6.5,-2,0,0
2026/02/03,hiroshima,7.2,-0.1,3,0,0
2026/02/03,takamatsu,8,1.5,4.6,0,0
2026/02/03,chitose,-0.3,-16.8,-7.8,0,0
2026/02/03,yokkaichi,7.9,0.1,3.6,0,0
2026/02/03,mito,9.3,-1.2,2.9,0,0
2026/02/04,tokyo,11,-0.3,5.6,0,0
2026/02/04,osaka,9.1,-1.5,3.9,0,0
2026/02/04,nagoya,9.8,-2.1,3.5,0,0
2026/02/04,kobe,8.3,1.4,4.9,0,0
2026/02/04,nagasaki,13.3,1.9,7.8,0,0
2026/02/04,kumamoto,11.8,-0.3,5.5,0,0
2026/02/04,sapporo,2.7,-5.3,-0.8,0,0
2026/02/04,morioka,4,-0.8,1.8,0,0
2026/02/04,hiroshima,11.8,-0.8,4.3,0,0
2026/02/04,takamatsu,11.2,1.7,5.9,0,0
2026/02/04,chitose,5.3,-6.2,-0.4,0,0
2026/02/04,yokkaichi,9.9,-1.2,3.5,0,0
2026/02/04,mito,11.2,-2.4,3.7,0,0
2026/02/05,tokyo,13.4,2,8.1,0,0
2026/02/05,osaka,11.4,-0.1,5.6,0,0
2026/02/05,nagoya,12.1,0.6,6.4,0,0
2026/02/05,kobe,9.7,3.7,7.2,0,0
2026/02/05,nagasaki,15.9,5.4,10.5,0,0
2026/02/05,kumamoto,15.3,3.2,9.2,0,0
2026/02/05,sapporo,-1.5,-11.4,-4.6,0,0
2026/02/05,morioka,5.7,-1,2.4,0,0
2026/02/05,hiroshima,11.4,-0.5,4.7,0,0
2026/02/05,takamatsu,12.5,4.2,7.8,0,0
2026/02/05,chitose,0.9,-12,-3.9,0,0
2026/02/05,yokkaichi,12.7,-0.4,5.9,0,0
2026/02/05,mito,14,-1.6,6,0,0
2026/02/06,tokyo,15.8,1.4,8.5,0,0
2026/02/06,osaka,13.1,2.2,6.8,0,0
2026/02/06,nagoya,12.7,2.2,6.9,0,0
2026/02/06,kobe,12.7,4.2,7.7,0,0
2026/02/06,nagasaki,14,8,10.5,0,0
2026/02/06,kumamoto,13.8,7.6,10.1,0,0
2026/02/06,sapporo,0.1,-9.4,-4.1,0,0
2026/02/06,morioka,3.6,-4.8,0,0,0
2026/02/06,hiroshima,13.1,2,6.4,0,0
2026/02/06,takamatsu,14.1,6.4,9.8,0,0
2026/02/06,chitose,0.9,-10,-4.1,0,0
2026/02/06,yokkaichi,14.4,1.6,7.1,0,0
2026/02/06,mito,13.4,-1.7,5.2,0,0
2026/02/07,tokyo,5.9,0.6,2.7,0,0
2026/02/07,osaka,8.6,3.7,6.1,0,0
2026/02/07,nagoya,7.4,2,4.5,0,0
2026/02/07,kobe,6.8,2.4,4.7,0,0
2026/02/07,nagasaki,9.7,2.9,6.3,0,0
2026/02/07,kumamoto,10.3,3.3,6.5,0,0
2026/02/07,sapporo,-5.7,-16.6,-10,0,0
2026/02/07,morioka,-2.2,-11.4,-6,0,0
2026/02/07,hiroshima,9,2.5,5.1,0,0
2026/02/07,takamatsu,8.2,4.2,6,0,0
2026/02/07,chitose,-4.6,-20.6,-11,0,0
2026/02/07,yokkaichi,8.1,3.1,5.4,0,0
2026/02/07,mito,3.2,-0.5,2,0,0
2026/02/08,tokyo,0.3,-3.4,-1.8,0,0
2026/02/08,osaka,5.3,-1.5,1.3,0,0
2026/02/08,nagoya,4.4,-2.7,0.6,0,0
2026/02/08,kobe,3.4,-3.6,-0.2,0,0
2026/02/08,nagasaki,2.5,-0.2,0.8,0,0
2026/02/08,kumamoto,2.8,-2.7,0.4,0,0
2026/02/08,sapporo,-5.1,-19.6,-10.9,0,0
2026/02/08,morioka,-2.1,-12.7,-7.6,0,0
2026/02/08,hiroshima,2.1,-3.1,-0.7,0,0
2026/02/08,takamatsu,3.5,-0.4,1.5,0,0
2026/02/08,chitose,-3.5,-24,-12.7,0,0
2026/02/08,yokkaichi,4.3,-1.5,1.7,0,0
2026/02/08,mito,0.4,-4.6,-1.6,0,0
2026/02/09,tokyo,9.1,-3.1,2.6,0,0
2026/02/09,osaka,5.3,-2.9,1.4,0,0
2026/02/09,nagoya,5.9,-2.9,1.8,0,0
2026/02/09,kobe,4.9,-3.6,0.5,0,0
2026/02/09,nagasaki,8.1,-0.7,3.4,0,0
2026/02/09,kumamoto,7.2,-4.8,1,0,0
2026/02/09,sapporo,-4.8,-10.1,-7.3,0,0
2026/02/09,morioka,-0.6,-12,-4.5,0,0
2026/02/09,hiroshima,5,-3.8,0.6,0,0
2026/02/09,takamatsu,6.7,-0.3,3,0,0
2026/02/09,chitose,-3.8,-14.5,-7.7,0,0
2026/02/09,yokkaichi,6.5,-1.8,2.2,0,0
2026/02/09,mito,6,-6.7,-0.9,0,0
2026/02/10,tokyo,10.7,-0.5,5.1,0,0
2026/02/10,osaka,8.8,-1.2,3.7,0,0
2026/02/10,nagoya,9,-2.2,3.3,0,0
2026/02/10,kobe,8.3,0.9,5,0,0
2026/02/10,nagasaki,10.9,3.5,7.7,0,0
2026/02/10,kumamoto,10.2,-1.8,4.2,0,0
2026/02/10,sapporo,0.9,-7.7,-3.2,0,0
2026/02/10,morioka,4.4,-0.9,1,0,0
2026/02/10,hiroshima,6.7,-2.7,2.3,0,0
2026/02/10,takamatsu,7.5,-1.3,3.6,0,0
2026/02/10,chitose,2.8,-9,-2.3,0,0
2026/02/10,yokkaichi,7,-0.5,3.7,0,0
2026/02/10,mito,10.6,-2.4,3.2,0,0
2026/02/11,tokyo,9,0.8,5.3,0,0
2026/02/11,osaka,10.2,5.1,6.9,0,0
2026/02/11,nagoya,10.1,3.5,6.3,0,0
2026/02/11,kobe,9.6,5,6.9,0,0
2026/02/11,nagasaki,11.6,7,9.4,0,0
2026/02/11,kumamoto,11.1,5.2,8.5,0,0
2026/02/11,sapporo,1.1,-3.4,-0.6,0,0
2026/02/11,morioka,5.5,-2.1,2.2,0,0
2026/02/11,hiroshima,10.4,3.2,6,0,0
2026/02/11,takamatsu,10.8,5.8,7.6,0,0
2026/02/11,chitose,2.6,-6.5,-0.4,0,0
2026/02/11,yokkaichi,10.3,4.8,7,0,0
2026/02/11,mito,7.8,-1,3,0,0
2026/02/12,tokyo,10.2,3.8,6.5,0,0
2026/02/12,osaka,9.5,2.6,6.4,0,0
2026/02/12,nagoya,9.6,2.2,5.8,0,0
2026/02/12,kobe,9.7,4.3,6.8,0,0
2026/02/12,nagasaki,12.5,4.9,8.6,0,0
2026/02/12,kumamoto,11.7,2.8,6.8,0,0
2026/02/12,sapporo,-3.1,-8.5,-5.6,0,0
2026/02/12,morioka,3,-3,0.3,0,0
2026/02/12,hiroshima,12.3,0.6,5.1,0,0
2026/02/12,takamatsu,11.9,4.7,8.1,0,0
2026/02/12,chitose,-1.5,-14.9,-8.5,0,0
2026/02/12,yokkaichi,9.8,2.3,6,0,0
2026/02/12,mito,10,-0.9,4.1,0,0
2026/02/13,tokyo,12,2.4,6.4,0,0
2026/02/13,osaka,10.1,0.2,5.7,0,0
2026/02/13,nagoya,11.9,1.8,6.4,0,0
2026/02/13,kobe,10.1,3.6,6.4,0,0
2026/02/13,nagasaki,13.9,1.8,7.8,0,0
2026/02/13,kumamoto,13.7,2.1,7.3,0,0
2026/02/13,sapporo,-0.8,-12.7,-5.3,0,0
2026/02/13,morioka,4.1,-5,0.5,0,0
2026/02/13,hiroshima,10.4,-1.9,3.9,0,0
2026/02/13,takamatsu,12.1,3.8,7.9,0,0
2026/02/13,chitose,1,-17.7,-5.3,0,0
2026/02/13,yokkaichi,12.8,1.5,5.8,0,0
2026/02/13,mito,11.3,-2.8,4.1,0,0
2026/02/14,tokyo,15,1.2,8.2,0,0
2026/02/14,osaka,13.9,0.7,7.6,0,0
2026/02/14,nagoya,13.9,1.3,7.5,0,0
2026/02/14,kobe,12.8,4.6,9.2,0,0
2026/02/14,nagasaki,14.6,6.3,10.6,0,0
2026/02/14,kumamoto,15.6,1.3,8.2,0,0
2026/02/14,sapporo,0.3,-8.8,-3.7,0,0
2026/02/14,morioka,7.1,-4.1,1.1,0,0
2026/02/14,hiroshima,12.4,-0.2,6.2,0,0
2026/02/14,takamatsu,13.9,1.9,8.3,0,0
2026/02/14,chitose,2.3,-10.5,-3.2,0,0
2026/02/14,yokkaichi,11.3,1.5,6.6,0,0
2026/02/14,mito,14.5,-2,6.2,0,0
2026/02/15,tokyo,18.1,5.4,11.6,0,0
2026/02/15,osaka,16.4,8,11.6,0,0
2026/02/15,nagoya,17.7,7.1,11.6,0,0
2026/02/15,kobe,15.4,9.5,12.1,0,0
2026/02/15,nagasaki,17.9,8.6,13.3,0,0
2026/02/15,kumamoto,18,9.3,12.6,0,0
2026/02/15,sapporo,4.6,-1.1,1.9,0,0
2026/02/15,morioka,10.8,-4.2,3.3,0,0
2026/02/15,hiroshima,14.2,6.9,9.6,0,0
2026/02/15,takamatsu,14.7,9.1,11.7,0,0
2026/02/15,chitose,5.4,-5.4,1.5,0,0
2026/02/15,yokkaichi,14.2,7.9,10.9,0,0
2026/02/15,mito,17.5,1.8,9.1,0,0
2026/02/16,tokyo,15.4,6,11,0,0
2026/02/16,osaka,11.8,4.8,8.9,0,0
2026/02/16,nagoya,15,3.7,8.9,0,0
2026/02/16,kobe,11,3.3,7.9,0,0
2026/02/16,nagasaki,14.7,6.4,10.1,0,0
2026/02/16,kumamoto,13.6,8.3,10.9,0,0
2026/02/16,sapporo,-1.9,-6.1,-3.6,0,0
2026/02/16,morioka,4.1,-1.6,1.4,0,0
2026/02/16,hiroshima,10.6,2.2,6.2,0,0
2026/02/16,takamatsu,11.1,5.7,9.1,0,0
2026/02/16,chitose,-1.3,-12.1,-5.5,0,0
2026/02/16,yokkaichi,13.2,4.3,9.1,0,0
2026/02/16,mito,12.3,2.9,7.6,0,0
2026/02/17,tokyo,7.1,2.8,5.1,0,0
2026/02/17,osaka,10,2.4,5.9,0,0
2026/02/17,nagoya,9.8,1.2,5.4,0,0
2026/02/17,kobe,8.5,1.5,4.6,0,0
2026/02/17,nagasaki,13.4,6.2,9.5,0,0
2026/02/17,kumamoto,13.6,6.2,9,0,0
2026/02/17,sapporo,1.1,-5.3,-2.2,0,0
2026/02/17,morioka,2.9,-6.9,-1.3,0,0
2026/02/17,hiroshima,10.4,0.8,4.6,0,0
2026/02/17,takamatsu,9.2,3.3,6,0,0
2026/02/17,chitose,1.5,-6.5,-2.4,0,0
2026/02/17,yokkaichi,10.8,1.9,6,0,0
2026/02/17,mito,8.3,1.6,4.6,0,0
2026/02/18,tokyo,11.6,3.4,7.2,0,0
2026/02/18,osaka,11.4,-0.5,5.2,0,0
2026/02/18,nagoya,12.3,0.4,5.4,0,0
2026/02/18,kobe,10.6,1.5,5.5,0,0
2026/02/18,nagasaki,10.9,6.9,8.7,0,0
2026/02/18,kumamoto,11.7,3,7.3,0,0
2026/02/18,sapporo,2,-1.7,0.2,0,0
2026/02/18,morioka,7.6,-7.5,-0.2,0,0
2026/02/18,hiroshima,10.8,-1.8,4.1,0,0
2026/02/18,takamatsu,12.6,2,7.1,0,0
2026/02/18,chitose,2.5,-1.1,0.7,0,0
2026/02/18,yokkaichi,12.9,0.4,5.9,0,0
2026/02/18,mito,11.5,2.9,6.4,0,0
2026/02/19,tokyo,9.8,1.5,5,0,0
2026/02/19,osaka,8.3,1.4,4.4,0,0
2026/02/19,nagoya,7.9,0.8,3.6,0,0
2026/02/19,kobe,7.7,0.3,3.6,0,0
2026/02/19,nagasaki,12.5,4.2,9.1,0,0
2026/02/19,kumamoto,12.5,2.9,7.8,0,0
2026/02/19,sapporo,0,-4.4,-1.7,0,0
2026/02/19,morioka,-0.7,-4.4,-2.1,0,0
2026/02/19,hiroshima,8.9,-0.8,4,0,0
2026/02/19,takamatsu,9.5,2.3,5.5,0,0
2026/02/19,chitose,0.1,-4.7,-1.7,0,0
2026/02/19,yokkaichi,7.9,1,4.1,0,0
2026/02/19,mito,9.8,-0.5,3.6,0,0
2026/02/20,tokyo,10.8,0.2,5.5,0,0
2026/02/20,osaka,9.6,-0.1,4.9,0,0
2026/02/20,nagoya,10.4,-1.7,4.5,0,0
2026/02/20,kobe,8.9,2.3,5.3,0,0
2026/02/20,nagasaki,14.4,7.5,10.4,0,0
2026/02/20,kumamoto,14,6.1,9.4,0,0
2026/02/20,sapporo,-2.1,-12.2,-5,0,0
2026/02/20,morioka,6.5,-3.8,0.4,0,0
2026/02/20,hiroshima,11.1,1.6,5.4,0,0
2026/02/20,takamatsu,11.5,3.6,6.8,0,0
2026/02/20,chitose,0.4,-12.5,-4.7,0,0
2026/02/20,yokkaichi,8.6,-1.1,3.8,0,0
2026/02/20,mito,8.8,-1.3,3.8,0,0
2026/02/21,tokyo,14.7,3,9,0,0
2026/02/21,osaka,15,0.5,8,0,0
2026/02/21,nagoya,16,1,8.1,0,0
2026/02/21,kobe,12.3,4.6,8.4,0,0
2026/02/21,nagasaki,15.6,6.2,11.1,0,0
2026/02/21,kumamoto,16.2,2.7,9.4,0,0
2026/02/21,sapporo,5.8,-3.9,1.9,0,0
2026/02/21,morioka,11.7,-6.6,1.4,0,0
2026/02/21,hiroshima,12.9,-0.8,5.9,0,0
2026/02/21,takamatsu,14.5,2.7,8.2,0,0
2026/02/21,chitose,5.5,-5.5,1.9,0,0
2026/02/21,yokkaichi,13.1,0.4,6.9,0,0
2026/02/21,mito,13.1,1.2,7.1,0,0
2026/02/22,tokyo,17.5,2.4,11.2,0,0
2026/02/22,osaka,21.2,4.7,13.2,0,0
2026/02/22,nagoya,19.7,5.5,12.5,0,0
2026/02/22,kobe,17,7.8,12.5,0,0
2026/02/22,nagasaki,19.7,11.4,15.5,0,0
2026/02/22,kumamoto,22.1,3.4,13,0,0
2026/02/22,sapporo,4.9,2.2,3.6,0,0
2026/02/22,morioka,14.5,-1.9,5,0,0
2026/02/22,hiroshima,17,3.7,11.2,0,0
2026/02/22,takamatsu,22.3,2.6,13.3,0,0
2026/02/22,chitose,6.2,1.6,3.8,0,0
2026/02/22,yokkaichi,15.5,5.9,11.2,0,0
2026/02/22,mito,16.1,1.7,9.4,0,0
2026/02/23,tokyo,22.8,12.2,17.6,0,0
2026/02/23,osaka,18.6,9.7,14.6,0,0
2026/02/23,nagoya,17.3,9.2,13.6,0,0
2026/02/23,kobe,16,8.1,12.8,0,0
2026/02/23,nagasaki,16.1,6.6,11.2,0,0
2026/02/23,kumamoto,18.1,6.6,12.6,0,0
2026/02/23,sapporo,5.7,-4.7,2.3,0,0
2026/02/23,morioka,7.3,2.8,4.7,0,0
2026/02/23,hiroshima,15.2,5.3,10.3,0,0
2026/02/23,takamatsu,18,9.8,14.1,0,0
2026/02/23,chitose,5.6,-2.6,2.6,0,0
2026/02/23,yokkaichi,18,7.6,13.2,0,0
2026/02/23,mito,21.1,10.1,14.6,0,0
2026/02/24,tokyo,19.2,10.6,13.8,0,0
2026/02/24,osaka,20,5.6,12.1,0,0
2026/02/24,nagoya,19.4,5.7,12.3,0,0
2026/02/24,kobe,17.5,6.4,11.4,0,0
2026/02/24,nagasaki,15.4,6.5,11,0,0
2026/02/24,kumamoto,18.4,4.7,11.3,0,0
2026/02/24,sapporo,0.9,-8.5,-3.3,0,0
2026/02/24,morioka,9.9,2.6,5.1,0,0
2026/02/24,hiroshima,15.8,1.5,7.9,0,0
2026/02/24,takamatsu,16.2,6.6,11.1,0,0
2026/02/24,chitose,1.9,-7.2,-2,0,0
2026/02/24,yokkaichi,16.5,4.3,10.4,0,0
2026/02/24,mito,12.9,9.1,10.4,0,0
2026/02/25,tokyo,13.1,6.5,9.4,0,0
2026/02/25,osaka,12.9,10,11.2,0,0
2026/02/25,nagoya,16,12.6,13.9,0,0
2026/02/25,kobe,11.4,9.2,10.3,0,0
2026/02/25,nagasaki,17.5,10.3,13.4,0,0
2026/02/25,kumamoto,18.3,10.7,13.2,0,0
2026/02/25,sapporo,0.3,-12.3,-6,0,0
2026/02/25,morioka,5.5,-3.6,1.7,0,0
2026/02/25,hiroshima,15.7,7.6,10.3,0,0
2026/02/25,takamatsu,11.2,9.4,10.3,0,0
2026/02/25,chitose,1.9,-8.7,-3.4,0,0
2026/02/25,yokkaichi,14.4,12,13,0,0
2026/02/25,mito,10.8,5.7,8.3,0,0
2026/02/26,tokyo,12.1,5.7,8.5,0,0
2026/02/26,osaka,16.2,9.8,12.1,0,0
2026/02/26,nagoya,17.1,9.1,12.3,0,0
2026/02/26,kobe,13.7,9.3,11.1,0,0
2026/02/26,nagasaki,19.6,9.5,14,0,0
2026/02/26,kumamoto,19.7,8.6,13.8,0,0
2026/02/26,sapporo,1.8,-11.2,-2.6,0,0
2026/02/26,morioka,9.9,-4.5,2.1,0,0
2026/02/26,hiroshima,17,6.2,11.2,0,0
2026/02/26,takamatsu,14.2,9.7,11.5,0,0
2026/02/26,chitose,2.4,-7.3,-0.9,0,0
2026/02/26,yokkaichi,16.2,9.4,12.2,0,0
2026/02/26,mito,11.3,5.8,8.2,0,0
2026/02/27,tokyo,16.2,7.9,11.4,0,0
2026/02/27,osaka,17.2,8.9,11.9,0,0
2026/02/27,nagoya,15.6,9.9,12.4,0,0
2026/02/27,kobe,16.2,9.5,12.4,0,0
2026/02/27,nagasaki,14.1,11.3,13,0,0
2026/02/27,kumamoto,15.8,11.7,14.2,0,0
2026/02/27,sapporo,2.1,0.6,1.2,0,0
2026/02/27,morioka,10.4,2.4,5.4,0,0
2026/02/27,hiroshima,12.9,9.3,11.2,0,0
2026/02/27,takamatsu,14.2,9.3,11.4,0,0
2026/02/27,chitose,5,0.4,2.1,0,0
2026/02/27,yokkaichi,14.6,9.3,11.9,0,0
2026/02/27,mito,15.9,6.3,10.4,0,0
2026/02/28,tokyo,17.8,9.6,12.6,0,0
2026/02/28,osaka,13.6,8.4,11.1,0,0
2026/02/28,nagoya,15.2,8,11.6,0,0
2026/02/28,kobe,12.4,7.3,10.2,0,0
2026/02/28,nagasaki,16.1,9.4,11.9,0,0
2026/02/28,kumamoto,18.4,8.7,12.5,0,0
2026/02/28,sapporo,3.7,0.7,2,0,0
2026/02/28,morioka,11.6,3.1,5.9,0,0
2026/02/28,hiroshima,13.2,5.2,9.9,0,0
2026/02/28,takamatsu,13.3,6.8,10.7,0,0
2026/02/28,chitose,5.2,1.2,2.4,0,0
2026/02/28,yokkaichi,13.5,7.9,11,0,0
2026/02/28,mito,17.8,8.5,11.9,0,0
2026/03/01,tokyo,16.7,6.9,11.5,0,0
2026/03/01,osaka,16.4,6.7,10,0,0
2026/03/01,nagoya,17.4,5.4,10.2,0,0
2026/03/01,kobe,14.3,5.6,9,0,0
2026/03/01,nagasaki,18.4,7.9,12.5,0,0
2026/03/01,kumamoto,18,5.4,11.6,0,0
2026/03/01,sapporo,0.9,-2,-0.7,0,0
2026/03/01,morioka,7.4,-0.1,3.1,0,0
2026/03/01,hiroshima,16,3.4,8.7,0,0
2026/03/01,takamatsu,12.7,3.9,8.3,0,0
2026/03/01,chitose,1.1,-2.2,-0.2,0,0
2026/03/01,yokkaichi,17.7,5,10.1,0,0
2026/03/01,mito,15.8,5,9.7,0,0
2026/03/02,tokyo,13.1,8.1,10.5,0,0
2026/03/02,osaka,14.9,6.1,9.8,0,0
2026/03/02,nagoya,17.1,5.1,11.2,0,0
2026/03/02,kobe,14.5,6.2,9.5,0,0
2026/03/02,nagasaki,12.5,11.1,11.6,0,0
2026/03/02,kumamoto,15.1,10.5,12.7,0,0
2026/03/02,sapporo,0.2,-1.7,-0.7,0,0
2026/03/02,morioka,10,-2.6,2.8,0,0
2026/03/02,hiroshima,12.7,5.6,8.4,0,0
2026/03/02,takamatsu,11.4,6.7,8.8,0,0
2026/03/02,chitose,1.7,-2.1,-0.4,0,0
2026/03/02,yokkaichi,14.4,4.2,9.6,0,0
2026/03/02,mito,12.1,3.8,8.8,0,0
2026/03/03,tokyo,10.4,4.3,7.5,0,0
2026/03/03,osaka,13.4,10.5,12.1,0,0
2026/03/03,nagoya,15.7,10.4,11.8,0,0
2026/03/03,kobe,12.2,9.2,11.3,0,0
2026/03/03,nagasaki,15.1,10,11.9,0,0
2026/03/03,kumamoto,16.3,10,12.6,0,0
2026/03/03,sapporo,1.7,-2.8,-0.9,0,0
2026/03/03,morioka,7.5,-3.7,1.8,0,0
2026/03/03,hiroshima,14.6,8.5,10.2,0,0
2026/03/03,takamatsu,12.1,8.8,10.6,0,0
2026/03/03,chitose,2.5,-3.1,-0.5,0,0
2026/03/03,yokkaichi,13.4,10.5,11.5,0,0
2026/03/03,mito,9.4,4.1,7.3,0,0
2026/03/04,tokyo,13.9,4.5,8,0,0
2026/03/04,osaka,10.3,5.8,8.2,0,0
2026/03/04,nagoya,11.4,4.8,8.6,0,0
2026/03/04,kobe,9.4,4.4,7.1,0,0
2026/03/04,nagasaki,14.9,8.2,10.9,0,0
2026/03/04,kumamoto,15,6.9,10.3,0,0
2026/03/04,sapporo,1.3,-2,-0.1,0,0
2026/03/04,morioka,4.6,0.1,2.1,0,0
2026/03/04,hiroshima,11.3,5.3,8.3,0,0
2026/03/04,takamatsu,11.4,6.3,8.8,0,0
2026/03/04,chitose,1.6,-0.5,0.4,0,0
2026/03/04,yokkaichi,10.8,5.4,8.5,0,0
2026/03/04,mito,11,3.3,6.4,0,0
2026/03/05,tokyo,14.6,5.4,8.5,0,0
2026/03/05,osaka,12.1,4.5,7.5,0,0
2026/03/05,nagoya,12.3,3.8,7,0,0
2026/03/05,kobe,11.7,3.7,6.6,0,0
2026/03/05,nagasaki,16.3,6.7,10.9,0,0
2026/03/05,kumamoto,16.8,3.7,9.2,0,0
2026/03/05,sapporo,2.5,-0.2,1,0,0
2026/03/05,morioka,9.2,2.3,4.9,0,0
2026/03/05,hiroshima,14.1,2.6,7.4,0,0
2026/03/05,takamatsu,11.8,4.4,7.8,0,0
2026/03/05,chitose,5.7,0,1.5,0,0
2026/03/05,yokkaichi,11.8,3.7,7.2,0,0
2026/03/05,mito,12.4,3.4,7.1,0,0
2026/03/06,tokyo,13.2,3.5,7.9,0,0
2026/03/06,osaka,15.1,2.7,8.6,0,0
2026/03/06,nagoya,13.7,1.9,8.3,0,0
2026/03/06,kobe,12.4,3.8,8.4,0,0
2026/03/06,nagasaki,13.7,8.6,11.4,0,0
2026/03/06,kumamoto,14.4,6.6,9.3,0,0
2026/03/06,sapporo,2.5,-1.2,1.4,0,0
2026/03/06,morioka,11.3,0.8,5.2,0,0
2026/03/06,hiroshima,9.4,4.3,6.8,0,0
2026/03/06,takamatsu,11.1,4.9,8.1,0,0
2026/03/06,chitose,6.3,-0.2,2.5,0,0
2026/03/06,yokkaichi,12.9,1.1,7.9,0,0
2026/03/06,mito,12,0.6,7.8,0,0
2026/03/07,tokyo,15.1,6.8,10.8,0,0
2026/03/07,osaka,11,4.8,8.2,0,0
2026/03/07,nagoya,11.6,4.2,8.1,0,0
2026/03/07,kobe,10.4,3.2,7.1,0,0
2026/03/07,nagasaki,10.4,5.2,7.7,0,0
2026/03/07,kumamoto,10.9,3.6,7,0,0
2026/03/07,sapporo,2.9,-1,1.2,0,0
2026/03/07,morioka,8.3,2.4,4.2,0,0
2026/03/07,hiroshima,10.9,3.5,7,0,0
2026/03/07,takamatsu,10.7,5.7,8,0,0
2026/03/07,chitose,4.9,-0.9,1.5,0,0
2026/03/07,yokkaichi,10.8,4.7,8.3,0,0
2026/03/07,mito,15.5,6.1,10,0,0
2026/03/08,tokyo,10.6,3.2,6.4,0,0
2026/03/08,osaka,9.2,2.8,5.5,0,0
2026/03/08,nagoya,8.6,1.8,4.7,0,0
2026/03/08,kobe,8.2,1.6,4.5,0,0
2026/03/08,nagasaki,11.5,3,7.3,0,0
2026/03/08,kumamoto,11.9,-0.9,5.9,0,0
2026/03/08,sapporo,1.8,-0.9,0.2,0,0
2026/03/08,morioka,6.6,0.1,2.8,0,0
2026/03/08,hiroshima,12.1,2.8,6.1,0,0
2026/03/08,takamatsu,10.4,3.7,6.6,0,0
2026/03/08,chitose,2.9,-2.5,0.5,0,0
2026/03/08,yokkaichi,8.2,2.9,5,0,0
2026/03/08,mito,9.5,2.7,5.8,0,0
2026/03/09,tokyo,11.6,2.2,6.6,0,0
2026/03/09,osaka,10.2,1.2,5.8,0,0
2026/03/09,nagoya,11.1,0.8,5.5,0,0
2026/03/09,kobe,8.7,2,5.5,0,0
2026/03/09,nagasaki,12.5,4.3,8.3,0,0
2026/03/09,kumamoto,12.5,2.6,7.2,0,0
2026/03/09,sapporo,0.8,-8.7,-2.6,0,0
2026/03/09,morioka,4.4,-1.4,1.7,0,0
2026/03/09,hiroshima,9.8,-1.2,4.8,0,0
2026/03/09,takamatsu,9.9,3.2,6.6,0,0
2026/03/09,chitose,3.7,-5.7,-0.6,0,0
2026/03/09,yokkaichi,10.8,1,5.6,0,0
2026/03/09,mito,10.7,1.3,5.6,0,0
2026/03/10,tokyo,8.2,2.3,4.9,0,0
2026/03/10,osaka,9.7,4.1,6.2,0,0
2026/03/10,nagoya,10,2.4,5.7,0,0
2026/03/10,kobe,8.7,2.6,5.2,0,0
2026/03/10,nagasaki,12.6,5.1,8.3,0,0
2026/03/10,kumamoto,12.8,2.2,7.5,0,0
2026/03/10,sapporo,0.1,-13.3,-5.3,0,0
2026/03/10,morioka,5.9,-3.6,1.2,0,0
2026/03/10,hiroshima,9.2,1.3,5.4,0,0
2026/03/10,takamatsu,8.8,4.4,6.4,0,0
2026/03/10,chitose,3.7,-6.4,-1.7,0,0
2026/03/10,yokkaichi,9.7,2.9,5.7,0,0
2026/03/10,mito,7.8,1.2,3.9,0,0
2026/03/11,tokyo,10.1,0.5,5.5,0,0
2026/03/11,osaka,11.6,0.7,5.7,0,0
2026/03/11,nagoya,11.6,-0.1,5.2,0,0
2026/03/11,kobe,9.7,1.8,5.2,0,0
2026/03/11,nagasaki,13.3,2.8,8.2,0,0
2026/03/11,kumamoto,12.5,-0.4,6.5,0,0
2026/03/11,sapporo,0.7,-12.4,-4.5,0,0
2026/03/11,morioka,7.7,-5.1,1.1,0,0
2026/03/11,hiroshima,11.1,-1.7,4.2,0,0
2026/03/11,takamatsu,10.4,1.1,6,0,0
2026/03/11,chitose,3.8,-5.2,-1,0,0
2026/03/11,yokkaichi,11.5,-0.8,4.9,0,0
2026/03/11,mito,11,-1.9,4.2,0,0
2026/03/12,tokyo,11.2,3.4,7,0,0
2026/03/12,osaka,11.8,1,6.2,0,0
2026/03/12,nagoya,13.8,0.4,6.4,0,0
2026/03/12,kobe,10.5,2.3,5.9,0,0
2026/03/12,nagasaki,14.3,5.1,9.2,0,0
2026/03/12,kumamoto,15.6,1.6,8.3,0,0
2026/03/12,sapporo,1.3,-6.3,-1.5,0,0
2026/03/12,morioka,8.6,-2.5,2.4,0,0
2026/03/12,hiroshima,13.4,-0.3,5.8,0,0
2026/03/12,takamatsu,11.6,3.7,7.1,0,0
2026/03/12,chitose,2.4,-4.2,-0.5,0,0
2026/03/12,yokkaichi,12.8,0.5,6,0,0
2026/03/12,mito,12.3,0.7,5.5,0,0
2026/03/13,tokyo,10,2.8,6.6,0,0
2026/03/13,osaka,10.2,4.1,6.6,0,0
2026/03/13,nagoya,12.2,3,7,0,0
2026/03/13,kobe,8.5,3.6,5.6,0,0
2026/03/13,nagasaki,10.6,5.8,7.7,0,0
2026/03/13,kumamoto,11.4,3.4,6.9,0,0
2026/03/13,sapporo,2,-0.6,0.7,0,0
2026/03/13,morioka,8.6,-3.7,2.2,0,0
2026/03/13,hiroshima,9.3,2.5,5,0,0
2026/03/13,takamatsu,9.9,4,6.3,0,0
2026/03/13,chitose,4.3,-0.8,1.6,0,0
2026/03/13,yokkaichi,11.3,1.7,6.5,0,0
2026/03/13,mito,11.8,0.5,5.7,0,0
2026/03/14,tokyo,15.4,5,9.3,0,0
2026/03/14,osaka,13,5.5,8.7,0,0
2026/03/14,nagoya,17.1,4.9,9.3,0,0
2026/03/14,kobe,11.3,4.9,7.5,0,0
2026/03/14,nagasaki,14.6,5.6,9.1,0,0
2026/03/14,kumamoto,16.2,3,8.5,0,0
2026/03/14,sapporo,2.8,0,1.6,0,0
2026/03/14,morioka,13.6,-3.8,4.2,0,0
2026/03/14,hiroshima,14.1,3.2,7.2,0,0
2026/03/14,takamatsu,12.8,5.1,8,0,0
2026/03/14,chitose,5.8,0.1,2.9,0,0
2026/03/14,yokkaichi,14.3,4.1,8.5,0,0
2026/03/14,mito,13.5,3.4,7.6,0,0
2026/03/15,tokyo,15.3,4.5,10.1,0,0
2026/03/15,osaka,13,6.1,8.9,0,0
2026/03/15,nagoya,15.8,4.8,9.2,0,0
2026/03/15,kobe,12,4.4,7.3,0,0
2026/03/15,nagasaki,15.7,4.8,9.8,0,0
2026/03/15,kumamoto,16.1,1.7,9,0,0
2026/03/15,sapporo,4.1,-2.9,1.9,0,0
2026/03/15,morioka,10.4,3.3,5.9,0,0
2026/03/15,hiroshima,13.4,1.8,7.4,0,0
2026/03/15,takamatsu,12,4.5,8.2,0,0
2026/03/15,chitose,8,-4.6,3.1,0,0
2026/03/15,yokkaichi,13.9,5.7,9,0,0
2026/03/15,mito,14.3,3.2,8.3,0,0
2026/03/16,tokyo,13.7,6.9,9.8,0,0
2026/03/16,osaka,14.8,4.2,9.3,0,0
2026/03/16,nagoya,16.6,4.7,9.9,0,0
2026/03/16,kobe,13.4,4.2,8.2,0,0
2026/03/16,nagasaki,16.1,6.5,10.9,0,0
2026/03/16,kumamoto,17,3.8,10.5,0,0
2026/03/16,sapporo,5.6,-7.2,-0.4,0,0
2026/03/16,morioka,8,0.4,3.9,0,0
2026/03/16,hiroshima,14.3,1.9,8.1,0,0
2026/03/16,takamatsu,14.3,5.4,9.5,0,0
2026/03/16,chitose,7.5,-5.1,1,0,0
2026/03/16,yokkaichi,15.7,4.8,9.2,0,0
2026/03/16,mito,13.8,3.9,8.3,0,0
2026/03/17,tokyo,14.5,7.6,10.9,0,0
2026/03/17,osaka,16.4,5,10.4,0,0
2026/03/17,nagoya,17.5,4.3,10.8,0,0
2026/03/17,kobe,12.9,5.7,9,0,0
2026/03/17,nagasaki,17.1,6.7,11.4,0,0
2026/03/17,kumamoto,18,4.2,11.4,0,0
2026/03/17,sapporo,3.9,-6.7,-1.1,0,0
2026/03/17,morioka,9.7,-2.3,2.8,0,0
2026/03/17,hiroshima,15,2.5,8.6,0,0
2026/03/17,takamatsu,14.2,6.4,9.8,0,0
2026/03/17,chitose,5.7,-5.6,-0.3,0,0
2026/03/17,yokkaichi,15.4,2.9,9.1,0,0
2026/03/17,mito,14.1,3.3,8.4,0,0
2026/03/18,tokyo,16.9,7.9,12.4,0,0
2026/03/18,osaka,14.8,4.7,9.9,0,0
2026/03/18,nagoya,16.1,4.4,10.5,0,0
2026/03/18,kobe,13.9,6.6,10.2,0,0
2026/03/18,nagasaki,17.6,8.3,13.2,0,0
2026/03/18,kumamoto,18,6.6,12,0,0
2026/03/18,sapporo,8.3,-8,0.6,0,0
2026/03/18,morioka,12.3,-3.7,3.8,0,0
2026/03/18,hiroshima,10.4,2.4,7,0,0
2026/03/18,takamatsu,12.2,5.7,9.1,0,0
2026/03/18,chitose,8.2,-6,1,0,0
2026/03/18,yokkaichi,12.9,3.1,8.8,0,0
2026/03/18,mito,13.7,4.9,9.7,0,0
2026/03/19,tokyo,19.5,10.6,14.1,0,0
2026/03/19,osaka,14.8,7.2,11.6,0,0
2026/03/19,nagoya,16,6.6,11.4,0,0
2026/03/19,kobe,14.2,5.9,11.1,0,0
2026/03/19,nagasaki,17.1,9.8,13,0,0
2026/03/19,kumamoto,17.3,9.5,13.5,0,0
2026/03/19,sapporo,3.9,-0.1,2,0,0
2026/03/19,morioka,11.2,1.3,5.9,0,0
2026/03/19,hiroshima,15.8,6.3,11.1,0,0
2026/03/19,takamatsu,15,8,11.5,0,0
2026/03/19,chitose,3.3,-1.5,1.4,0,0
2026/03/19,yokkaichi,15.3,6.5,11.3,0,0
2026/03/19,mito,18,9.5,12.9,0,0
2026/03/20,tokyo,11.1,7.3,9.7,0,0
2026/03/20,osaka,12.2,3.3,8.2,0,0
2026/03/20,nagoya,14.9,3.6,8.9,0,0
2026/03/20,kobe,12,3.8,8,0,0
2026/03/20,nagasaki,16.6,6.9,11.7,0,0
2026/03/20,kumamoto,16.7,5.4,10.8,0,0
2026/03/20,sapporo,7.8,-5.4,1.6,0,0
2026/03/20,morioka,12.2,0.2,5.4,0,0
2026/03/20,hiroshima,15,2.4,8.1,0,0
2026/03/20,takamatsu,15.1,4.4,9.7,0,0
2026/03/20,chitose,7,-4.7,1.6,0,0
2026/03/20,yokkaichi,15.4,3,9.3,0,0
2026/03/20,mito,9.7,5.2,8,0,0
2026/03/21,tokyo,15.2,3.7,9.5,0,0
2026/03/21,osaka,13.8,4.5,8.6,0,0
2026/03/21,nagoya,16.1,2.4,8.5,0,0
2026/03/21,kobe,11.9,3,7.7,0,0
2026/03/21,nagasaki,17.6,7.5,12.4,0,0
2026/03/21,kumamoto,18.5,4.6,11.5,0,0
2026/03/21,sapporo,2,-4.6,0.2,0,0
2026/03/21,morioka,5.6,0.3,2.5,0,0
2026/03/21,hiroshima,14.7,1.7,7.9,0,0
2026/03/21,takamatsu,13,5.5,9,0,0
2026/03/21,chitose,3.4,-4,0.6,0,0
2026/03/21,yokkaichi,15.5,3,8.5,0,0
2026/03/21,mito,14.5,3.5,7.9,0,0
2026/03/22,tokyo,15.7,3.8,10.3,0,0
2026/03/22,osaka,14.5,3.3,9.3,0,0
2026/03/22,nagoya,15.6,1,9,0,0
2026/03/22,kobe,13.8,5.9,10.2,0,0
2026/03/22,nagasaki,19.1,10.2,13.5,0,0
2026/03/22,kumamoto,20.2,7.7,12.7,0,0
2026/03/22,sapporo,9.6,-5.3,2.1,0,0
2026/03/22,morioka,13,-2.2,4.6,0,0
2026/03/22,hiroshima,14.2,2,8.3,0,0
2026/03/22,takamatsu,14.5,4,9.4,0,0
2026/03/22,chitose,10.9,-4,2.5,0,0
2026/03/22,yokkaichi,13.4,0.9,8,0,0
2026/03/22,mito,14.3,1.8,9.1,0,0
2026/03/23,tokyo,15.8,9.2,11.5,0,0
2026/03/23,osaka,16.9,9.1,12.4,0,0
2026/03/23,nagoya,17,8.6,11.9,0,0
2026/03/23,kobe,16.3,9.3,12.1,0,0
2026/03/23,nagasaki,19.9,11.4,14.8,0,0
2026/03/23,kumamoto,20.4,9.5,14.4,0,0
2026/03/23,sapporo,9.7,0.7,3.8,0,0
2026/03/23,morioka,15.4,-0.6,6.4,0,0
2026/03/23,hiroshima,18.7,7,11.9,0,0
2026/03/23,takamatsu,17.5,9.5,12.3,0,0
2026/03/23,chitose,8,0.4,3.7,0,0
2026/03/23,yokkaichi,16.6,9.2,11.9,0,0
2026/03/23,mito,16,4.8,9.6,0,0
2026/03/24,tokyo,16.8,8.2,12.2,0,0
2026/03/24,osaka,17.5,6.9,11.7,0,0
2026/03/24,nagoya,18.2,6,12,0,0
2026/03/24,kobe,14.8,6.5,10.7,0,0
2026/03/24,nagasaki,19.8,10.2,14.8,0,0
2026/03/24,kumamoto,20.5,7.2,13.6,0,0
2026/03/24,sapporo,6.7,-3,3.3,0,0
2026/03/24,morioka,14,0.2,6.5,0,0
2026/03/24,hiroshima,17.3,3.8,10.5,0,0
2026/03/24,takamatsu,15.3,6.9,11,0,0
2026/03/24,chitose,9,-1.3,3.7,0,0
2026/03/24,yokkaichi,16.8,6,11.3,0,0
2026/03/24,mito,15.6,6.4,10.5,0,0
2026/03/25,tokyo,12.5,9.4,10.9,0,0
2026/03/25,osaka,14.2,8.8,11.2,0,0
2026/03/25,nagoya,14.1,8.3,11.2,0,0
2026/03/25,kobe,13.4,9.9,11.2,0,0
2026/03/25,nagasaki,14.1,11.6,13,0,0
2026/03/25,kumamoto,16,11.6,13.7,0,0
2026/03/25,sapporo,11.8,-4.7,2.9,0,0
2026/03/25,morioka,14.8,-3,5.6,0,0
2026/03/25,hiroshima,12.4,8.2,10,0,0
2026/03/25,takamatsu,12.2,9.1,10.3,0,0
2026/03/25,chitose,11.9,-3.4,2.9,0,0
2026/03/25,yokkaichi,12.3,9.3,10.8,0,0
2026/03/25,mito,14.8,5.6,10,0,0
2026/03/26,tokyo,13.3,9.9,11.3,0,0
2026/03/26,osaka,17.1,10.1,13.2,0,0
2026/03/26,nagoya,16.6,9.5,12.3,0,0
2026/03/26,kobe,16.4,9.5,12.5,0,0
2026/03/26,nagasaki,19.6,10.6,14,0,0
2026/03/26,kumamoto,19.7,10.5,13.9,0,0
2026/03/26,sapporo,9.6,-2.2,3.5,0,0
2026/03/26,morioka,8.3,2.7,6.1,0,0
2026/03/26,hiroshima,19.6,8.2,12.9,0,0
2026/03/26,takamatsu,16.5,10.1,12.7,0,0
2026/03/26,chitose,9.3,-2.4,3.3,0,0
2026/03/26,yokkaichi,17,9.7,12.5,0,0
2026/03/26,mito,11.7,9.7,10.5,0,0
2026/03/27,tokyo,16.5,9.2,12.8,0,0
2026/03/27,osaka,17.9,7.5,12.3,0,0
2026/03/27,nagoya,18.7,6.9,12.4,0,0
2026/03/27,kobe,15.7,7.5,11.8,0,0
2026/03/27,nagasaki,19.6,9,14.1,0,0
2026/03/27,kumamoto,19.6,7.8,13.1,0,0
2026/03/27,sapporo,6.3,2.2,4.1,0,0
2026/03/27,morioka,11.4,4.5,7.2,0,0
2026/03/27,hiroshima,17.2,3.6,10.8,0,0
2026/03/27,takamatsu,17.4,7.1,12,0,0
2026/03/27,chitose,5.2,2.2,3.6,0,0
2026/03/27,yokkaichi,16.2,6.2,11.2,0,0
2026/03/27,mito,14.3,8.4,11.1,0,0
2026/03/28,tokyo,17.7,9.5,13.6,0,0
2026/03/28,osaka,19.8,7.9,14,0,0
2026/03/28,nagoya,19.7,6.5,13.4,0,0
2026/03/28,kobe,18.5,10.1,14.6,0,0
2026/03/28,nagasaki,18.9,10.4,14.3,0,0
2026/03/28,kumamoto,20.1,8.8,14.2,0,0
2026/03/28,sapporo,7.6,1.9,4.5,0,0
2026/03/28,morioka,16.7,2.8,8,0,0
2026/03/28,hiroshima,18.9,4.7,11.8,0,0
2026/03/28,takamatsu,19.9,7.5,13.6,0,0
2026/03/28,chitose,6.7,2.2,4.2,0,0
2026/03/28,yokkaichi,15.9,6.4,11.3,0,0
2026/03/28,mito,17.7,7.7,12,0,0
2026/03/29,tokyo,20.3,10.4,15,0,0
2026/03/29,osaka,21.4,9,15.1,0,0
2026/03/29,nagoya,21.2,9,15,0,0
2026/03/29,kobe,19,10.3,14.9,0,0
2026/03/29,nagasaki,20.4,9.3,14.3,0,0
2026/03/29,kumamoto,21.2,10,15.1,0,0
2026/03/29,sapporo,8.8,1.5,5.1,0,0
2026/03/29,morioka,17.4,-0.9,7.7,0,0
2026/03/29,hiroshima,19.9,5.6,12.1,0,0
2026/03/29,takamatsu,19.2,9.7,14.5,0,0
2026/03/29,chitose,11.3,1,6,0,0
2026/03/29,yokkaichi,18.1,8.5,13.6,0,0
2026/03/29,mito,17.4,7.5,11.9,0,0
2026/03/30,tokyo,19.4,11.5,15.4,0,0
2026/03/30,osaka,21.4,11.7,16.7,0,0
2026/03/30,nagoya,21.2,11.5,16.2,0,0
2026/03/30,kobe,19.1,12.5,16,0,0
2026/03/30,nagasaki,20.6,11.3,15.8,0,0
2026/03/30,kumamoto,22.8,9,14.9,0,0
2026/03/30,sapporo,11.1,-0.3,5.4,0,0
2026/03/30,morioka,16.4,0.3,8.6,0,0
2026/03/30,hiroshima,20.8,5.9,13.7,0,0
2026/03/30,takamatsu,20.9,11.1,15.9,0,0
2026/03/30,chitose,10.6,-0.8,4.6,0,0
2026/03/30,yokkaichi,18.5,11.4,15.1,0,0
2026/03/30,mito,19.2,10,14.3,0,0
2026/03/31,tokyo,19.2,15.9,16.9,0,0
2026/03/31,osaka,23,14.4,17.8,0,0
2026/03/31,nagoya,19.5,14.3,16.3,0,0
2026/03/31,kobe,20.1,13.4,16.5,0,0
2026/03/31,nagasaki,18.7,12.8,16.9,0,0
2026/03/31,kumamoto,19.7,12.6,16.8,0,0
2026/03/31,sapporo,11.6,4.6,6.9,0,0
2026/03/31,morioka,10.9,4.8,8.1,0,0
2026/03/31,hiroshima,21.5,11.7,15,0,0
2026/03/31,takamatsu,24.3,13.9,18.1,0,0
2026/03/31,chitose,13.7,4.3,7.6,0,0
2026/03/31,yokkaichi,21.1,14.8,17,0,0
2026/03/31,mito,18.3,14.4,16.5,0,0
2026/04/01,tokyo,17.8,10.8,14.4,0,0
2026/04/01,osaka,14.4,11.4,13.1,0,0
2026/04/01,nagoya,13.9,11.9,13.1,0,0
2026/04/01,kobe,13.5,10.6,12.1,0,0
2026/04/01,nagasaki,15.5,11.4,12.9,0,0
2026/04/01,kumamoto,14.8,11.1,12.6,0,0
2026/04/01,sapporo,11.5,3.3,6.9,0,0
2026/04/01,morioka,16.2,6.8,10.6,0,0
2026/04/01,hiroshima,15.5,10.6,12.3,0,0
2026/04/01,takamatsu,13.8,11.5,12.4,0,0
2026/04/01,chitose,15.2,2.2,7.9,0,0
2026/04/01,yokkaichi,14.4,11.9,13.2,0,0
2026/04/01,mito,16.7,10.6,13.2,0,0
2026/04/02,tokyo,16.2,9,11,0,0
2026/04/02,osaka,17.1,9.7,13,0,0
2026/04/02,nagoya,15.8,8.4,11.9,0,0
2026/04/02,kobe,16.5,8.9,12.2,0,0
2026/04/02,nagasaki,17.6,11.2,13.8,0,0
2026/04/02,kumamoto,17.8,9.4,13.4,0,0
2026/04/02,sapporo,9.1,2.9,6.2,0,0
2026/04/02,morioka,6.6,1.8,3.6,0,0
2026/04/02,hiroshima,17.2,7.8,12.1,0,0
2026/04/02,takamatsu,17,10.6,13.2,0,0
2026/04/02,chitose,7.7,2.2,5.4,0,0
2026/04/02,yokkaichi,15.1,8.1,12,0,0
2026/04/02,mito,15,7.5,10.3,0,0
2026/04/03,tokyo,18.1,7,12.8,0,0
2026/04/03,osaka,19.3,6,12.8,0,0
2026/04/03,nagoya,19.4,5.9,12.5,0,0
2026/04/03,kobe,17.2,8.2,13,0,0
2026/04/03,nagasaki,19.4,9.9,15.1,0,0
2026/04/03,kumamoto,20.1,7.6,14,0,0
2026/04/03,sapporo,11.3,2.8,7.2,0,0
2026/04/03,morioka,15.1,1.5,8.1,0,0
2026/04/03,hiroshima,17.9,4,11.6,0,0
2026/04/03,takamatsu,18.6,10.1,13.9,0,0
2026/04/03,chitose,13.9,2.2,7.9,0,0
2026/04/03,yokkaichi,17.4,5.6,11.9,0,0
2026/04/03,mito,20,5.1,12.4,0,0
2026/04/04,tokyo,16,12.2,14.2,0,0
2026/04/04,osaka,19.1,12.4,15.4,0,0
2026/04/04,nagoya,16.6,12.8,14.9,0,0
2026/04/04,kobe,17.7,12.9,15.4,0,0
2026/04/04,nagasaki,21.2,14.4,16.9,0,0
2026/04/04,kumamoto,21.3,14,16.4,0,0
2026/04/04,sapporo,13.2,2.1,8,0,0
2026/04/04,morioka,16.6,1.7,9.8,0,0
2026/04/04,hiroshima,17.8,11.9,14.5,0,0
2026/04/04,takamatsu,17.5,12.8,16,0,0
2026/04/04,chitose,12.9,2.3,7.8,0,0
2026/04/04,yokkaichi,16.9,12.1,14.6,0,0
2026/04/04,mito,16.5,9.1,13.2,0,0
2026/04/05,tokyo,23.2,13.3,18.4,0,0
2026/04/05,osaka,21.5,14.1,17.7,0,0
2026/04/05,nagoya,21.6,14.6,17.5,0,0
2026/04/05,kobe,20,14,16.8,0,0
2026/04/05,nagasaki,18.4,11.7,15.1,0,0
2026/04/05,kumamoto,19.6,12.4,15.5,0,0
2026/04/05,sapporo,11.6,3.9,7.4,0,0
2026/04/05,morioka,16.6,9.5,13.3,0,0
2026/04/05,hiroshima,19.9,11.3,15.3,0,0
2026/04/05,takamatsu,19.9,14,16.7,0,0
2026/04/05,chitose,14.4,3.6,8.4,0,0
2026/04/05,yokkaichi,20.7,13.9,16.8,0,0
2026/04/05,mito,23.5,15.2,18.3,0,0
2026/04/06,tokyo,22.7,14.7,18.1,0,0
2026/04/06,osaka,21.1,13.4,17.1,0,0
2026/04/06,nagoya,23.4,11.3,17.3,0,0
2026/04/06,kobe,20.4,13.8,16.9,0,0
2026/04/06,nagasaki,20.8,11.4,16.6,0,0
2026/04/06,kumamoto,21.8,8.6,15.6,0,0
2026/04/06,sapporo,10.4,2.2,6,0,0
2026/04/06,morioka,21.4,7.6,13.8,0,0
2026/04/06,hiroshima,17.4,6.4,12.9,0,0
2026/04/06,takamatsu,21.4,12.8,16.8,0,0
2026/04/06,chitose,8.6,2.2,4.8,0,0
2026/04/06,yokkaichi,20.5,10.6,15.5,0,0
2026/04/06,mito,19.2,14.1,16,0,0
2026/04/07,tokyo,18.3,8.7,14.9,0,0
2026/04/07,osaka,16.7,8.6,13.1,0,0
2026/04/07,nagoya,16.8,7.2,13.2,0,0
2026/04/07,kobe,17.1,7.5,12.7,0,0
2026/04/07,nagasaki,17.9,9.4,14.6,0,0
2026/04/07,kumamoto,17.9,8.2,14.3,0,0
2026/04/07,sapporo,11,2.9,6.1,0,0
2026/04/07,morioka,14.7,4.3,8.9,0,0
2026/04/07,hiroshima,15.2,5.8,12,0,0
2026/04/07,takamatsu,16.6,9.2,13.3,0,0
2026/04/07,chitose,10.1,1.3,5.6,0,0
2026/04/07,yokkaichi,16.6,8.4,12.6,0,0
2026/04/07,mito,17.6,7.9,13.6,0,0
2026/04/08,tokyo,16.7,6.4,11.3,0,0
2026/04/08,osaka,16.6,6.5,11.6,0,0
2026/04/08,nagoya,17.3,5.7,11.1,0,0
2026/04/08,kobe,14.1,6.4,10.4,0,0
2026/04/08,nagasaki,17.2,6.3,11.9,0,0
2026/04/08,kumamoto,18.2,3.4,11.3,0,0
2026/04/08,sapporo,11.5,2.2,6.7,0,0
2026/04/08,morioka,13.6,1.1,6.7,0,0
2026/04/08,hiroshima,15.2,1.7,8.8,0,0
2026/04/08,takamatsu,15.2,6.7,10.7,0,0
2026/04/08,chitose,13.3,0.2,6.6,0,0
2026/04/08,yokkaichi,17.7,7.2,11.9,0,0
2026/04/08,mito,16.2,6.7,11.1,0,0
2026/04/09,tokyo,18.9,9.2,14.8,0,0
2026/04/09,osaka,17.4,6.1,12.6,0,0
2026/04/09,nagoya,18.3,6,12.7,0,0
2026/04/09,kobe,16.8,10.2,13.6,0,0
2026/04/09,nagasaki,18.8,12.8,15.9,0,0
2026/04/09,kumamoto,19.6,7.9,14,0,0
2026/04/09,sapporo,15.8,5,10.4,0,0
2026/04/09,morioka,20.3,-1,9.5,0,0
2026/04/09,hiroshima,15.2,8.4,11.4,0,0
2026/04/09,takamatsu,16,5.7,12,0,0
2026/04/09,chitose,14.9,5.3,9.7,0,0
2026/04/09,yokkaichi,16.4,8,12.5,0,0
2026/04/09,mito,20,7.9,14.3,0,0
2026/04/10,tokyo,20,15.7,17.8,0,0
2026/04/10,osaka,21.6,13.5,16.9,0,0
2026/04/10,nagoya,19.2,14.4,16.6,0,0
2026/04/10,kobe,21.8,14.6,18.1,0,0
2026/04/10,nagasaki,20.1,14.5,18.3,0,0
2026/04/10,kumamoto,21.9,14.8,19.2,0,0
2026/04/10,sapporo,15,8.4,10.5,0,0
2026/04/10,morioka,13,7.6,10.6,0,0
2026/04/10,hiroshima,23.3,13.2,16.9,0,0
2026/04/10,takamatsu,22.6,13.6,17.7,0,0
2026/04/10,chitose,13.9,7.5,9.6,0,0
2026/04/10,yokkaichi,18.5,14.2,16.2,0,0
2026/04/10,mito,19.1,14.6,17.2,0,0
2026/04/11,tokyo,25.5,15.3,19.8,0,0
2026/04/11,osaka,20.6,14.5,17.8,0,0
2026/04/11,nagoya,21.8,14.1,17.6,0,0
2026/04/11,kobe,20.4,14.9,17.3,0,0
2026/04/11,nagasaki,21,12.7,16.3,0,0
2026/04/11,kumamoto,21.9,12.8,16.9,0,0
2026/04/11,sapporo,11.8,2.9,8.4,0,0
2026/04/11,morioka,13.5,5.1,10.7,0,0
2026/04/11,hiroshima,19.2,12,15.4,0,0
2026/04/11,takamatsu,21.8,14.7,17.7,0,0
2026/04/11,chitose,11.8,3.5,8.5,0,0
2026/04/11,yokkaichi,22.5,14.4,17.6,0,0
2026/04/11,mito,24.5,13.8,18.2,0,0
2026/04/12,tokyo,21.4,12.2,16.6,0,0
2026/04/12,osaka,22,13.4,16.9,0,0
2026/04/12,nagoya,21.8,12.2,15.7,0,0
2026/04/12,kobe,18.6,12.8,15.7,0,0
2026/04/12,nagasaki,23.4,14.7,17.3,0,0
2026/04/12,kumamoto,22.2,14.5,17.5,0,0
2026/04/12,sapporo,9,2.4,5.5,0,0
2026/04/12,morioka,12.2,4.8,8.2,0,0
2026/04/12,hiroshima,21.6,11.3,16,0,0
2026/04/12,takamatsu,19.8,13.5,16.4,0,0
2026/04/12,chitose,9.9,2.4,5.7,0,0
2026/04/12,yokkaichi,21.5,11.7,15.8,0,0
2026/04/12,mito,22.6,11.1,16.1,0,0
2026/04/13,tokyo,22.6,12.2,17.6,0,0
2026/04/13,osaka,20,11.1,15.7,0,0
2026/04/13,nagoya,20.3,9.8,15.6,0,0
2026/04/13,kobe,19.5,13.4,16.8,0,0
2026/04/13,nagasaki,21.8,14.2,17.5,0,0
2026/04/13,kumamoto,23.4,14.3,17.7,0,0
2026/04/13,sapporo,12.1,1.8,6.7,0,0
2026/04/13,morioka,18.9,1.1,9.8,0,0
2026/04/13,hiroshima,22.1,12.6,16.2,0,0
2026/04/13,takamatsu,20.5,13.5,16.2,0,0
2026/04/13,chitose,13.8,1.7,7.2,0,0
2026/04/13,yokkaichi,17.7,10,14.4,0,0
2026/04/13,mito,24.4,12.2,17.3,0,0
2026/04/14,tokyo,23.5,14.2,18,0,0
2026/04/14,osaka,23.4,13.5,18.1,0,0
2026/04/14,nagoya,23.1,12.8,17.6,0,0
2026/04/14,kobe,21.6,14.9,17.9,0,0
2026/04/14,nagasaki,20.5,16.7,17.6,0,0
2026/04/14,kumamoto,20.1,15.6,17.7,0,0
2026/04/14,sapporo,12.5,1.6,6.5,0,0
2026/04/14,morioka,19.2,2.9,10.9,0,0
2026/04/14,hiroshima,19.7,12.9,15.9,0,0
2026/04/14,takamatsu,21.7,13,17.5,0,0
2026/04/14,chitose,15.9,-0.2,7.2,0,0
2026/04/14,yokkaichi,20.8,14,17,0,0
2026/04/14,mito,18,12.7,15,0,0
2026/04/15,tokyo,23.1,14.2,17.9,0,0
2026/04/15,osaka,20.2,14.4,17.1,0,0
2026/04/15,nagoya,17.8,13.2,15.8,0,0
2026/04/15,kobe,18.3,14,16.1,0,0
2026/04/15,nagasaki,21.3,14.3,17.4,0,0
2026/04/15,kumamoto,20.8,15.1,17.4,0,0
2026/04/15,sapporo,11.8,-1.1,5.3,0,0
2026/04/15,morioka,19.8,7.7,13.5,0,0
2026/04/15,hiroshima,17.9,13.9,15.6,0,0
2026/04/15,takamatsu,16.8,15.1,15.9,0,0
2026/04/15,chitose,14.1,1,6.9,0,0
2026/04/15,yokkaichi,17.8,13.8,16,0,0
2026/04/15,mito,20.5,12.7,16.1,0,0
2026/04/16,tokyo,21.3,10.6,15.6,0,0
2026/04/16,osaka,20.9,12.3,16,0,0
2026/04/16,nagoya,24.7,13.6,17.8,0,0
2026/04/16,kobe,19.7,11.5,15,0,0
2026/04/16,nagasaki,22.9,14,17.7,0,0
2026/04/16,kumamoto,24.6,13.5,18.5,0,0
2026/04/16,sapporo,15.1,2.2,8.6,0,0
2026/04/16,morioka,13.5,1.5,8.5,0,0
2026/04/16,hiroshima,23.5,10.7,16.8,0,0
2026/04/16,takamatsu,20.5,13.4,16.6,0,0
2026/04/16,chitose,16.8,4,8.9,0,0
2026/04/16,yokkaichi,21.1,11.8,16.4,0,0
2026/04/16,mito,18.2,9.6,13.9,0,0
2026/04/17,tokyo,17.8,8.3,12.9,0,0
2026/04/17,osaka,23.2,10.2,16.2,0,0
2026/04/17,nagoya,20.3,13.4,16,0,0
2026/04/17,kobe,21.4,11,15.9,0,0
2026/04/17,nagasaki,21.8,13.9,18.4,0,0
2026/04/17,kumamoto,23.2,11.6,17.1,0,0
2026/04/17,sapporo,14.1,3.3,8.3,0,0
2026/04/17,morioka,19.1,0.6,9.5,0,0
2026/04/17,hiroshima,18.2,9.6,14.5,0,0
2026/04/17,takamatsu,22.6,11,16.3,0,0
2026/04/17,chitose,11.2,2.6,6.8,0,0
2026/04/17,yokkaichi,17.4,11.2,15,0,0
2026/04/17,mito,15.3,7.5,11.3,0,0
2026/04/18,tokyo,21,11,15.9,0,0
2026/04/18,osaka,24.2,13.3,18.2,0,0
2026/04/18,nagoya,22.2,11.9,16.8,0,0
2026/04/18,kobe,22.1,13.7,17.6,0,0
2026/04/18,nagasaki,22.7,17,18.7,0,0
2026/04/18,kumamoto,24.1,15.6,18.3,0,0
2026/04/18,sapporo,18.1,6.5,11.5,0,0
2026/04/18,morioka,17.3,6.3,12,0,0
2026/04/18,hiroshima,21.9,13.8,17.3,0,0
2026/04/18,takamatsu,21.7,14.7,18.1,0,0
2026/04/18,chitose,17.2,5,10.1,0,0
2026/04/18,yokkaichi,20.4,12.6,15.9,0,0
2026/04/18,mito,21.2,8.5,15.4,0,0
2026/04/19,tokyo,24.6,13.5,18.4,0,0
2026/04/19,osaka,23.9,15.3,18.8,0,0
2026/04/19,nagoya,23.2,13.7,17.9,0,0
2026/04/19,kobe,22.1,15.6,18.2,0,0
2026/04/19,nagasaki,21.7,16.3,18,0,0
2026/04/19,kumamoto,21.9,16.2,18,0,0
2026/04/19,sapporo,12.7,6.8,9.7,0,0
2026/04/19,morioka,21.4,7.4,13.4,0,0
2026/04/19,hiroshima,19.6,14.1,16.8,0,0
2026/04/19,takamatsu,20.5,15.8,17.8,0,0
2026/04/19,chitose,15.4,5,9.7,0,0
2026/04/19,yokkaichi,21.5,14,17.1,0,0
2026/04/19,mito,21.1,11.3,16.1,0,0
2026/04/20,tokyo,23.6,14.4,18.5,0,0
2026/04/20,osaka,25.9,15.7,20.1,0,0
2026/04/20,nagoya,23.2,14.4,18.3,0,0
2026/04/20,kobe,23.4,16.7,18.9,0,0
2026/04/20,nagasaki,22.9,15.2,18.3,0,0
2026/04/20,kumamoto,23.9,15,19,0,0
2026/04/20,sapporo,12.5,3.3,8.1,0,0
2026/04/20,morioka,20.1,5.5,12.9,0,0
2026/04/20,hiroshima,21.7,14,17.9,0,0
2026/04/20,takamatsu,24.9,14.4,19.3,0,0
2026/04/20,chitose,11.2,2.1,7.4,0,0
2026/04/20,yokkaichi,20.7,14.9,17.7,0,0
2026/04/20,mito,20.2,11.9,16.2,0,0
2026/04/21,tokyo,24.8,16.5,19.8,0,0
2026/04/21,osaka,21.3,13.1,17.5,0,0
2026/04/21,nagoya,20.4,11.1,16.6,0,0
2026/04/21,kobe,20.2,13.7,16.7,0,0
2026/04/21,nagasaki,21.5,14.1,17.3,0,0
2026/04/21,kumamoto,23.3,13.6,17.7,0,0
2026/04/21,sapporo,12.2,6.3,9.2,0,0
2026/04/21,morioka,14.1,8.4,11.7,0,0
2026/04/21,hiroshima,21.5,9,16.4,0,0
2026/04/21,takamatsu,22.5,14.8,18.2,0,0
2026/04/21,chitose,13.8,5.3,9.5,0,0
2026/04/21,yokkaichi,19.9,9.5,16.3,0,0
2026/04/21,mito,22.6,11.2,16.1,0,0
2026/04/22,tokyo,23.3,12.2,18.2,0,0
2026/04/22,osaka,20.8,8,15.5,0,0
2026/04/22,nagoya,20.4,7,14.2,0,0
2026/04/22,kobe,20.1,10.6,15.8,0,0
2026/04/22,nagasaki,21.2,13.8,16.3,0,0
2026/04/22,kumamoto,21.4,12.8,16.1,0,0
2026/04/22,sapporo,13.9,3.3,9.1,0,0
2026/04/22,morioka,20.2,6.9,13,0,0
2026/04/22,hiroshima,17.7,7.8,12.4,0,0
2026/04/22,takamatsu,19.5,12.2,16.7,0,0
2026/04/22,chitose,16.3,1.7,9,0,0
2026/04/22,yokkaichi,19,6.6,14.1,0,0
2026/04/22,mito,23.4,5.5,14.9,0,0
2026/04/23,tokyo,20.2,12.6,16.5,0,0
2026/04/23,osaka,16.6,13.4,14.4,0,0
2026/04/23,nagoya,15.9,12.9,14.3,0,0
2026/04/23,kobe,16.8,12.7,14,0,0
2026/04/23,nagasaki,16.1,14.8,15.2,0,0
2026/04/23,kumamoto,17.1,13.9,15.8,0,0
2026/04/23,sapporo,10.7,1.1,5.9,0,0
2026/04/23,morioka,19.1,7.1,12.5,0,0
2026/04/23,hiroshima,14.8,11.9,12.8,0,0
2026/04/23,takamatsu,16.7,12.6,13.8,0,0
2026/04/23,chitose,13.1,-0.6,6.2,0,0
2026/04/23,yokkaichi,15.4,13.1,14.5,0,0
2026/04/23,mito,20.6,11.2,14.9,0,0
2026/04/24,tokyo,18.7,11.9,14.4,0,0
2026/04/24,osaka,17.8,13.3,15,0,0
2026/04/24,nagoya,18.3,13,15.1,0,0
2026/04/24,kobe,16.9,12.5,14.1,0,0
2026/04/24,nagasaki,21.5,14.4,17.1,0,0
2026/04/24,kumamoto,22.4,13.3,16.3,0,0
2026/04/24,sapporo,8.2,0.2,4.6,0,0
2026/04/24,morioka,18.7,3.1,10.2,0,0
2026/04/24,hiroshima,19.9,12.2,15,0,0
2026/04/24,takamatsu,17.9,13,14.9,0,0
2026/04/24,chitose,10,0.3,5.2,0,0
2026/04/24,yokkaichi,18.5,13.3,15.2,0,0
2026/04/24,mito,17.5,10.9,13.1,0,0
2026/04/25,tokyo,17.5,10.8,13.9,0,0
2026/04/25,osaka,22.6,12,16.8,0,0
2026/04/25,nagoya,19.7,13.8,16.1,0,0
2026/04/25,kobe,20.6,11.5,16,0,0
2026/04/25,nagasaki,22.5,13.4,17.5,0,0
2026/04/25,kumamoto,22.6,11.9,17.2,0,0
2026/04/25,sapporo,12.9,-0.6,6,0,0
2026/04/25,morioka,16.6,0,8.6,0,0
2026/04/25,hiroshima,22,6.4,14.5,0,0
2026/04/25,takamatsu,19.8,12.1,15.9,0,0
2026/04/25,chitose,10.3,-1,5.2,0,0
2026/04/25,yokkaichi,18.2,12.5,15.8,0,0
2026/04/25,mito,15.4,10.1,12.3,0,0
2026/04/26,tokyo,20.3,9.2,15.3,0,0
2026/04/26,osaka,23.5,14.1,18,0,0
2026/04/26,nagoya,21.9,11.3,16.4,0,0
2026/04/26,kobe,22.7,13.8,17.2,0,0
2026/04/26,nagasaki,19.2,14.6,16.6,0,0
2026/04/26,kumamoto,20.3,14.5,17.2,0,0
2026/04/26,sapporo,17.6,5.3,10.5,0,0
2026/04/26,morioka,20.5,4.4,12.4,0,0
2026/04/26,hiroshima,18.5,9.8,14.6,0,0
2026/04/26,takamatsu,21,14.6,16.8,0,0
2026/04/26,chitose,14,4.6,8.8,0,0
2026/04/26,yokkaichi,19.2,14.7,16.6,0,0
2026/04/26,mito,20,6.5,14.2,0,0
2026/04/27,tokyo,21.6,11.8,15.8,0,0
2026/04/27,osaka,22.7,14.5,17.8,0,0
2026/04/27,nagoya,23.5,14.2,17,0,0
2026/04/27,kobe,22,14.1,17.2,0,0
2026/04/27,nagasaki,20.8,14,17.2,0,0
2026/04/27,kumamoto,22.4,14.2,17.6,0,0
2026/04/27,sapporo,18.5,7.6,11.1,0,0
2026/04/27,morioka,14.6,8.1,11.9,0,0
2026/04/27,hiroshima,20.9,11.8,16.7,0,0
2026/04/27,takamatsu,21.5,14.3,17.7,0,0
2026/04/27,chitose,15.2,6.3,10.4,0,0
2026/04/27,yokkaichi,21.1,13,16.6,0,0
2026/04/27,mito,19,11.7,14.6,0,0
2026/04/28,tokyo,22.5,10.5,17.9,0,0
2026/04/28,osaka,24.2,13.6,18.9,0,0
2026/04/28,nagoya,23.4,11.1,17.4,0,0
2026/04/28,kobe,22.8,15.8,19.2,0,0
2026/04/28,nagasaki,21.8,14.1,17.9,0,0
2026/04/28,kumamoto,22.7,14.3,18.4,0,0
2026/04/28,sapporo,9.5,5.6,7.4,0,0
2026/04/28,morioka,16.1,9.1,12.1,0,0
2026/04/28,hiroshima,22.4,11.8,17.2,0,0
2026/04/28,takamatsu,23.9,13.5,18.4,0,0
2026/04/28,chitose,11.8,4.7,7.9,0,0
2026/04/28,yokkaichi,20.3,10.7,16,0,0
2026/04/28,mito,23.9,8.1,16.7,0,0
2026/04/29,tokyo,18.5,14.2,16.4,0,0
2026/04/29,osaka,19.8,14.7,17.2,0,0
2026/04/29,nagoya,19.1,13.9,16.6,0,0
2026/04/29,kobe,18.6,13.6,16.2,0,0
2026/04/29,nagasaki,20.4,13.8,16.8,0,0
2026/04/29,kumamoto,20.9,14.4,17.1,0,0
2026/04/29,sapporo,12.1,3.6,7.4,0,0
2026/04/29,morioka,16.3,7.3,10.9,0,0
2026/04/29,hiroshima,17,12.9,15.4,0,0
2026/04/29,takamatsu,18.7,14.4,16.9,0,0
2026/04/29,chitose,12.6,2.4,6.9,0,0
2026/04/29,yokkaichi,20,14.1,16.7,0,0
2026/04/29,mito,16.1,12.8,14.6,0,0
2026/04/30,tokyo,15.4,12.1,13.7,0,0
2026/04/30,osaka,16.9,13,14.6,0,0
2026/04/30,nagoya,16.4,12.4,14.1,0,0
2026/04/30,kobe,15.7,12.1,13.7,0,0
2026/04/30,nagasaki,17.3,12.8,14.8,0,0
2026/04/30,kumamoto,19.9,13.6,16.1,0,0
2026/04/30,sapporo,18.2,3.2,10.7,0,0
2026/04/30,morioka,18.5,4.4,11.2,0,0
2026/04/30,hiroshima,14.2,11.6,12.8,0,0
2026/04/30,takamatsu,15.2,12.3,13.4,0,0
2026/04/30,chitose,17.3,2.2,9.8,0,0
2026/04/30,yokkaichi,15.4,12.6,13.9,0,0
2026/04/30,mito,15.7,11.9,13.6,0,0
2026/05/01,tokyo,20.4,10.7,14.1,0,0
2026/05/01,osaka,19,14.3,16.4,0,0
2026/05/01,nagoya,22.1,13.2,16.6,0,0
2026/05/01,kobe,18,13.2,15.7,0,0
2026/05/01,nagasaki,18.5,13.6,16.2,0,0
2026/05/01,kumamoto,19.3,13.6,16.2,0,0
2026/05/01,sapporo,16.2,6.1,11,0,0
2026/05/01,morioka,16.8,5.4,12.1,0,0
2026/05/01,hiroshima,17,11.6,14.1,0,0
2026/05/01,takamatsu,18.3,14.2,16,0,0
2026/05/01,chitose,15.7,5.3,10.6,0,0
2026/05/01,yokkaichi,21.4,14,16.9,0,0
2026/05/01,mito,20.9,12.4,16.7,0,0
2026/05/02,tokyo,26.1,12.9,19.6,0,0
2026/05/02,osaka,21.5,12.9,17.3,0,0
2026/05/02,nagoya,23.6,13,17.8,0,0
2026/05/02,kobe,21.4,12.9,17.2,0,0
2026/05/02,nagasaki,21.7,12.7,17.2,0,0
2026/05/02,kumamoto,22.6,11.2,17.2,0,0
2026/05/02,sapporo,12,6.5,10.1,0,0
2026/05/02,morioka,18.3,5.8,13.1,0,0
2026/05/02,hiroshima,21.6,7.8,15.4,0,0
2026/05/02,takamatsu,22.8,14.1,17.9,0,0
2026/05/02,chitose,14.1,5.2,10.7,0,0
2026/05/02,yokkaichi,24,13.3,17.9,0,0
2026/05/02,mito,25.2,11.9,17.9,0,0
2026/05/03,tokyo,23.2,13.9,18.2,0,0
2026/05/03,osaka,23,15.5,18.8,0,0
2026/05/03,nagoya,22.4,13.7,17.4,0,0
2026/05/03,kobe,20.2,17,18.7,0,0
2026/05/03,nagasaki,20.1,16,17.9,0,0
2026/05/03,kumamoto,21.8,15.1,17.9,0,0
2026/05/03,sapporo,15.9,4.4,10.2,0,0
2026/05/03,morioka,19.9,4.8,13.2,0,0
2026/05/03,hiroshima,17.9,14.3,16.1,0,0
2026/05/03,takamatsu,22,14.7,18,0,0
2026/05/03,chitose,18,3,10.2,0,0
2026/05/03,yokkaichi,21.5,13.9,17.5,0,0
2026/05/03,mito,24.2,13.8,18.8,0,0
2026/05/04,tokyo,26.3,15.2,21.4,0,0
2026/05/04,osaka,21.2,13,17.9,0,0
2026/05/04,nagoya,22.3,12.3,17.7,0,0
2026/05/04,kobe,20.2,12.2,16.8,0,0
2026/05/04,nagasaki,18.1,13.8,15.8,0,0
2026/05/04,kumamoto,18.7,13.7,16,0,0
2026/05/04,sapporo,14.4,4.3,9.5,0,0
2026/05/04,morioka,19.3,8.2,14.1,0,0
2026/05/04,hiroshima,17.8,10.8,15.2,0,0
2026/05/04,takamatsu,18.8,13.1,16.7,0,0
2026/05/04,chitose,14.1,2.8,9.4,0,0
2026/05/04,yokkaichi,22,12.8,18.2,0,0
2026/05/04,mito,24.3,14.1,19.4,0,0
2026/05/05,tokyo,21.4,11.6,16.3,0,0
2026/05/05,osaka,21.4,10.7,15.6,0,0
2026/05/05,nagoya,20.3,9.6,14.9,0,0
2026/05/05,kobe,19.7,10.2,15,0,0
2026/05/05,nagasaki,20.1,11.8,15.8,0,0
2026/05/05,kumamoto,21.9,9.3,16.1,0,0
2026/05/05,sapporo,17.1,4.2,11.2,0,0
2026/05/05,morioka,17.6,6,11.3,0,0
2026/05/05,hiroshima,20.1,6.7,13.6,0,0
2026/05/05,takamatsu,18.8,10.7,14.7,0,0
2026/05/05,chitose,16.2,3.5,10.3,0,0
2026/05/05,yokkaichi,18.9,10.4,15.3,0,0
2026/05/05,mito,21,10.8,15.4,0,0
2026/05/06,tokyo,20.2,14.8,17.5,0,0
2026/05/06,osaka,19.9,12.2,16.4,0,0
2026/05/06,nagoya,18.4,13.5,15.8,0,0
2026/05/06,kobe,19.3,13.6,16.6,0,0
2026/05/06,nagasaki,22.8,13.1,17.7,0,0
2026/05/06,kumamoto,24.1,11.9,17.9,0,0
2026/05/06,sapporo,21.9,11.2,16,0,0
2026/05/06,morioka,23,5.1,14.1,0,0
2026/05/06,hiroshima,20.7,9.8,15.5,0,0
2026/05/06,takamatsu,21,9.6,15.5,0,0
2026/05/06,chitose,21.4,10.2,15.3,0,0
2026/05/06,yokkaichi,17.3,14.1,15.7,0,0
2026/05/06,mito,21.4,12.7,17.2,0,0
2026/05/07,tokyo,24.6,16.1,20,0,0
2026/05/07,osaka,25,15.1,19.6,0,0
2026/05/07,nagoya,26.7,15,20.3,0,0
2026/05/07,kobe,22.8,15.7,19.2,0,0
2026/05/07,nagasaki,23.5,15.2,19.4,0,0
2026/05/07,kumamoto,24.9,14.5,19.7,0,0
2026/05/07,sapporo,22.2,9.8,14.5,0,0
2026/05/07,morioka,24.3,6.3,15.6,0,0
2026/05/07,hiroshima,21.6,10.6,16.9,0,0
2026/05/07,takamatsu,23.2,13,18.1,0,0
2026/05/07,chitose,18.9,9.7,13.6,0,0
2026/05/07,yokkaichi,22.1,14.4,18.6,0,0
2026/05/07,mito,24.3,15.2,19.9,0,0
2026/05/08,tokyo,25.8,17.5,21.5,0,0
2026/05/08,osaka,23.6,15.5,19.5,0,0
2026/05/08,nagoya,23.5,14.2,19.1,0,0
2026/05/08,kobe,21.9,14.6,18.9,0,0
2026/05/08,nagasaki,20,16.2,18.2,0,0
2026/05/08,kumamoto,22.1,14.9,18.8,0,0
2026/05/08,sapporo,13.9,10,11.8,0,0
2026/05/08,morioka,20.7,10.2,15.3,0,0
2026/05/08,hiroshima,20.7,10.5,17.2,0,0
2026/05/08,takamatsu,22.6,16,19,0,0
2026/05/08,chitose,14.9,8.6,11.5,0,0
2026/05/08,yokkaichi,23.7,15,19,0,0
2026/05/08,mito,23.4,16.6,20.4,0,0
2026/05/09,tokyo,23.9,16.1,19.8,0,0
2026/05/09,osaka,21.5,12.9,17.2,0,0
2026/05/09,nagoya,20.6,12.2,15.7,0,0
2026/05/09,kobe,20.5,11.9,16.2,0,0
2026/05/09,nagasaki,21.6,13.7,17.1,0,0
2026/05/09,kumamoto,22.9,11.6,17.4,0,0
2026/05/09,sapporo,14.5,6.9,9.4,0,0
2026/05/09,morioka,14.4,6.8,11.1,0,0
2026/05/09,hiroshima,20.7,9.6,14.9,0,0
2026/05/09,takamatsu,22.5,12.7,17,0,0
2026/05/09,chitose,15.4,5.2,9.5,0,0
2026/05/09,yokkaichi,20.3,12.7,16.1,0,0
2026/05/09,mito,20.8,12.4,16.3,0,0
2026/05/10,tokyo,24.4,14.1,19.2,0,0
2026/05/10,osaka,23.5,11,17.5,0,0
2026/05/10,nagoya,23.3,9.7,16.8,0,0
2026/05/10,kobe,21.5,12.9,17.1,0,0
2026/05/10,nagasaki,21.9,11.9,16.8,0,0
2026/05/10,kumamoto,24.9,10.5,18.3,0,0
2026/05/10,sapporo,21.5,5.3,13.5,0,0
2026/05/10,morioka,19.3,6.9,12.4,0,0
2026/05/10,hiroshima,22.6,7.6,15.4,0,0
2026/05/10,takamatsu,22.6,12.5,17.5,0,0
2026/05/10,chitose,23,4.2,13.1,0,0
2026/05/10,yokkaichi,22.3,8.5,16.2,0,0
2026/05/10,mito,22.4,10.6,16.3,0,0
2026/05/11,tokyo,25.2,17,20.7,0,0
2026/05/11,osaka,25.4,12.5,19.4,0,0
2026/05/11,nagoya,24.6,11,18.4,0,0
2026/05/11,kobe,22.8,14.9,18.8,0,0
2026/05/11,nagasaki,23.7,14.2,18.4,0,0
2026/05/11,kumamoto,25.6,13,19.7,0,0
2026/05/11,sapporo,19.7,8.5,13.9,0,0
2026/05/11,morioka,23.3,5.3,14.2,0,0
2026/05/11,hiroshima,22.5,11.9,17.3,0,0
2026/05/11,takamatsu,23.8,12.2,18.7,0,0
2026/05/11,chitose,16.5,7.5,11.7,0,0
2026/05/11,yokkaichi,21.6,13.3,17.9,0,0
2026/05/11,mito,24.1,13.2,18.6,0,0
2026/05/12,tokyo,25.7,16.7,21,0,0
2026/05/12,osaka,26.6,16.6,21.5,0,0
2026/05/12,nagoya,27.3,15.7,20.8,0,0
2026/05/12,kobe,23.9,16.4,19.9,0,0
2026/05/12,nagasaki,23.8,14.9,18.7,0,0
2026/05/12,kumamoto,26.9,15.4,20.3,0,0
2026/05/12,sapporo,23.2,8.5,15.6,0,0
2026/05/12,morioka,24.7,9.4,17.2,0,0
2026/05/12,hiroshima,23.7,13.8,18.5,0,0
2026/05/12,takamatsu,24.3,14.9,19.9,0,0
2026/05/12,chitose,19.7,7.2,13.5,0,0
2026/05/12,yokkaichi,22.3,15.5,18.9,0,0
2026/05/12,mito,23.3,12.7,18.1,0,0
2026/05/13,tokyo,27.5,15.7,21.5,0,0
2026/05/13,osaka,28.1,18.6,22.3,0,0
2026/05/13,nagoya,29.6,16.8,21.3,0,0
2026/05/13,kobe,25.7,16.5,20.7,0,0
2026/05/13,nagasaki,23.5,15.4,19,0,0
2026/05/13,kumamoto,25.6,15.5,20.7,0,0
2026/05/13,sapporo,19.9,8.9,13.2,0,0
2026/05/13,morioka,24.2,10.5,17,0,0
2026/05/13,hiroshima,25.7,14.2,19.8,0,0
2026/05/13,takamatsu,27.3,16.7,21.1,0,0
2026/05/13,chitose,23.2,8.3,14,0,0
2026/05/13,yokkaichi,24.2,14.7,19.2,0,0
2026/05/13,mito,24.8,12.5,18.4,0,0
2026/05/14,tokyo,26.6,14.7,20.3,0,0
2026/05/14,osaka,29.2,16.7,22.3,0,0
2026/05/14,nagoya,28,14.6,21.1,0,0
2026/05/14,kobe,26.5,16.3,20.4,0,0
2026/05/14,nagasaki,25.2,15.3,20.7,0,0
2026/05/14,kumamoto,28.3,15,21.7,0,0
2026/05/14,sapporo,17.2,5.6,11.1,0,0
2026/05/14,morioka,18.5,11.1,14.3,0,0
2026/05/14,hiroshima,26.4,13.6,19.6,0,0
2026/05/14,takamatsu,27.1,16.7,21.4,0,0
2026/05/14,chitose,13.4,6.2,9.9,0,0
2026/05/14,yokkaichi,25,13.7,19.4,0,0
2026/05/14,mito,20.8,12.2,15.9,0,0
2026/05/15,tokyo,24.4,13.6,18.5,0,0
2026/05/15,osaka,29.1,16.1,22.1,0,0
2026/05/15,nagoya,27.5,16.8,21.8,0,0
2026/05/15,kobe,25.7,14.5,20.2,0,0
2026/05/15,nagasaki,27,16.9,21.6,0,0
2026/05/15,kumamoto,29.2,15,22.3,0,0
2026/05/15,sapporo,19.2,7.6,12.7,0,0
2026/05/15,morioka,24.6,10.2,16.5,0,0
2026/05/15,hiroshima,28.2,13.3,20.6,0,0
2026/05/15,takamatsu,25.5,15.2,20.4,0,0
2026/05/15,chitose,16.2,7.9,11.2,0,0
2026/05/15,yokkaichi,22.1,16.4,19.1,0,0
2026/05/15,mito,20,11.6,15.4,0,0
2026/05/16,tokyo,27.2,14.4,20.6,0,0
2026/05/16,osaka,28.1,19.3,23.2,0,0
2026/05/16,nagoya,29.3,17.3,22.9,0,0
2026/05/16,kobe,25.3,18.5,21.3,0,0
2026/05/16,nagasaki,26.1,17.1,21.2,0,0
2026/05/16,kumamoto,28.9,16,22.8,0,0
2026/05/16,sapporo,20.9,9,14.5,0,0
2026/05/16,morioka,27.4,10,18.2,0,0
2026/05/16,hiroshima,26.2,14,20.8,0,0
2026/05/16,takamatsu,28.5,16.3,22.3,0,0
2026/05/16,chitose,17.4,7.3,13.1,0,0
2026/05/16,yokkaichi,23.1,16.6,20.2,0,0
2026/05/16,mito,22.9,10.2,17.2,0,0
2026/05/17,tokyo,31.2,17.1,23.9,0,0
2026/05/17,osaka,30.1,18.4,24.3,0.3,0
2026/05/17,nagoya,32.9,17.6,25,1,0
2026/05/17,kobe,27.5,17.3,22.3,0,0
2026/05/17,nagasaki,28,16,22,0,0
2026/05/17,kumamoto,30.9,16.9,24.3,0.3,0
2026/05/17,sapporo,15.2,10,12.2,0,0
2026/05/17,morioka,25.4,11,18.1,0,0
2026/05/17,hiroshima,28.9,11.4,21.2,0,0
2026/05/17,takamatsu,30,17.6,23.6,0,0
2026/05/17,chitose,18,9.1,12.4,0,0
2026/05/17,yokkaichi,28.4,12.8,21.2,0,0
2026/05/17,mito,25,12.9,19.1,0,0
2026/05/18,tokyo,30.2,17.9,23.6,0,0
2026/05/18,osaka,31.2,17.8,24.2,0.2,0
2026/05/18,nagoya,32.8,18.3,25.3,1.3,0
2026/05/18,kobe,28.4,18.4,22.9,0,0
2026/05/18,nagasaki,28.3,16.3,22.2,0,0
2026/05/18,kumamoto,31.3,16.5,24.3,0.3,0
2026/05/18,sapporo,17.7,9,12.6,0,0
2026/05/18,morioka,27.8,10.8,18.7,0,0
2026/05/18,hiroshima,30.5,14.3,21.8,0,0
2026/05/18,takamatsu,29.6,16.5,23.5,0,0
2026/05/18,chitose,14.5,8.3,10.7,0,0
2026/05/18,yokkaichi,25.2,16.7,21.2,0,0
2026/05/18,mito,26.5,13.3,20.5,0,0
2026/05/19,tokyo,29.9,18.2,23.8,0,0
2026/05/19,osaka,28.4,19.8,23.7,0,0
2026/05/19,nagoya,31.1,18.5,24.5,0.5,0
2026/05/19,kobe,25.3,19.4,22.1,0,0
2026/05/19,nagasaki,28.9,17.7,22.8,0,0
2026/05/19,kumamoto,31.3,16.3,24.2,0.2,0
2026/05/19,sapporo,15.2,9.9,11.4,0,0
2026/05/19,morioka,27.4,11.5,19.5,0,0
2026/05/19,hiroshima,26.9,17.9,21.9,0,0
2026/05/19,takamatsu,27.8,17.7,22.9,0,0
2026/05/19,chitose,16.9,8.9,12.3,0,0
2026/05/19,yokkaichi,24.5,17.3,21.2,0,0
2026/05/19,mito,31.1,15.9,23.2,0,0
2026/05/20,tokyo,30.9,19.6,24.9,0.9,0
2026/05/20,osaka,30.1,20.7,24.9,0.9,0
2026/05/20,nagoya,31.6,19.5,25,1,0
2026/05/20,kobe,26.3,19.2,22.8,0,0
2026/05/20,nagasaki,29.5,20.5,24.3,0.3,0
2026/05/20,kumamoto,31.2,22.9,26.4,2.4,0.4
2026/05/20,sapporo,15.6,9.9,12.7,0,0
2026/05/20,morioka,27.3,13.3,19.7,0,0
2026/05/20,hiroshima,28.6,19.1,23,0,0
2026/05/20,takamatsu,27.6,18.5,23.5,0,0
2026/05/20,chitose,13.7,8.8,10.5,0,0
2026/05/20,yokkaichi,25.5,17.8,21.9,0,0
2026/05/20,mito,30.6,17.1,22.7,0,0
2026/05/21,tokyo,23.5,15.7,19.3,0,0
2026/05/21,osaka,25.6,22,23.9,0,0
2026/05/21,nagoya,26.1,21.7,23.2,0,0
2026/05/21,kobe,23.9,21.5,22.4,0,0
2026/05/21,nagasaki,24.2,19.7,22.1,0,0
2026/05/21,kumamoto,24.3,20.9,23,0,0
2026/05/21,sapporo,19.2,10.3,14.4,0,0
2026/05/21,morioka,16.5,13,15,0,0
2026/05/21,hiroshima,23.2,19.7,21.3,0,0
2026/05/21,takamatsu,26.3,21.3,23.2,0,0
2026/05/21,chitose,20.5,9,13.1,0,0
2026/05/21,yokkaichi,24.2,20.8,22.2,0,0
2026/05/21,mito,20,14.3,16.3,0,0
2026/05/22,tokyo,17.7,12.4,14.9,0,0
2026/05/22,osaka,24.2,19.2,21.9,0,0
2026/05/22,nagoya,25.9,19.3,22.2,0,0
2026/05/22,kobe,23.1,18,20.6,0,0
2026/05/22,nagasaki,25.1,18.7,21.5,0,0
2026/05/22,kumamoto,27.8,19.2,22.8,0,0
2026/05/22,sapporo,20.5,7.9,13,0,0
2026/05/22,morioka,18.2,5.3,12.4,0,0
2026/05/22,hiroshima,23.2,16.8,20,0,0
2026/05/22,takamatsu,23.7,18.5,21,0,0
2026/05/22,chitose,15.4,6.6,10.6,0,0
2026/05/22,yokkaichi,23.2,19.3,21.5,0,0
2026/05/22,mito,15.1,11.1,13.2,0,0
2026/05/23,tokyo,17.3,11.6,14.1,0,0
2026/05/23,osaka,24.2,19.1,21,0,0
2026/05/23,nagoya,22.4,16.5,18.8,0,0
2026/05/23,kobe,23.7,18,20.3,0,0
2026/05/23,nagasaki,25.6,19.3,22.2,0,0
2026/05/23,kumamoto,29.1,18.7,23.9,0,0
2026/05/23,sapporo,18.4,6,11.9,0,0
2026/05/23,morioka,17.3,2.8,10.1,0,0
2026/05/23,hiroshima,24.7,15.1,20.3,0,0
2026/05/23,takamatsu,25.1,18.3,21.1,0,0
2026/05/23,chitose,13.5,5.3,9.5,0,0
2026/05/23,yokkaichi,19.5,17.7,18.6,0,0
2026/05/23,mito,15.3,10.2,12.9,0,0
2026/05/24,tokyo,22.6,13.3,17.7,0,0
2026/05/24,osaka,26.6,18.4,22.2,0,0
2026/05/24,nagoya,24.6,17.3,20.7,0,0
2026/05/24,kobe,25.9,17.9,21.5,0,0
2026/05/24,nagasaki,28,20.3,24.1,0.1,0
2026/05/24,kumamoto,30.2,21.1,25.4,1.4,0
2026/05/24,sapporo,14.3,8.2,11.2,0,0
2026/05/24,morioka,16.6,7.1,13.3,0,0
2026/05/24,hiroshima,26.2,17.6,21.8,0,0
2026/05/24,takamatsu,25.9,19.3,22.3,0,0
2026/05/24,chitose,14.4,7.3,11.1,0,0
2026/05/24,yokkaichi,22.2,18.4,20.2,0,0
2026/05/24,mito,21.2,13.1,17.3,0,0
2026/05/25,tokyo,25.9,16.5,20.8,0,0
2026/05/25,osaka,30.3,18.4,23.7,0,0
2026/05/25,nagoya,26.6,17.3,21.8,0,0
2026/05/25,kobe,26,18.6,21.9,0,0
2026/05/25,nagasaki,29.5,21,24.9,0.9,0
2026/05/25,kumamoto,33,22.6,26.8,2.8,0.8
2026/05/25,sapporo,22.1,11.5,15.3,0,0
2026/05/25,morioka,25.3,12.1,18.4,0,0
2026/05/25,hiroshima,28.2,18.2,22.5,0,0
2026/05/25,takamatsu,28.8,18.9,23.6,0,0
2026/05/25,chitose,20,10.2,14.3,0,0
2026/05/25,yokkaichi,23.9,16.3,20.5,0,0
2026/05/25,mito,24,14.6,19.7,0,0
2026/05/26,tokyo,26.5,17.5,21.6,0,0
2026/05/26,osaka,32.7,21,25.8,1.8,0
2026/05/26,nagoya,27.7,19.2,22.7,0,0
2026/05/26,kobe,27.5,19.3,23.3,0,0
2026/05/26,nagasaki,28.9,21.4,24.9,0.9,0
2026/05/26,kumamoto,28.9,22.1,25.4,1.4,0
2026/05/26,sapporo,20.1,11.8,15.2,0,0
2026/05/26,morioka,23.7,13,18.4,0,0
2026/05/26,hiroshima,27.5,18.7,23.1,0,0
2026/05/26,takamatsu,29.5,17.9,24.5,0.5,0
2026/05/26,chitose,17,10.3,13.2,0,0
2026/05/26,yokkaichi,23.9,18.4,21.1,0,0
2026/05/26,mito,24.3,16.4,20.3,0,0
2026/05/27,tokyo,28.2,18.8,23.3,0,0
2026/05/27,osaka,27,22.4,24.4,0.4,0
2026/05/27,nagoya,27.8,19.5,23.1,0,0
2026/05/27,kobe,24.3,21.1,22.2,0,0
2026/05/27,nagasaki,24.4,21.8,23,0,0
2026/05/27,kumamoto,28.1,21.8,24.1,0.1,0
2026/05/27,sapporo,24.1,12.9,17.8,0,0
2026/05/27,morioka,26.9,16.6,21.2,0,0
2026/05/27,hiroshima,24.5,20.4,22.2,0,0
2026/05/27,takamatsu,24.5,20.6,22.3,0,0
2026/05/27,chitose,20.5,11.9,15.3,0,0
2026/05/27,yokkaichi,23.4,19.9,21.5,0,0
2026/05/27,mito,25.2,18.3,21.3,0,0
2026/05/28,tokyo,28.9,20.7,24.6,0.6,0
2026/05/28,osaka,28.4,21.8,24.4,0.4,0
2026/05/28,nagoya,28.8,21.4,25,1,0
2026/05/28,kobe,26.4,20.4,23.1,0,0
2026/05/28,nagasaki,25.5,21.8,23.3,0,0
2026/05/28,kumamoto,25.9,22.6,23.8,0,0
2026/05/28,sapporo,23.4,14.2,17.5,0,0
2026/05/28,morioka,26.5,19.3,21.7,0,0
2026/05/28,hiroshima,24.7,20.6,22.3,0,0
2026/05/28,takamatsu,26.7,20.1,22.9,0,0
2026/05/28,chitose,21.4,12.4,15.9,0,0
2026/05/28,yokkaichi,26.1,20.5,22.9,0,0
2026/05/28,mito,26.8,19.8,23.4,0,0
2026/05/29,tokyo,32.3,22.7,26.9,2.9,0.9
2026/05/29,osaka,28.6,20,24.5,0.5,0
2026/05/29,nagoya,29.8,19.7,24.9,0.9,0
2026/05/29,kobe,26.8,18.3,22.6,0,0
2026/05/29,nagasaki,26.8,20.1,23.3,0,0
2026/05/29,kumamoto,28,20.3,24,0,0
2026/05/29,sapporo,16.1,12.4,14.3,0,0
2026/05/29,morioka,19.8,14.7,17.6,0,0
2026/05/29,hiroshima,28,17.1,22.9,0,0
2026/05/29,takamatsu,27.4,20.3,23.8,0,0
2026/05/29,chitose,19.5,12,14.7,0,0
2026/05/29,yokkaichi,26.4,16.9,22.6,0,0
2026/05/29,mito,29.1,18.9,24,0,0
2026/05/30,tokyo,30.1,20.9,25,1,0
2026/05/30,osaka,31.1,16.5,24.3,0.3,0
2026/05/30,nagoya,32.5,17.2,25.2,1.2,0
2026/05/30,kobe,27.4,16.2,22.4,0,0
2026/05/30,nagasaki,27.6,18.6,23.3,0,0
2026/05/30,kumamoto,29.1,16.4,23.3,0,0
2026/05/30,sapporo,17.9,11.7,14.3,0,0
2026/05/30,morioka,21.3,15,17.2,0,0
2026/05/30,hiroshima,28.3,13.5,21.5,0,0
2026/05/30,takamatsu,29.6,15.9,23.3,0,0
2026/05/30,chitose,19.7,11.1,14.9,0,0
2026/05/30,yokkaichi,27.7,13,21.4,0,0
2026/05/30,mito,29.3,15.4,22.6,0,0
2026/05/31,tokyo,32.2,21.5,25.7,1.7,0
2026/05/31,osaka,30.7,23.2,25.9,1.9,0
2026/05/31,nagoya,32.5,22,26.7,2.7,0.7
2026/05/31,kobe,27.4,21.7,23.9,0,0
2026/05/31,nagasaki,28.7,20.9,24.4,0.4,0
2026/05/31,kumamoto,31.2,20.7,25.5,1.5,0
2026/05/31,sapporo,23.7,8.3,17.2,0,0
2026/05/31,morioka,26.5,11.2,19.2,0,0
2026/05/31,hiroshima,29.3,18.3,23.7,0,0
2026/05/31,takamatsu,30.1,21.3,24.9,0.9,0
2026/05/31,chitose,24.8,9.3,17.4,0,0
2026/05/31,yokkaichi,28.6,18.4,23.2,0,0
2026/05/31,mito,28.9,18.3,23.5,0,0
2026/06/01,tokyo,33.7,20.3,26.1,2.1,0.1
2026/06/01,osaka,30,21.5,25.1,1.1,0
2026/06/01,nagoya,31.9,19.9,25.2,1.2,0
2026/06/01,kobe,26.7,20.1,23.1,0,0
2026/06/01,nagasaki,28.6,20.7,23.8,0,0
2026/06/01,kumamoto,31.9,21.1,25.3,1.3,0
2026/06/01,sapporo,28.3,8.8,19.5,0,0
2026/06/01,morioka,30.2,12.8,22.3,0,0
2026/06/01,hiroshima,28.1,20.2,23.4,0,0
2026/06/01,takamatsu,31.4,18.5,25.4,1.4,0
2026/06/01,chitose,23,10.4,16.9,0,0
2026/06/01,yokkaichi,25.8,18.5,22.2,0,0
2026/06/01,mito,33,16.2,24.1,0.1,0
2026/06/02,tokyo,26.4,20.1,22.9,0,0
2026/06/02,osaka,23.4,19.1,21.2,0,0
2026/06/02,nagoya,22.5,18.2,20.4,0,0
2026/06/02,kobe,22,18.7,20.3,0,0
2026/06/02,nagasaki,23.8,21.6,22.7,0,0
2026/06/02,kumamoto,24.7,21.1,23.2,0,0
2026/06/02,sapporo,31,14.7,21.9,0,0
2026/06/02,morioka,29.8,17.1,23.4,0,0
2026/06/02,hiroshima,22,18.6,20.2,0,0
2026/06/02,takamatsu,21.8,19.6,20.9,0,0
2026/06/02,chitose,25.6,12,18.6,0,0
2026/06/02,yokkaichi,21.6,18.6,20.2,0,0
2026/06/02,mito,25.8,18.5,22.3,0,0
2026/06/03,tokyo,20.4,18.1,19.1,0,0
2026/06/03,osaka,27.1,18.7,22.5,0,0
2026/06/03,nagoya,27.3,18.3,21.5,0,0
2026/06/03,kobe,26.8,18.4,21.6,0,0
2026/06/03,nagasaki,26.8,21.4,23.6,0,0
2026/06/03,kumamoto,27.4,21.8,24.3,0.3,0
2026/06/03,sapporo,27.3,14.3,20.4,0,0
2026/06/03,morioka,21.6,15.6,18.7,0,0
2026/06/03,hiroshima,28.7,19.1,23,0,0
2026/06/03,takamatsu,27.8,19.2,22.9,0,0
2026/06/03,chitose,22.4,13.1,17.1,0,0
2026/06/03,yokkaichi,27,18.9,21.8,0,0
2026/06/03,mito,19.5,16.7,18,0,0
2026/06/04,tokyo,23.8,17.8,20.3,0,0
2026/06/04,osaka,26.9,18.8,22.1,0,0
2026/06/04,nagoya,23.8,19.4,21.2,0,0
2026/06/04,kobe,24.5,18.5,21,0,0
2026/06/04,nagasaki,23.5,19.2,21.3,0,0
2026/06/04,kumamoto,23.2,19.9,21.7,0,0
2026/06/04,sapporo,24.5,14.7,19.4,0,0
2026/06/04,morioka,24.1,15,18.7,0,0
2026/06/04,hiroshima,22,17.9,19.8,0,0
2026/06/04,takamatsu,23.3,18.3,20.9,0,0
2026/06/04,chitose,23.6,12.6,16.9,0,0
2026/06/04,yokkaichi,23,19.4,20.9,0,0
2026/06/04,mito,22.5,16.9,19.5,0,0
2026/06/05,tokyo,21,15.7,18.1,0,0
2026/06/05,osaka,24.1,19.1,21.4,0,0
2026/06/05,nagoya,23.7,18.5,20.5,0,0
2026/06/05,kobe,23,18.2,20.6,0,0
2026/06/05,nagasaki,25.9,19.5,22.4,0,0
2026/06/05,kumamoto,27,21.2,23.8,0,0
2026/06/05,sapporo,22.6,12,17.1,0,0
2026/06/05,morioka,19.8,12.4,15.9,0,0
2026/06/05,hiroshima,24.3,19.4,21.4,0,0
2026/06/05,takamatsu,23.9,19.1,21.7,0,0
2026/06/05,chitose,16.5,9.9,13.3,0,0
2026/06/05,yokkaichi,21.5,18.8,20,0,0
2026/06/05,mito,19.5,15.1,16.7,0,0
2026/06/06,tokyo,23,15.1,18.2,0,0
2026/06/06,osaka,26.1,19.2,22.6,0,0
2026/06/06,nagoya,24,18.9,20.6,0,0
2026/06/06,kobe,24.4,18.8,21.8,0,0
2026/06/06,nagasaki,27.6,17.4,22.9,0,0
2026/06/06,kumamoto,29.2,19.4,24,0,0
2026/06/06,sapporo,13.9,9.9,11.4,0,0
2026/06/06,morioka,18,11.4,14.7,0,0
2026/06/06,hiroshima,26.8,19.7,22.7,0,0
2026/06/06,takamatsu,26.7,18.6,22.6,0,0
2026/06/06,chitose,14.4,9.1,10.9,0,0
2026/06/06,yokkaichi,22.8,18.8,20.5,0,0
2026/06/06,mito,19,14.1,16.3,0,0
2026/06/07,tokyo,21.4,15.4,18.3,0,0
2026/06/07,osaka,22,19.1,20.2,0,0
2026/06/07,nagoya,21,18.1,19.4,0,0
2026/06/07,kobe,21.2,18.7,19.6,0,0
2026/06/07,nagasaki,29.3,21.3,24.7,0.7,0
2026/06/07,kumamoto,27.3,21.9,24.2,0.2,0
2026/06/07,sapporo,16.4,10.9,13.6,0,0
2026/06/07,morioka,20.9,13.5,17.1,0,0
2026/06/07,hiroshima,22.8,19.3,21.1,0,0
2026/06/07,takamatsu,21.5,19.3,20.2,0,0
2026/06/07,chitose,14.3,10.1,12.2,0,0
2026/06/07,yokkaichi,20.2,19,19.7,0,0
2026/06/07,mito,21.4,14.7,17.9,0,0
2026/06/08,tokyo,24,18.1,20.5,0,0
2026/06/08,osaka,24.9,19.4,21.5,0,0
2026/06/08,nagoya,27.2,17.7,21.9,0,0
2026/06/08,kobe,24,18.4,20.8,0,0
2026/06/08,nagasaki,25.3,19.7,22.7,0,0
2026/06/08,kumamoto,25.8,19.4,22.8,0,0
2026/06/08,sapporo,14.3,12.1,13,0,0
2026/06/08,morioka,18,16.4,17.1,0,0
2026/06/08,hiroshima,21.3,17.8,19.6,0,0
2026/06/08,takamatsu,24,18.4,20.5,0,0
2026/06/08,chitose,14.3,11.1,12.7,0,0
2026/06/08,yokkaichi,24.9,17.9,21.9,0,0
2026/06/08,mito,23,17.3,19.4,0,0
2026/06/09,tokyo,22.6,18.9,20.3,0,0
2026/06/09,osaka,22.1,17.9,19.8,0,0
2026/06/09,nagoya,23.5,18.3,20.2,0,0
2026/06/09,kobe,22.1,17.4,19.4,0,0
2026/06/09,nagasaki,22,18.4,20.1,0,0
2026/06/09,kumamoto,21.2,17.9,19.5,0,0
2026/06/09,sapporo,16,11.3,12.9,0,0
2026/06/09,morioka,21.5,14,17.4,0,0
2026/06/09,hiroshima,24.1,17.2,19.4,0,0
2026/06/09,takamatsu,22.7,17,19.9,0,0
2026/06/09,chitose,16.8,10.9,13.1,0,0
2026/06/09,yokkaichi,23.1,18.2,20.1,0,0
2026/06/09,mito,21.9,18.5,19.5,0,0
2026/06/10,tokyo,23.2,17.8,19.7,0,0
2026/06/10,osaka,26.5,16.6,21.4,0,0
2026/06/10,nagoya,27.6,16.9,21.5,0,0
2026/06/10,kobe,25.2,15.9,20.7,0,0
2026/06/10,nagasaki,26.6,17.2,21.5,0,0
2026/06/10,kumamoto,26.6,14.7,21.1,0,0
2026/06/10,sapporo,16,10.7,12.9,0,0
2026/06/10,morioka,21,12.7,16.5,0,0
2026/06/10,hiroshima,25.3,13.7,20,0,0
2026/06/10,takamatsu,25.7,16.9,21.2,0,0
2026/06/10,chitose,17,9.9,13.4,0,0
2026/06/10,yokkaichi,26.5,16.6,21,0,0
2026/06/10,mito,20,15.5,17.9,0,0
2026/06/11,tokyo,24.6,16.4,20.3,0,0
2026/06/11,osaka,27.3,16.4,22.1,0,0
2026/06/11,nagoya,26.7,16.2,21.5,0,0
2026/06/11,kobe,26,18.1,22.1,0,0
2026/06/11,nagasaki,25.6,18,21.9,0,0
2026/06/11,kumamoto,27.4,16.5,22.2,0,0
2026/06/11,sapporo,20.6,8.3,15,0,0
2026/06/11,morioka,22.6,10.5,16.9,0,0
2026/06/11,hiroshima,26.1,14.4,20.4,0,0
2026/06/11,takamatsu,27.5,17.6,22.4,0,0
2026/06/11,chitose,19.2,7.7,14.5,0,0
2026/06/11,yokkaichi,23.8,14.4,19.9,0,0
2026/06/11,mito,23.5,13.6,18.9,0,0
2026/06/12,tokyo,25,17.2,20.3,0,0
2026/06/12,osaka,27.8,19.1,23.3,0,0
2026/06/12,nagoya,27.8,17.1,22.5,0,0
2026/06/12,kobe,26.7,18.2,22.6,0,0
2026/06/12,nagasaki,25.2,18.5,21.7,0,0
2026/06/12,kumamoto,26.2,17.2,22,0,0
2026/06/12,sapporo,23,12,17.1,0,0
2026/06/12,morioka,23.5,11.3,16.8,0,0
2026/06/12,hiroshima,25.1,14.4,20.3,0,0
2026/06/12,takamatsu,27,19.3,22.9,0,0
2026/06/12,chitose,20.4,12,16.1,0,0
2026/06/12,yokkaichi,24.7,17.7,21.3,0,0
2026/06/12,mito,24.1,17.1,19.8,0,0
2026/06/13,tokyo,27.3,17.3,22.2,0,0
2026/06/13,osaka,29.7,19.7,24.6,0.6,0
2026/06/13,nagoya,28.5,17.7,23.2,0,0
2026/06/13,kobe,27.5,20.7,23.5,0,0
2026/06/13,nagasaki,26.6,18.9,22.5,0,0
2026/06/13,kumamoto,28.7,18,23.2,0,0
2026/06/13,sapporo,21.6,12.8,17.1,0,0
2026/06/13,morioka,22.8,12.9,17.2,0,0
2026/06/13,hiroshima,27.7,14.8,21.3,0,0
2026/06/13,takamatsu,27.8,19.5,23.2,0,0
2026/06/13,chitose,20.2,12,15.3,0,0
2026/06/13,yokkaichi,24.9,17.6,21.6,0,0
2026/06/13,mito,26,16,21.3,0,0
2026/06/14,tokyo,26.3,18.6,22.4,0,0
2026/06/14,osaka,28.5,21.9,24.4,0.4,0
2026/06/14,nagoya,26.7,20,23,0,0
2026/06/14,kobe,25.7,20.1,22.4,0,0
2026/06/14,nagasaki,24.3,20.4,22.3,0,0
2026/06/14,kumamoto,26.2,19.4,22.6,0,0
2026/06/14,sapporo,24.1,12.8,18.1,0,0
2026/06/14,morioka,27.1,11.8,19.9,0,0
2026/06/14,hiroshima,25.9,17.3,21.7,0,0
2026/06/14,takamatsu,27.5,20.5,22.8,0,0
2026/06/14,chitose,19,12.4,15.1,0,0
2026/06/14,yokkaichi,23.5,18.8,21.4,0,0
2026/06/14,mito,25.6,17.4,21.7,0,0
2026/06/15,tokyo,22,17.2,19.4,0,0
2026/06/15,osaka,28.8,20.4,23.7,0,0
2026/06/15,nagoya,27.4,18.4,22.1,0,0
2026/06/15,kobe,25.8,19.4,21.9,0,0
2026/06/15,nagasaki,27.7,19.8,23.5,0,0
2026/06/15,kumamoto,28.4,20,23.7,0,0
2026/06/15,sapporo,21.6,14.9,17.8,0,0
2026/06/15,morioka,23.3,16.2,19.3,0,0
2026/06/15,hiroshima,27.5,17.1,22.8,0,0
2026/06/15,takamatsu,26.9,18.9,22.7,0,0
2026/06/15,chitose,23.8,13.4,18.2,0,0
2026/06/15,yokkaichi,25.9,18.4,21.6,0,0
2026/06/15,mito,21.4,16.7,19,0,0
2026/06/16,tokyo,26.6,16.1,21.4,0,0
2026/06/16,osaka,27.3,19.8,23.6,0,0
2026/06/16,nagoya,27.4,18.8,23.1,0,0
2026/06/16,kobe,24.9,19.3,22.1,0,0
2026/06/16,nagasaki,28.5,22,24.5,0.5,0
2026/06/16,kumamoto,29.1,22.2,24.4,0.4,0
2026/06/16,sapporo,23,14.2,18.4,0,0
2026/06/16,morioka,27.2,13.7,20.7,0,0
2026/06/16,hiroshima,28.4,18.2,23.3,0,0
2026/06/16,takamatsu,26.2,20.3,23.1,0,0
2026/06/16,chitose,24.7,14.2,19,0,0
2026/06/16,yokkaichi,23.9,18.1,21.3,0,0
2026/06/16,mito,25.8,14.2,20.5,0,0
2026/06/17,tokyo,27.4,18.4,22.8,0,0
2026/06/17,osaka,30,22.6,25.4,1.4,0
2026/06/17,nagoya,28.5,20.6,24.3,0.3,0
2026/06/17,kobe,27.2,20.6,23.7,0,0
2026/06/17,nagasaki,28.7,21.6,24,0,0
2026/06/17,kumamoto,27.8,22.5,24.4,0.4,0
2026/06/17,sapporo,23.6,13.3,18.1,0,0
2026/06/17,morioka,28.8,15.3,21.9,0,0
2026/06/17,hiroshima,27.6,19,23.6,0,0
2026/06/17,takamatsu,27.5,20.4,24,0,0
2026/06/17,chitose,19.6,12.3,15.3,0,0
2026/06/17,yokkaichi,23.7,20.6,22.1,0,0
2026/06/17,mito,26.5,16.9,21.9,0,0
2026/06/18,tokyo,27,20,22.3,0,0
2026/06/18,osaka,29.5,22.1,25.7,1.7,0
2026/06/18,nagoya,31.8,20.4,26.2,2.2,0.2
2026/06/18,kobe,27.7,21.1,24,0,0
2026/06/18,nagasaki,28.5,22.3,24.4,0.4,0
2026/06/18,kumamoto,27.2,21.3,23.8,0,0
2026/06/18,sapporo,25.8,13.9,19.3,0,0
2026/06/18,morioka,26.5,16.9,21.5,0,0
2026/06/18,hiroshima,30,19.5,24.4,0.4,0
2026/06/18,takamatsu,30.2,20.2,25.3,1.3,0
2026/06/18,chitose,20.3,12.5,16.9,0,0
2026/06/18,yokkaichi,29.5,20.1,24.4,0.4,0
2026/06/18,mito,23.9,19.2,20.7,0,0
2026/06/19,tokyo,28.5,19.7,23.9,0,0
2026/06/19,osaka,32.4,23.6,27.3,3.3,1.3
2026/06/19,nagoya,34.8,23.1,28.4,4.4,2.4
2026/06/19,kobe,29,22.3,25.5,1.5,0
2026/06/19,nagasaki,25.2,22.7,23.7,0,0
2026/06/19,kumamoto,25.9,22.5,23.6,0,0
2026/06/19,sapporo,24.5,16.5,19.8,0,0
2026/06/19,morioka,25.5,18.5,21.7,0,0
2026/06/19,hiroshima,29,20.5,24.4,0.4,0
2026/06/19,takamatsu,28.5,22.4,25.6,1.6,0
2026/06/19,chitose,20,15.7,17.5,0,0
2026/06/19,yokkaichi,27.6,20.3,24.4,0.4,0
2026/06/19,mito,25.5,18.6,21.4,0,0
2026/06/20,tokyo,24.8,20.9,22.1,0,0
2026/06/20,osaka,27.4,23.5,25.1,1.1,0
2026/06/20,nagoya,25.2,21.2,23.3,0,0
2026/06/20,kobe,24.5,22.6,23.7,0,0
2026/06/20,nagasaki,25.5,23.4,24.4,0.4,0
2026/06/20,kumamoto,26.5,22.9,24.2,0.2,0
2026/06/20,sapporo,25.7,15.9,20,0,0
2026/06/20,morioka,23.8,18.2,20.7,0,0
2026/06/20,hiroshima,24.1,20.8,22.6,0,0
2026/06/20,takamatsu,26.7,22.8,24.6,0.6,0
2026/06/20,chitose,22.3,14.1,17.5,0,0
2026/06/20,yokkaichi,23.6,22.7,23,0,0
2026/06/20,mito,22.1,18.7,20.5,0,0
2026/06/21,tokyo,26.8,21.1,23.9,0,0
2026/06/21,osaka,27.9,22.5,25.5,1.5,0
2026/06/21,nagoya,31,21.8,25.4,1.4,0
2026/06/21,kobe,26.9,22.4,24.8,0.8,0
2026/06/21,nagasaki,26.9,22,24,0,0
2026/06/21,kumamoto,28.1,22.2,25.2,1.2,0
2026/06/21,sapporo,24.9,16,20.1,0,0
2026/06/21,morioka,20,16.8,18.8,0,0
2026/06/21,hiroshima,26.1,20.7,23.4,0,0
2026/06/21,takamatsu,27.3,22.4,24.8,0.8,0
2026/06/21,chitose,21.8,13.3,17.4,0,0
2026/06/21,yokkaichi,30.3,22.8,25.4,1.4,0
2026/06/21,mito,28.5,19.8,22.5,0,0
2026/06/22,tokyo,27.7,19.8,22.8,0,0
2026/06/22,osaka,25.4,20.9,23,0,0
2026/06/22,nagoya,25.6,21,22.9,0,0
2026/06/22,kobe,24.6,20.2,22.1,0,0
2026/06/22,nagasaki,25.1,20.6,22.5,0,0
2026/06/22,kumamoto,26.6,19.5,22.5,0,0
2026/06/22,sapporo,21.7,15.3,17.8,0,0
2026/06/22,morioka,18.1,14.3,16.3,0,0
2026/06/22,hiroshima,23.3,19.2,21.2,0,0
2026/06/22,takamatsu,25.3,20.5,22.4,0,0
2026/06/22,chitose,19.1,12.7,15.5,0,0
2026/06/22,yokkaichi,25.2,21.1,22.8,0,0
2026/06/22,mito,25.7,17.8,21,0,0
2026/06/23,tokyo,24,18,20.5,0,0
2026/06/23,osaka,25.1,19.8,22.2,0,0
2026/06/23,nagoya,26,19.3,22.3,0,0
2026/06/23,kobe,23.8,19.2,21.4,0,0
2026/06/23,nagasaki,21.7,19.3,20.4,0,0
2026/06/23,kumamoto,21.8,19.1,20.4,0,0
2026/06/23,sapporo,18,12.7,14.7,0,0
2026/06/23,morioka,19.5,13.9,15.8,0,0
2026/06/23,hiroshima,22.7,18.1,20.1,0,0
2026/06/23,takamatsu,23.8,19.9,21.4,0,0
2026/06/23,chitose,14.2,11.5,12.8,0,0
2026/06/23,yokkaichi,25.3,19.7,22,0,0
2026/06/23,mito,21.3,16.7,18.8,0,0
2026/06/24,tokyo,25.9,17.4,21.4,0,0
2026/06/24,osaka,22.9,19,20.8,0,0
2026/06/24,nagoya,26.5,19,22.4,0,0
2026/06/24,kobe,21.1,19.1,20.3,0,0
2026/06/24,nagasaki,24.3,21.3,23,0,0
2026/06/24,kumamoto,24.1,20.4,22.1,0,0
2026/06/24,sapporo,22.5,12.1,17,0,0
2026/06/24,morioka,24.1,14.3,18.6,0,0
2026/06/24,hiroshima,20.9,18.5,19.6,0,0
2026/06/24,takamatsu,21.2,19.6,20.6,0,0
2026/06/24,chitose,19.9,11.4,15.2,0,0
2026/06/24,yokkaichi,23,18.7,20.8,0,0
2026/06/24,mito,23.2,16.8,20,0,0
2026/06/25,tokyo,22.3,19.3,20.7,0,0
2026/06/25,osaka,23.7,20.6,22.1,0,0
2026/06/25,nagoya,21.9,20.1,21.1,0,0
2026/06/25,kobe,23.5,20.3,21.7,0,0
2026/06/25,nagasaki,24.3,22.7,23.4,0,0
2026/06/25,kumamoto,25.5,22.2,23.8,0,0
2026/06/25,sapporo,22.8,13.3,18.4,0,0
2026/06/25,morioka,24.8,14.4,19.7,0,0
2026/06/25,hiroshima,22.5,19.4,20.8,0,0
2026/06/25,takamatsu,24.3,20.2,21.9,0,0
2026/06/25,chitose,20.5,12.6,17.1,0,0
2026/06/25,yokkaichi,22.6,19.7,21.2,0,0
2026/06/25,mito,22,18.5,20,0,0
2026/06/26,tokyo,26.3,19.6,22.1,0,0
2026/06/26,osaka,25.7,20.2,23.2,0,0
2026/06/26,nagoya,26.8,19.1,22.5,0,0
2026/06/26,kobe,24.2,20.6,22.6,0,0
2026/06/26,nagasaki,22.8,19.7,21.6,0,0
2026/06/26,kumamoto,24,20.9,22.6,0,0
2026/06/26,sapporo,22.9,17.6,19.3,0,0
2026/06/26,morioka,22.8,19,20.5,0,0
2026/06/26,hiroshima,22.1,19.4,20.6,0,0
2026/06/26,takamatsu,23.3,20.1,22.1,0,0
2026/06/26,chitose,20.2,16.2,17.9,0,0
2026/06/26,yokkaichi,26.2,20,22.6,0,0
2026/06/26,mito,24.8,19.9,22.2,0,0
2026/06/27,tokyo,23.5,20.7,22.1,0,0
2026/06/27,osaka,26.8,20.2,22.7,0,0
2026/06/27,nagoya,24.7,18.4,21.9,0,0
2026/06/27,kobe,26,20.1,22.3,0,0
2026/06/27,nagasaki,27.2,21,23.4,0,0
2026/06/27,kumamoto,28.2,20.9,24,0,0
2026/06/27,sapporo,21.6,16.5,18.7,0,0
2026/06/27,morioka,26,16.4,21.6,0,0
2026/06/27,hiroshima,27.1,19,22.5,0,0
2026/06/27,takamatsu,25.9,20,22.7,0,0
2026/06/27,chitose,23.6,16,18.8,0,0
2026/06/27,yokkaichi,24.8,19.3,21.7,0,0
2026/06/27,mito,24.9,20.5,22,0,0
2026/06/28,tokyo,23.5,21.2,22.5,0,0
2026/06/28,osaka,28.3,21,23.7,0,0
2026/06/28,nagoya,27.1,20.4,23,0,0
2026/06/28,kobe,25.8,20.4,22.7,0,0
2026/06/28,nagasaki,26,19.8,22.6,0,0
2026/06/28,kumamoto,26.6,21.1,23.4,0,0
2026/06/28,sapporo,20.6,15.8,17.7,0,0
2026/06/28,morioka,25.4,14.4,20.1,0,0
2026/06/28,hiroshima,25.9,20.7,22.7,0,0
2026/06/28,takamatsu,25.7,20.1,22.8,0,0
2026/06/28,chitose,22,14.9,18.1,0,0
2026/06/28,yokkaichi,24.5,20.8,22.1,0,0
2026/06/28,mito,22.2,19.6,20.8,0,0
2026/06/29,tokyo,26.7,20.1,22.9,0,0
2026/06/29,osaka,29.6,21.5,25.1,1.1,0
2026/06/29,nagoya,29.4,21,24.9,0.9,0
2026/06/29,kobe,28.7,20.5,24,0,0
2026/06/29,nagasaki,28.1,18.8,23.4,0,0
2026/06/29,kumamoto,29.8,17.7,23.8,0,0
2026/06/29,sapporo,20.8,14.7,17.3,0,0
2026/06/29,morioka,26.9,15.3,21.3,0,0
2026/06/29,hiroshima,28.3,18.5,23.4,0,0
2026/06/29,takamatsu,28.4,21.1,24.3,0.3,0
2026/06/29,chitose,22.1,14.2,17.6,0,0
2026/06/29,yokkaichi,26.6,20.4,23.5,0,0
2026/06/29,mito,25.4,18.3,22.1,0,0
2026/06/30,tokyo,28.5,20.5,24.2,0.2,0
2026/06/30,osaka,28.2,22.3,25.1,1.1,0
2026/06/30,nagoya,29.3,21.4,25,1,0
2026/06/30,kobe,27,21.4,24.1,0.1,0
2026/06/30,nagasaki,26.4,21.8,23.2,0,0
2026/06/30,kumamoto,26.8,22.2,23.8,0,0
2026/06/30,sapporo,24.3,14.7,18.6,0,0
2026/06/30,morioka,27.5,15.4,21.5,0,0
2026/06/30,hiroshima,27.4,19.1,23.4,0,0
2026/06/30,takamatsu,27.6,21.3,24.3,0.3,0
2026/06/30,chitose,22.4,13.6,17.5,0,0
2026/06/30,yokkaichi,27,21.7,24,0,0
2026/06/30,mito,25.7,20,22.8,0,0
2026/07/01,tokyo,28.1,20,24,0,0
2026/07/01,osaka,25.2,21.3,23.5,0,0
2026/07/01,nagoya,26.7,20.3,23.6,0,0
2026/07/01,kobe,24.1,21.7,23.1,0,0
2026/07/01,nagasaki,25.5,23,23.9,0,0
2026/07/01,kumamoto,27,22.4,24,0,0
2026/07/01,sapporo,23.6,13.6,18.6,0,0
2026/07/01,morioka,29,16.5,22.9,0,0
2026/07/01,hiroshima,23.4,21.2,22.1,0,0
2026/07/01,takamatsu,24.4,22,22.9,0,0
2026/07/01,chitose,25.8,12,18.6,0,0
2026/07/01,yokkaichi,24.8,21.6,22.9,0,0
2026/07/01,mito,24.9,20.5,22.3,0,0
2026/07/02,tokyo,23.7,21,22,0,0
2026/07/02,osaka,28.8,22.1,25.1,1.1,0
2026/07/02,nagoya,29.7,19.5,23.8,0,0
2026/07/02,kobe,27.9,21.6,24.9,0.9,0
2026/07/02,nagasaki,27.4,22.6,24.4,0.4,0
2026/07/02,kumamoto,28.1,22.7,25.2,1.2,0
2026/07/02,sapporo,23.6,15.1,18.9,0,0
2026/07/02,morioka,26.5,19.9,22.1,0,0
2026/07/02,hiroshima,29.2,21.2,24.7,0.7,0
2026/07/02,takamatsu,29.1,22.8,25.1,1.1,0
2026/07/02,chitose,19.1,14.6,16.8,0,0
2026/07/02,yokkaichi,27.3,20.8,23.7,0,0
2026/07/02,mito,22.2,20.4,21.2,0,0
2026/07/03,tokyo,25.7,20.6,22.9,0,0
2026/07/03,osaka,29.4,20.6,24.9,0.9,0
2026/07/03,nagoya,30,21.5,25,1,0
2026/07/03,kobe,27.1,20.2,23.8,0,0
2026/07/03,nagasaki,27.4,21.7,23.5,0,0
2026/07/03,kumamoto,26.8,22.6,24.1,0.1,0
2026/07/03,sapporo,25.2,15.4,19.7,0,0
2026/07/03,morioka,25.2,17.2,20.7,0,0
2026/07/03,hiroshima,27.5,18.4,23,0,0
2026/07/03,takamatsu,27.7,20.9,24.2,0.2,0
2026/07/03,chitose,19.8,13.7,16.5,0,0
2026/07/03,yokkaichi,28.6,21.6,24.6,0.6,0
2026/07/03,mito,24.3,18.6,21.1,0,0
2026/07/04,tokyo,26.1,19.8,23,0,0
2026/07/04,osaka,25.9,22.3,24,0,0
2026/07/04,nagoya,26.7,21.6,23.4,0,0
2026/07/04,kobe,24.1,22.4,23.1,0,0
2026/07/04,nagasaki,27.2,22,23.9,0,0
2026/07/04,kumamoto,24.8,22.1,23.5,0,0
2026/07/04,sapporo,25.4,13.7,19.2,0,0
2026/07/04,morioka,26.2,17.3,21.1,0,0
2026/07/04,hiroshima,22.9,20.8,21.9,0,0
2026/07/04,takamatsu,25,22.5,23.4,0,0
2026/07/04,chitose,20.3,13.1,16.5,0,0
2026/07/04,yokkaichi,24.3,21.8,23,0,0
2026/07/04,mito,24.2,18.1,21,0,0
2026/07/05,tokyo,26.7,21.2,23.7,0,0
2026/07/05,osaka,26.3,22.2,24.1,0.1,0
2026/07/05,nagoya,25,21.7,22.9,0,0
2026/07/05,kobe,24.4,21.9,23.2,0,0
2026/07/05,nagasaki,27.7,23.4,24.4,0.4,0
2026/07/05,kumamoto,28.5,23.5,24.7,0.7,0
2026/07/05,sapporo,23.9,14.6,19.1,0,0
2026/07/05,morioka,25.7,17.8,21.5,0,0
2026/07/05,hiroshima,26.4,22.2,23.4,0,0
2026/07/05,takamatsu,26.6,22,24.1,0.1,0
2026/07/05,chitose,20.3,14,17.1,0,0
2026/07/05,yokkaichi,24.6,21.6,22.9,0,0
2026/07/05,mito,25.7,19.7,22.6,0,0
2026/07/06,tokyo,25.5,20.4,22.7,0,0
2026/07/06,osaka,26.8,22.7,24.3,0.3,0
2026/07/06,nagoya,23.4,20.3,22.1,0,0
2026/07/06,kobe,25.5,22.2,23.8,0,0
2026/07/06,nagasaki,28,23.5,25.4,1.4,0
2026/07/06,kumamoto,28.3,23.2,25.3,1.3,0
2026/07/06,sapporo,22.5,17.5,19.8,0,0
2026/07/06,morioka,26.3,20.3,22.8,0,0
2026/07/06,hiroshima,27.3,22.4,23.9,0,0
2026/07/06,takamatsu,26.7,23.4,24.4,0.4,0
2026/07/06,chitose,20.7,16.3,18.1,0,0
2026/07/06,yokkaichi,23.1,20.6,22.3,0,0
2026/07/06,mito,23.9,20.6,21.9,0,0
2026/07/07,tokyo,25.2,19.6,22.6,0,0
2026/07/07,osaka,28.9,21.4,25,1,0
2026/07/07,nagoya,27.2,20,23.3,0,0
2026/07/07,kobe,26.7,20.6,23.8,0,0
2026/07/07,nagasaki,29.7,24.6,26.6,2.6,0.6
2026/07/07,kumamoto,31.5,23.5,27.5,3.5,1.5
2026/07/07,sapporo,24.1,17,20.5,0,0
2026/07/07,morioka,26.9,19.1,22.7,0,0
2026/07/07,hiroshima,29,22.4,25.4,1.4,0
2026/07/07,takamatsu,28.9,22.9,25.7,1.7,0
2026/07/07,chitose,20.5,16.3,18.2,0,0
2026/07/07,yokkaichi,25.8,20.6,23.2,0,0
2026/07/07,mito,24.8,19.4,22,0,0
2026/07/08,tokyo,28.7,20.2,24.3,0.3,0
2026/07/08,osaka,29.6,23.3,26,2,0
2026/07/08,nagoya,27.7,21.4,24.4,0.4,0
2026/07/08,kobe,27.3,22.9,25.3,1.3,0
2026/07/08,nagasaki,30.2,24.6,27.2,3.2,1.2
2026/07/08,kumamoto,32.7,25.4,28.2,4.2,2.2
2026/07/08,sapporo,26.5,18.2,21.9,0,0
2026/07/08,morioka,27.7,18.8,22.9,0,0
2026/07/08,hiroshima,28.8,23.4,25.8,1.8,0
2026/07/08,takamatsu,29.9,23.8,26.6,2.6,0.6
2026/07/08,chitose,23,16.8,19.6,0,0
2026/07/08,yokkaichi,25.9,21.6,24,0,0
2026/07/08,mito,26.2,19.2,22.8,0,0
2026/07/09,tokyo,30.4,21.8,25.9,1.9,0
2026/07/09,osaka,29.9,23.8,26.5,2.5,0.5
2026/07/09,nagoya,30,21.7,25.5,1.5,0
2026/07/09,kobe,28.3,23.6,25.4,1.4,0
2026/07/09,nagasaki,31.2,24.1,27.5,3.5,1.5
2026/07/09,kumamoto,32.3,23.6,27.7,3.7,1.7
2026/07/09,sapporo,25.3,18.6,21.4,0,0
2026/07/09,morioka,31.3,19.3,24.9,0.9,0
2026/07/09,hiroshima,28.5,23.4,25.6,1.6,0
2026/07/09,takamatsu,29.4,23.8,26.6,2.6,0.6
2026/07/09,chitose,22,17.6,19.3,0,0
2026/07/09,yokkaichi,27.2,21.3,24.5,0.5,0
2026/07/09,mito,28.4,20.3,24.5,0.5,0
2026/07/10,tokyo,32.6,23,27.3,3.3,1.3
2026/07/10,osaka,30.5,23.6,27.1,3.1,1.1
2026/07/10,nagoya,30.4,22.7,26.2,2.2,0.2
2026/07/10,kobe,28.4,23.1,25.8,1.8,0
2026/07/10,nagasaki,32.8,24.3,28.5,4.5,2.5
2026/07/10,kumamoto,33.6,23.8,29,5,3
2026/07/10,sapporo,25,18.9,21.4,0,0
2026/07/10,morioka,33.4,21.4,27.1,3.1,1.1
2026/07/10,hiroshima,31.2,22.7,26.1,2.1,0.1
2026/07/10,takamatsu,29.1,22.6,26.2,2.2,0.2
2026/07/10,chitose,23.9,18,20.4,0,0
2026/07/10,yokkaichi,27.2,22.1,24.8,0.8,0
2026/07/10,mito,30.4,21.4,26,2,0
2026/07/11,tokyo,32.1,23.6,27.9,3.9,1.9
2026/07/11,osaka,31.5,25.4,28,4,2
2026/07/11,nagoya,31.4,23.1,26.8,2.8,0.8
2026/07/11,kobe,28.9,24.2,26.1,2.1,0.1
2026/07/11,nagasaki,33.5,25.6,29.3,5.3,3.3
2026/07/11,kumamoto,34.6,26.1,30.3,6.3,4.3
2026/07/11,sapporo,26.2,20.7,22.7,0,0
2026/07/11,morioka,28.8,21.8,24.7,0.7,0
2026/07/11,hiroshima,31,23.6,26.8,2.8,0.8
2026/07/11,takamatsu,30.2,23.4,26.9,2.9,0.9
2026/07/11,chitose,25.8,19.5,21.6,0,0
2026/07/11,yokkaichi,27.2,22.8,25.2,1.2,0
2026/07/11,mito,31.5,22.3,26.9,2.9,0.9
2026/07/12,tokyo,32.8,25.3,28.2,4.2,2.2
2026/07/12,osaka,32.6,24.9,29,5,3
2026/07/12,nagoya,34,24,28.8,4.8,2.8
2026/07/12,kobe,30.1,24.5,27.2,3.2,1.2
2026/07/12,nagasaki,32.1,26.7,28.9,4.9,2.9
2026/07/12,kumamoto,35.3,26.5,30.7,6.7,4.7
2026/07/12,sapporo,26.8,20,22.8,0,0
2026/07/12,morioka,24.5,21.5,22.7,0,0
2026/07/12,hiroshima,32.7,24.7,27.9,3.9,1.9
2026/07/12,takamatsu,32.4,24.3,28.2,4.2,2.2
2026/07/12,chitose,24.4,19,21.4,0,0
2026/07/12,yokkaichi,30.3,23.2,27.3,3.3,1.3
2026/07/12,mito,28.2,24,26,2,0
2026/07/13,tokyo,32.5,25.7,28.3,4.3,2.3
2026/07/13,osaka,33.3,27,30.5,6.5,4.5
2026/07/13,nagoya,33.8,26.5,29.8,5.8,3.8
2026/07/13,kobe,31.6,26.3,29,5,3
2026/07/13,nagasaki,31.1,26.2,28.3,4.3,2.3
2026/07/13,kumamoto,34.6,26.9,30.6,6.6,4.6
2026/07/13,sapporo,26.7,20.8,23.2,0,0
2026/07/13,morioka,28.8,21.8,24.8,0.8,0
2026/07/13,hiroshima,33.8,24.8,29.2,5.2,3.2
2026/07/13,takamatsu,33.7,26.6,29.8,5.8,3.8
2026/07/13,chitose,27.6,20.6,23.4,0,0
2026/07/13,yokkaichi,33.6,25.4,29.3,5.3,3.3
2026/07/13,mito,29.6,23.7,25.7,1.7,0
2026/07/14,tokyo,36.1,24.5,30.2,6.2,4.2
2026/07/14,osaka,35.7,27.5,32,8,6
2026/07/14,nagoya,37.2,26.4,31.8,7.8,5.8
2026/07/14,kobe,32.3,26.1,29.1,5.1,3.1
2026/07/14,nagasaki,30.5,26,28,4,2
2026/07/14,kumamoto,33.9,26.2,29.5,5.5,3.5
2026/07/14,sapporo,27.1,20.7,23.4,0,0
2026/07/14,morioka,29.4,21.6,25.1,1.1,0
2026/07/14,hiroshima,32.9,24.6,28.9,4.9,2.9
2026/07/14,takamatsu,34.4,27,30.3,6.3,4.3
2026/07/14,chitose,25.6,20.3,22.3,0,0
2026/07/14,yokkaichi,35.4,24.5,30.2,6.2,4.2
2026/07/14,mito,32.3,23.1,27.2,3.2,1.2
2026/07/15,tokyo,35.4,26.8,30.7,6.7,4.7
2026/07/15,osaka,35.4,28.3,31.6,7.6,5.6
2026/07/15,nagoya,38.8,27.7,32.7,8.7,6.7
2026/07/15,kobe,33.1,26.3,29,5,3
2026/07/15,nagasaki,30,26.5,27.8,3.8,1.8
2026/07/15,kumamoto,32.2,26.5,28.9,4.9,2.9
2026/07/15,sapporo,28.1,21.3,24,0,0
2026/07/15,morioka,32.8,22.8,27.6,3.6,1.6
2026/07/15,hiroshima,31.8,26.2,28.7,4.7,2.7
2026/07/15,takamatsu,34.3,26.5,30.8,6.8,4.8
2026/07/15,chitose,25.7,20.4,22.6,0,0
2026/07/15,yokkaichi,32.6,25.3,29.5,5.5,3.5
2026/07/15,mito,33.4,25.2,28.8,4.8,2.8
2026/07/16,tokyo,36.7,27.5,31.5,7.5,5.5
2026/07/16,osaka,35.8,28.7,32,8,6
2026/07/16,nagoya,38,29.6,33.1,9.1,7.1
2026/07/16,kobe,34.1,27.7,30.4,6.4,4.4
2026/07/16,nagasaki,30.8,26.6,28,4,2
2026/07/16,kumamoto,32.7,27,29.3,5.3,3.3
2026/07/16,sapporo,30.5,21.1,24.7,0.7,0
2026/07/16,morioka,32.6,23.8,27.6,3.6,1.6
2026/07/16,hiroshima,35.1,25.6,30.1,6.1,4.1
2026/07/16,takamatsu,35.1,27.8,31,7,5
2026/07/16,chitose,29.3,20.5,23.9,0,0
2026/07/16,yokkaichi,33,26.4,29.9,5.9,3.9
2026/07/16,mito,31,25.3,28,4,2
2026/07/17,tokyo,32.4,25.7,28.3,4.3,2.3
2026/07/17,osaka,37.4,27.9,32.4,8.4,6.4
2026/07/17,nagoya,36.8,27.3,31.6,7.6,5.6
2026/07/17,kobe,34.9,26.5,30.2,6.2,4.2
2026/07/17,nagasaki,30.5,26.2,28,4,2
2026/07/17,kumamoto,31.8,26.5,29.1,5.1,3.1
2026/07/17,sapporo,28,19.9,23.8,0,0
2026/07/17,morioka,28.9,22.5,25.4,1.4,0
2026/07/17,hiroshima,33.2,24.5,29,5,3
2026/07/17,takamatsu,35,26,30.4,6.4,4.4
2026/07/17,chitose,25,19.7,21.8,0,0
2026/07/17,yokkaichi,30.6,24,27.7,3.7,1.7
2026/07/17,mito,26.6,24,25.3,1.3,0
2026/07/18,tokyo,29.2,25.3,27.2,3.2,1.2
2026/07/18,osaka,35.8,27.8,31.7,7.7,5.7
2026/07/18,nagoya,34.5,27.3,30.4,6.4,4.4
2026/07/18,kobe,32.6,26.3,29.2,5.2,3.2
2026/07/18,nagasaki,30.8,26.3,28.2,4.2,2.2
2026/07/18,kumamoto,34.7,27,30.2,6.2,4.2
2026/07/18,sapporo,23.2,21.1,22,0,0
2026/07/18,morioka,28.4,23.3,25.3,1.3,0
2026/07/18,hiroshima,33.8,25.4,29.5,5.5,3.5
2026/07/18,takamatsu,34.5,27.3,30.8,6.8,4.8
2026/07/18,chitose,22.6,20.6,21.6,0,0
2026/07/18,yokkaichi,29,25.9,27.3,3.3,1.3
2026/07/18,mito,28.6,23.7,25.5,1.5,0
2026/07/19,tokyo,32.6,25,28.7,4.7,2.7
2026/07/19,osaka,35.7,29.2,31.8,7.8,5.8
2026/07/19,nagoya,35.4,26.8,30.6,6.6,4.6
2026/07/19,kobe,32.9,26.7,29.1,5.1,3.1
2026/07/19,nagasaki,31,26.7,28.4,4.4,2.4
2026/07/19,kumamoto,35.1,26.2,30.1,6.1,4.1
2026/07/19,sapporo,24.2,20.3,21.7,0,0
2026/07/19,morioka,31,23.2,26.5,2.5,0.5
2026/07/19,hiroshima,34.9,26.6,29.7,5.7,3.7
2026/07/19,takamatsu,32.8,27.1,30.1,6.1,4.1
2026/07/19,chitose,22.3,19.9,20.8,0,0
2026/07/19,yokkaichi,29.3,25.8,27.4,3.4,1.4
2026/07/19,mito,31.5,23.5,27.6,3.6,1.6
2026/07/20,tokyo,37.1,25.8,31.6,7.6,5.6
2026/07/20,osaka,36.4,29.1,32.1,8.1,6.1
2026/07/20,nagoya,38.5,27.3,32.8,8.8,6.8
2026/07/20,kobe,33.6,26.8,29.5,5.5,3.5
2026/07/20,nagasaki,32.3,26.4,28.7,4.7,2.7
2026/07/20,kumamoto,35.5,26.3,30.7,6.7,4.7
2026/07/20,sapporo,24.1,20.6,21.8,0,0
2026/07/20,morioka,31.5,24.9,27.7,3.7,1.7
2026/07/20,hiroshima,34.6,26.5,29.8,5.8,3.8
2026/07/20,takamatsu,35,27.4,30.7,6.7,4.7
2026/07/20,chitose,26.1,19.1,21.7,0,0
2026/07/20,yokkaichi,30.9,25.1,28.3,4.3,2.3
2026/07/20,mito,35.4,24.3,30.1,6.1,4.1
2026/07/21,tokyo,38.1,27.8,32.7,8.7,6.7
2026/07/21,osaka,38.3,29.2,33,9,7
2026/07/21,nagoya,41.2,29.7,34.6,10.6,8.6
2026/07/21,kobe,36.3,27.3,31.1,7.1,5.1
2026/07/21,nagasaki,32.2,26.5,29,5,3
2026/07/21,kumamoto,35.4,27.2,30.9,6.9,4.9
2026/07/21,sapporo,28.1,19.8,23.3,0,0
2026/07/21,morioka,30.8,24.3,27.4,3.4,1.4
2026/07/21,hiroshima,35.7,25.8,30.2,6.2,4.2
2026/07/21,takamatsu,35.3,28,31.3,7.3,5.3
2026/07/21,chitose,29.6,19.4,23.6,0,0
2026/07/21,yokkaichi,34.1,26.2,30.4,6.4,4.4
2026/07/21,mito,36.5,26.6,30.7,6.7,4.7
2026/07/22,tokyo,37.9,28.3,32.6,8.6,6.6
2026/07/22,osaka,37.5,28.6,32.9,8.9,6.9
2026/07/22,nagoya,39.8,30.3,34.7,10.7,8.7
2026/07/22,kobe,35.6,27.6,31.4,7.4,5.4
2026/07/22,nagasaki,32.8,25.9,28.9,4.9,2.9
2026/07/22,kumamoto,36.2,27.9,31.5,7.5,5.5
2026/07/22,sapporo,26.2,20.4,22.3,0,0
2026/07/22,morioka,29.4,23.1,26,2,0
2026/07/22,hiroshima,34,26.1,30.2,6.2,4.2
2026/07/22,takamatsu,35.8,28.3,31.9,7.9,5.9
2026/07/22,chitose,24.9,20.3,22,0,0
2026/07/22,yokkaichi,35.1,27,31.3,7.3,5.3
2026/07/22,mito,35,24.8,29.2,5.2,3.2
2026/07/23,tokyo,38.3,28.3,32.1,8.1,6.1
2026/07/23,osaka,38.4,29.9,33.9,9.9,7.9
2026/07/23,nagoya,40.4,29.5,34.5,10.5,8.5
2026/07/23,kobe,35.5,27.8,31.4,7.4,5.4
2026/07/23,nagasaki,32.1,26.2,28.9,4.9,2.9
2026/07/23,kumamoto,35.9,27.5,31.2,7.2,5.2
2026/07/23,sapporo,27.9,18.1,23.1,0,0
2026/07/23,morioka,27.7,21.9,24.7,0.7,0
2026/07/23,hiroshima,34.6,25.2,30.5,6.5,4.5
2026/07/23,takamatsu,36.2,28,32,8,6
2026/07/23,chitose,28.5,19.4,22.9,0,0
2026/07/23,yokkaichi,38,27,32.1,8.1,6.1
2026/07/23,mito,31.3,24.3,27.4,3.4,1.4
2026/07/24,tokyo,34.7,26,29.3,5.3,3.3
2026/07/24,osaka,38.1,29.9,34,10,8
2026/07/24,nagoya,40.5,28.9,34.2,10.2,8.2
2026/07/24,kobe,36.3,27.9,31.8,7.8,5.8
2026/07/24,nagasaki,33,25.8,29.2,5.2,3.2
2026/07/24,kumamoto,36.2,27.7,31.4,7.4,5.4
2026/07/24,sapporo,27.3,19,22.5,0,0
2026/07/24,morioka,26,21.5,23,0,0
2026/07/24,hiroshima,35.4,25.3,30.6,6.6,4.6
2026/07/24,takamatsu,37,28.1,32.1,8.1,6.1
2026/07/24,chitose,23.4,18.6,20.4,0,0
2026/07/24,yokkaichi,34.2,25.9,30.3,6.3,4.3
2026/07/24,mito,27.4,23.8,25.4,1.4,0
2026/07/25,tokyo,37,26.4,30,6,4
2026/07/25,osaka,37,29,32.8,8.8,6.8
2026/07/25,nagoya,40,28.8,33.9,9.9,7.9
2026/07/25,kobe,36.4,27.6,31.3,7.3,5.3
2026/07/25,nagasaki,33.7,26.5,29.9,5.9,3.9
2026/07/25,kumamoto,35.8,27.5,31.6,7.6,5.6
2026/07/25,sapporo,22.5,17.1,19.6,0,0
2026/07/25,morioka,24.4,20.8,22.3,0,0
2026/07/25,hiroshima,35,25.1,30.2,6.2,4.2
2026/07/25,takamatsu,37,27.8,32,8,6
2026/07/25,chitose,19.7,16.7,18.2,0,0
2026/07/25,yokkaichi,37.6,26.6,31.9,7.9,5.9
2026/07/25,mito,31.8,23.5,25.8,1.8,0
2026/07/26,tokyo,34.5,24.7,28.8,4.8,2.8
2026/07/26,osaka,34.9,28,31.9,7.9,5.9
2026/07/26,nagoya,37.6,28.2,32.3,8.3,6.3
2026/07/26,kobe,34.5,27.1,31,7,5
2026/07/26,nagasaki,34.2,26.8,30.1,6.1,4.1
2026/07/26,kumamoto,36.8,27.9,32.1,8.1,6.1
2026/07/26,sapporo,22.5,16.8,19.4,0,0
2026/07/26,morioka,23,20.2,21.4,0,0
2026/07/26,hiroshima,34.7,25.5,30.5,6.5,4.5
2026/07/26,takamatsu,36.7,27.6,31.7,7.7,5.7
2026/07/26,chitose,21,16.2,18.3,0,0
2026/07/26,yokkaichi,36.1,25.3,30.5,6.5,4.5
2026/07/26,mito,30.5,22.9,25.6,1.6,0
2026/07/27,tokyo,30.8,23.9,26.8,2.8,0.8
2026/07/27,osaka,35.1,28.4,31.1,7.1,5.1
2026/07/27,nagoya,34.7,27.2,30.6,6.6,4.6
2026/07/27,kobe,32,26,28.8,4.8,2.8
2026/07/27,nagasaki,36.1,27.4,30.9,6.9,4.9
2026/07/27,kumamoto,37.8,28.3,32.7,8.7,6.7
2026/07/27,sapporo,24.5,16.2,20.3,0,0
2026/07/27,morioka,25.8,19.3,22,0,0
2026/07/27,hiroshima,35.5,26.1,30.7,6.7,4.7
2026/07/27,takamatsu,33.6,28.2,30.7,6.7,4.7
2026/07/27,chitose,22.6,15.1,18.9,0,0
2026/07/27,yokkaichi,33.5,26.3,29.8,5.8,3.8
2026/07/27,mito,26.2,21.8,23.8,0,0
2026/07/28,tokyo,31,22.2,26.2,2.2,0.2
2026/07/28,osaka,35.2,26.2,30.4,6.4,4.4
2026/07/28,nagoya,30.6,24.4,26.3,2.3,0.3
2026/07/28,kobe,34.5,25.9,28.9,4.9,2.9
2026/07/28,nagasaki,33.7,26.5,29.7,5.7,3.7
2026/07/28,kumamoto,36.7,28.2,32,8,6
2026/07/28,sapporo,22.1,17.7,20,0,0
2026/07/28,morioka,25.3,19.9,22.1,0,0
2026/07/28,hiroshima,36.5,25.4,30.9,6.9,4.9
2026/07/28,takamatsu,36.8,27.6,31.1,7.1,5.1
2026/07/28,chitose,19.8,17,18.6,0,0
2026/07/28,yokkaichi,29.6,24.6,26.8,2.8,0.8
2026/07/28,mito,27.5,21.4,23.9,0,0
2026/07/29,tokyo,36.6,23.6,30.5,6.5,4.5
2026/07/29,osaka,33.2,25.2,29.6,5.6,3.6
2026/07/29,nagoya,32.2,24.3,28.1,4.1,2.1
2026/07/29,kobe,32.5,25.5,28.5,4.5,2.5
2026/07/29,nagasaki,33.1,27.2,29.7,5.7,3.7
2026/07/29,kumamoto,34.8,27.2,31.1,7.1,5.1
2026/07/29,sapporo,23.1,19.2,20.4,0,0
2026/07/29,morioka,28.5,21,23.7,0,0
2026/07/29,hiroshima,32.2,26.4,29.1,5.1,3.1
2026/07/29,takamatsu,32.7,26.5,29.7,5.7,3.7
2026/07/29,chitose,19.8,18.2,18.8,0,0
2026/07/29,yokkaichi,33.2,24.3,28.4,4.4,2.4
2026/07/29,mito,32.6,22.5,27.2,3.2,1.2
2026/07/30,tokyo,39.1,27.6,32.8,8.8,6.8
2026/07/30,osaka,35.7,28.7,32,8,6
2026/07/30,nagoya,35,26.4,30.2,6.2,4.2
2026/07/30,kobe,35,27.5,31,7,5
2026/07/30,nagasaki,32.4,27.1,29.4,5.4,3.4
2026/07/30,kumamoto,34.2,27.2,30.6,6.6,4.6
2026/07/30,sapporo,23.4,18.6,20.3,0,0
2026/07/30,morioka,27.9,20.6,23.5,0,0
2026/07/30,hiroshima,33.7,25.8,29.7,5.7,3.7
2026/07/30,takamatsu,36.2,27.8,31.5,7.5,5.5
2026/07/30,chitose,20.8,17.6,18.6,0,0
2026/07/30,yokkaichi,36,25.7,30.4,6.4,4.4
2026/07/30,mito,33.5,24,28,4,2
2026/07/31,tokyo,38.4,27,31.4,7.4,5.4
2026/07/31,osaka,36.2,28.3,32.4,8.4,6.4
2026/07/31,nagoya,36.1,26,30.7,6.7,4.7
2026/07/31,kobe,34.6,27,30.9,6.9,4.9
2026/07/31,nagasaki,32.7,26.3,29.1,5.1,3.1
2026/07/31,kumamoto,34.9,26.3,30.3,6.3,4.3
2026/07/31,sapporo,24.4,18.4,20.8,0,0
2026/07/31,morioka,26.2,21.3,23.3,0,0
2026/07/31,hiroshima,33.6,22.8,29,5,3
2026/07/31,takamatsu,36.4,26.7,31.5,7.5,5.5
2026/07/31,chitose,22.2,17.8,19.4,0,0
2026/07/31,yokkaichi,36.4,25.7,30.7,6.7,4.7
2026/07/31,mito,29.9,23.9,26.3,2.3,0.3
2026/08/01,tokyo,39.2,27.5,32.8,8.8,6.8
2026/08/01,osaka,36.5,28.8,32.6,8.6,6.6
2026/08/01,nagoya,38.2,27,32.1,8.1,6.1
2026/08/01,kobe,34.8,27.5,31.2,7.2,5.2
2026/08/01,nagasaki,33.8,25.6,29.4,5.4,3.4
2026/08/01,kumamoto,36.3,26.1,31.1,7.1,5.1
2026/08/01,sapporo,22.7,16.4,19.2,0,0
2026/08/01,morioka,22.5,20.7,21.6,0,0
2026/08/01,hiroshima,34.5,24.3,29.4,5.4,3.4
2026/08/01,takamatsu,37,27.9,32.1,8.1,6.1
2026/08/01,chitose,19.7,15.5,17.7,0,0
2026/08/01,yokkaichi,37.3,26.2,31.4,7.4,5.4
2026/08/01,mito,33.3,23.6,28.1,4.1,2.1
