date,area,avg_price,peak_price,max_price,min_price,station,tmax,tmin,tavg,cdd26,is_weekend,is_obon
2025/04/01,chubu,13.29,9.13,18,4.76,osaka,15.3,6.7,11,0,0,0
2025/04/01,chugoku,12.78,8.82,18,4.76,osaka,15.3,6.7,11,0,0,0
2025/04/01,hokkaido,14.54,13.72,20.3,7.11,sapporo,6.4,-2.1,2.2,0,0,0
2025/04/01,hokuriku,13.27,8.95,18,4.76,osaka,15.3,6.7,11,0,0,0
2025/04/01,kansai,13.27,8.95,18,4.76,osaka,15.3,6.7,11,0,0,0
2025/04/01,kyushu,12.78,8.82,18,4.76,nagasaki,14.4,6.2,10.3,0,0,0
2025/04/01,shikoku,4.64,0.01,7.84,0.01,nagasaki,14.4,6.2,10.3,0,0,0
2025/04/01,system,14.37,13.7,18.42,8.01,tokyo,13.4,4.8,9.1,0,0,0
2025/04/01,tohoku,16.5,18.93,20.3,13.42,tokyo,13.4,4.8,9.1,0,0,0
2025/04/01,tokyo,16.87,18.93,20.3,13.42,tokyo,13.4,4.8,9.1,0,0,0
2025/04/02,chubu,11.47,10.61,15.73,4.69,osaka,16,8.3,12.2,0,0,0
2025/04/02,chugoku,10.8,8.65,14.73,4.69,osaka,16,8.3,12.2,0,0,0
2025/04/02,hokkaido,15.97,16.85,19.03,11.28,sapporo,6.7,-2.5,2.1,0,0,0
2025/04/02,hokuriku,11.37,10.61,15.73,4.69,osaka,16,8.3,12.2,0,0,0
2025/04/02,kansai,11.37,10.61,15.73,4.69,osaka,16,8.3,12.2,0,0,0
2025/04/02,kyushu,10.27,6.8,14.73,0.01,nagasaki,16,7.1,11.6,0,0,0
2025/04/02,shikoku,9.46,4.89,14.73,0.01,nagasaki,16,7.1,11.6,0,0,0
2025/04/02,system,12.62,10.72,15.17,7.53,tokyo,14,6.4,10.2,0,0,0
2025/04/02,tohoku,16.13,16.85,19.03,13.63,tokyo,14,6.4,10.2,0,0,0
2025/04/02,tokyo,16.13,16.85,19.03,13.63,tokyo,14,6.4,10.2,0,0,0
2025/04/03,chubu,11.78,11.2,15.03,4.61,osaka,14.1,5.4,9.8,0,0,0
2025/04/03,chugoku,10.77,8.14,14.67,4.61,osaka,14.1,5.4,9.8,0,0,0
2025/04/03,hokkaido,17.56,17.58,20.96,11.19,sapporo,7.8,-0.1,3.9,0,0,0
2025/04/03,hokuriku,11.49,11.2,15.03,4.61,osaka,14.1,5.4,9.8,0,0,0
2025/04/03,kansai,11.49,11.2,15.03,4.61,osaka,14.1,5.4,9.8,0,0,0
2025/04/03,kyushu,9.13,2.44,14.67,0.01,nagasaki,15.8,8.2,12,0,0,0
2025/04/03,shikoku,10.13,6.58,14.67,0.01,nagasaki,15.8,8.2,12,0,0,0
2025/04/03,system,13.45,11.13,18.23,7,tokyo,14.6,5.9,10.3,0,0,0
2025/04/03,tohoku,17.24,17.58,20.42,14.35,tokyo,14.6,5.9,10.3,0,0,0
2025/04/03,tokyo,17.24,17.58,20.42,14.35,tokyo,14.6,5.9,10.3,0,0,0
2025/04/04,chubu,11.35,8.67,16.32,1,osaka,14.7,7,10.8,0,0,0
2025/04/04,chugoku,10.95,8.29,16.32,1,osaka,14.7,7,10.8,0,0,0
2025/04/04,hokkaido,13.2,11.03,17.17,6.55,sapporo,8.1,-0.6,3.8,0,0,0
2025/04/04,hokuriku,11.24,8.67,16.32,1,osaka,14.7,7,10.8,0,0,0
2025/04/04,kansai,11.24,8.67,16.32,1,osaka,14.7,7,10.8,0,0,0
2025/04/04,kyushu,8.97,0.65,16.32,0.01,nagasaki,14.8,6.5,10.7,0,0,0
2025/04/04,shikoku,10.13,6.4,16.32,0.01,nagasaki,14.8,6.5,10.7,0,0,0
2025/04/04,system,11.62,8.38,16.04,0.1,tokyo,15.2,7.5,11.3,0,0,0
2025/04/04,tohoku,13.19,11.17,17.17,6.55,tokyo,15.2,7.5,11.3,0,0,0
2025/04/04,tokyo,14.07,12.93,17.17,10.39,tokyo,15.2,7.5,11.3,0,0,0
2025/04/05,chubu,10.03,8.26,13.1,3.61,osaka,15.3,6.6,10.9,0,1,0
2025/04/05,chugoku,10.01,8.04,13.1,3.61,osaka,15.3,6.6,10.9,0,1,0
2025/04/05,hokkaido,10.62,7.08,16.57,0.02,sapporo,9.2,-0.2,4.5,0,1,0
2025/04/05,hokuriku,10.01,8.04,13.1,3.61,osaka,15.3,6.6,10.9,0,1,0
2025/04/05,kansai,10.01,8.04,13.1,3.61,osaka,15.3,6.6,10.9,0,1,0
2025/04/05,kyushu,9.82,7.36,13.1,3.61,nagasaki,16.4,7.3,11.8,0,1,0
2025/04/05,shikoku,9.86,8.04,13.1,3.61,nagasaki,16.4,7.3,11.8,0,1,0
2025/04/05,system,10.43,7.82,13.38,3,tokyo,15.8,7.1,11.4,0,1,0
2025/04/05,tohoku,9.79,4.98,16.57,0.01,tokyo,15.8,7.1,11.4,0,1,0
2025/04/05,tokyo,11.79,8.42,16.57,7,tokyo,15.8,7.1,11.4,0,1,0
2025/04/06,chubu,9.04,5.92,12.46,5.56,osaka,15.9,8.2,12.1,0,1,0
2025/04/06,chugoku,7.38,2.59,12.46,0.01,osaka,15.9,8.2,12.1,0,1,0
2025/04/06,hokkaido,11.71,10.34,16.47,5.56,sapporo,7.7,-0.4,3.6,0,1,0
2025/04/06,hokuriku,7.38,2.59,12.46,0.01,osaka,15.9,8.2,12.1,0,1,0
2025/04/06,kansai,7.38,2.59,12.46,0.01,osaka,15.9,8.2,12.1,0,1,0
2025/04/06,kyushu,6.35,0.01,12.46,0.01,nagasaki,16.2,8.5,12.3,0,1,0
2025/04/06,shikoku,6.57,0.01,12.46,0.01,nagasaki,16.2,8.5,12.3,0,1,0
2025/04/06,system,9,5.01,12.93,0.1,tokyo,13.9,6.2,10.1,0,1,0
2025/04/06,tohoku,11.62,10.34,16.47,5.56,tokyo,13.9,6.2,10.1,0,1,0
2025/04/06,tokyo,11.81,10.34,16.47,5.56,tokyo,13.9,6.2,10.1,0,1,0
2025/04/07,chubu,9.4,4.26,16,0.99,osaka,16.5,7.7,12.1,0,0,0
2025/04/07,chugoku,9.4,4.26,16,0.99,osaka,16.5,7.7,12.1,0,0,0
2025/04/07,hokkaido,10.95,8.15,16.31,3,sapporo,8.1,-0.8,3.6,0,0,0
2025/04/07,hokuriku,9.4,4.26,16,0.99,osaka,16.5,7.7,12.1,0,0,0
2025/04/07,kansai,9.4,4.26,16,0.99,osaka,16.5,7.7,12.1,0,0,0
2025/04/07,kyushu,7.91,0.01,16,0.01,nagasaki,17.8,9.3,13.6,0,0,0
2025/04/07,shikoku,8.42,1.17,16,0.01,nagasaki,17.8,9.3,13.6,0,0,0
2025/04/07,system,9.65,5.39,15.67,0.01,tokyo,14.5,5.8,10.2,0,0,0
2025/04/07,tohoku,10.58,7.57,16.31,0.01,tokyo,14.5,5.8,10.2,0,0,0
2025/04/07,tokyo,12.25,11.53,16.31,7.26,tokyo,14.5,5.8,10.2,0,0,0
2025/04/08,chubu,9.6,6.9,13.62,1,osaka,17.1,9.3,13.2,0,0,0
2025/04/08,chugoku,9.55,6.9,13.62,1,osaka,17.1,9.3,13.2,0,0,0
2025/04/08,hokkaido,11.23,10.54,15,6.17,sapporo,9.1,1.5,5.3,0,0,0
2025/04/08,hokuriku,9.6,6.9,13.62,1,osaka,17.1,9.3,13.2,0,0,0
2025/04/08,kansai,9.55,6.9,13.62,1,osaka,17.1,9.3,13.2,0,0,0
2025/04/08,kyushu,7.65,0.18,13.62,0.01,nagasaki,17.6,8.5,13.1,0,0,0
2025/04/08,shikoku,8.93,4.84,13.62,0.01,nagasaki,17.6,8.5,13.1,0,0,0
2025/04/08,system,9.95,6.76,14.18,1,tokyo,15.2,7.4,11.3,0,0,0
2025/04/08,tohoku,11.25,10.59,15,6.17,tokyo,15.2,7.4,11.3,0,0,0
2025/04/08,tokyo,12.11,10.59,15,7.31,tokyo,15.2,7.4,11.3,0,0,0
2025/04/09,chubu,9.73,5.65,14.64,1,osaka,17.7,8.9,13.3,0,0,0
2025/04/09,chugoku,9.44,5.65,14.64,1,osaka,17.7,8.9,13.3,0,0,0
2025/04/09,hokkaido,10.56,5.72,14.64,0.01,sapporo,9.5,1.1,5.3,0,0,0
2025/04/09,hokuriku,9.73,5.65,14.64,1,osaka,17.7,8.9,13.3,0,0,0
2025/04/09,kansai,9.44,5.65,14.64,1,osaka,17.7,8.9,13.3,0,0,0
2025/04/09,kyushu,7.73,0.01,14.64,0.01,nagasaki,16.7,8.8,12.8,0,0,0
2025/04/09,shikoku,8.81,3.68,14.64,0.01,nagasaki,16.7,8.8,12.8,0,0,0
2025/04/09,system,9.92,5,14.64,0.01,tokyo,15.8,7,11.4,0,0,0
2025/04/09,tohoku,10.46,4.89,14.64,0.01,tokyo,15.8,7,11.4,0,0,0
2025/04/09,tokyo,12.12,10.37,14.64,7.92,tokyo,15.8,7,11.4,0,0,0
2025/04/10,chubu,12.12,13.24,15,8.21,osaka,16.3,7.1,11.7,0,0,0
2025/04/10,chugoku,12.09,13.24,15,8.21,osaka,16.3,7.1,11.7,0,0,0
2025/04/10,hokkaido,11.13,8.52,17,6.75,sapporo,9.7,1.3,5.5,0,0,0
2025/04/10,hokuriku,12.12,13.24,15,8.21,osaka,16.3,7.1,11.7,0,0,0
2025/04/10,kansai,12.09,13.24,15,8.21,osaka,16.3,7.1,11.7,0,0,0
2025/04/10,kyushu,12.09,13.24,15,8.21,nagasaki,18.1,8.7,13.4,0,0,0
2025/04/10,shikoku,12.07,13.24,15,8.21,nagasaki,18.1,8.7,13.4,0,0,0
2025/04/10,system,12.72,13.14,15.32,10.71,tokyo,16.8,7.6,12.2,0,0,0
2025/04/10,tohoku,12.11,12.06,17,6.75,tokyo,16.8,7.6,12.2,0,0,0
2025/04/10,tokyo,13.41,13.59,17,12.07,tokyo,16.8,7.6,12.2,0,0,0
2025/04/11,chubu,10.33,7.09,15,4.25,osaka,16.9,8.6,12.8,0,0,0
2025/04/11,chugoku,9.69,6.58,15,3.07,osaka,16.9,8.6,12.8,0,0,0
2025/04/11,hokkaido,11.79,10.45,15.67,6.81,sapporo,10.1,0.9,5.5,0,0,0
2025/04/11,hokuriku,10.33,7.09,15,4.25,osaka,16.9,8.6,12.8,0,0,0
2025/04/11,kansai,9.69,6.58,15,3.07,osaka,16.9,8.6,12.8,0,0,0
2025/04/11,kyushu,8.13,1.27,15,0.01,nagasaki,18,9.9,13.9,0,0,0
2025/04/11,shikoku,9.22,5.68,15,0.01,nagasaki,18,9.9,13.9,0,0,0
2025/04/11,system,10.5,7.93,15.05,3,tokyo,17.4,9.2,13.3,0,0,0
2025/04/11,tohoku,11.87,10.51,15.67,6.81,tokyo,17.4,9.2,13.3,0,0,0
2025/04/11,tokyo,12.88,12.46,15.67,10.68,tokyo,17.4,9.2,13.3,0,0,0
2025/04/12,chubu,8.12,3.18,12.87,0.01,osaka,17.5,8.2,12.8,0,1,0
2025/04/12,chugoku,8.07,3.18,12.87,0.01,osaka,17.5,8.2,12.8,0,1,0
2025/04/12,hokkaido,9.07,3.58,17,0.01,sapporo,8.6,0.7,4.6,0,1,0
2025/04/12,hokuriku,8.12,3.18,12.87,0.01,osaka,17.5,8.2,12.8,0,1,0
2025/04/12,kansai,8.07,3.18,12.87,0.01,osaka,17.5,8.2,12.8,0,1,0
2025/04/12,kyushu,8.07,3.18,12.87,0.01,nagasaki,17,8.2,12.6,0,1,0
2025/04/12,shikoku,8.07,3.18,12.87,0.01,nagasaki,17,8.2,12.6,0,1,0
2025/04/12,system,8.51,3.28,13.38,0.01,tokyo,15.5,6.2,10.8,0,1,0
2025/04/12,tohoku,9.22,3.87,17,0.01,tokyo,15.5,6.2,10.8,0,1,0
2025/04/12,tokyo,9.31,4.47,17,0.01,tokyo,15.5,6.2,10.8,0,1,0
2025/04/13,chubu,11.41,12.05,13.38,7.92,osaka,18.1,9.8,14,0,1,0
2025/04/13,chugoku,10.05,7.21,12.42,3.93,osaka,18.1,9.8,14,0,1,0
2025/04/13,hokkaido,9.57,7.33,13.5,6.89,sapporo,9,0.3,4.7,0,1,0
2025/04/13,hokuriku,11.41,12.05,13.38,7.92,osaka,18.1,9.8,14,0,1,0
2025/04/13,kansai,10.05,7.21,12.42,3.93,osaka,18.1,9.8,14,0,1,0
2025/04/13,kyushu,6.64,0.01,12.42,0.01,nagasaki,16.9,9.4,13.1,0,1,0
2025/04/13,shikoku,9.99,6.72,12.42,3.93,nagasaki,16.9,9.4,13.1,0,1,0
2025/04/13,system,10.08,7.09,12.41,6.11,tokyo,16.2,7.9,12.1,0,1,0
2025/04/13,tohoku,11.31,12.33,13.5,6.89,tokyo,16.2,7.9,12.1,0,1,0
2025/04/13,tokyo,11.87,12.39,13.5,11,tokyo,16.2,7.9,12.1,0,1,0
2025/04/14,chubu,9.82,7.41,15.04,2.86,osaka,18.7,9.4,14.1,0,0,0
2025/04/14,chugoku,9.56,7.41,15.04,2.86,osaka,18.7,9.4,14.1,0,0,0
2025/04/14,hokkaido,10.59,9.6,15.04,5,sapporo,10,0.6,5.3,0,0,0
2025/04/14,hokuriku,9.8,7.41,15.04,2.86,osaka,18.7,9.4,14.1,0,0,0
2025/04/14,kansai,9.56,7.41,15.04,2.86,osaka,18.7,9.4,14.1,0,0,0
2025/04/14,kyushu,9.56,7.34,15.04,2.86,nagasaki,18.4,10.2,14.3,0,0,0
2025/04/14,shikoku,9.53,7.41,15.04,2.86,nagasaki,18.4,10.2,14.3,0,0,0
2025/04/14,system,10.13,7.69,15.04,3,tokyo,16.8,7.5,12.2,0,0,0
2025/04/14,tohoku,10.7,9.67,15.04,5,tokyo,16.8,7.5,12.2,0,0,0
2025/04/14,tokyo,11.2,9.67,15.04,5,tokyo,16.8,7.5,12.2,0,0,0
2025/04/15,chubu,11.66,10.19,17.58,6.9,osaka,16.9,8.6,12.8,0,0,0
2025/04/15,chugoku,11.66,10.19,17.58,6.9,osaka,16.9,8.6,12.8,0,0,0
2025/04/15,hokkaido,10.86,10.13,15.24,6.87,sapporo,10.4,2.2,6.3,0,0,0
2025/04/15,hokuriku,11.66,10.19,17.58,6.9,osaka,16.9,8.6,12.8,0,0,0
2025/04/15,kansai,11.66,10.19,17.58,6.9,osaka,16.9,8.6,12.8,0,0,0
2025/04/15,kyushu,9.03,1.46,17.58,0.01,nagasaki,17.5,8.5,13,0,0,0
2025/04/15,shikoku,11.07,9.1,17.58,6.9,nagasaki,17.5,8.5,13,0,0,0
2025/04/15,system,11.1,8.38,16.33,5.01,tokyo,17.4,9.1,13.3,0,0,0
2025/04/15,tohoku,11.29,10.48,15.24,6.87,tokyo,17.4,9.1,13.3,0,0,0
2025/04/15,tokyo,11.73,10.57,15.24,6.9,tokyo,17.4,9.1,13.3,0,0,0
2025/04/16,chubu,9.57,4.08,13.69,0.29,osaka,17.5,8.1,12.8,0,0,0
2025/04/16,chugoku,9.56,4.08,13.69,0.29,osaka,17.5,8.1,12.8,0,0,0
2025/04/16,hokkaido,7,3.34,13.69,0.01,sapporo,11.5,2.6,7,0,0,0
2025/04/16,hokuriku,9.56,4.08,13.69,0.29,osaka,17.5,8.1,12.8,0,0,0
2025/04/16,kansai,9.56,4.08,13.69,0.29,osaka,17.5,8.1,12.8,0,0,0
2025/04/16,kyushu,8.27,0.99,13.69,0.01,nagasaki,19.9,12.3,16.1,0,0,0
2025/04/16,shikoku,9.27,3.57,13.69,0.01,nagasaki,19.9,12.3,16.1,0,0,0
2025/04/16,system,8.64,2.19,13.6,0.01,tokyo,18,8.7,13.3,0,0,0
2025/04/16,tohoku,6.8,3.34,13.69,0.01,tokyo,18,8.7,13.3,0,0,0
2025/04/16,tokyo,10.65,7.93,13.69,3,tokyo,18,8.7,13.3,0,0,0
2025/04/17,chubu,7.9,1.12,13.22,0.01,osaka,18.1,9.7,13.9,0,0,0
2025/04/17,chugoku,7.5,1.12,12.41,0.01,osaka,18.1,9.7,13.9,0,0,0
2025/04/17,hokkaido,6.27,1.66,12.81,0.01,sapporo,10,2.4,6.2,0,0,0
2025/04/17,hokuriku,7.5,1.12,12.41,0.01,osaka,18.1,9.7,13.9,0,0,0
2025/04/17,kansai,7.5,1.12,12.41,0.01,osaka,18.1,9.7,13.9,0,0,0
2025/04/17,kyushu,7.47,0.84,12.41,0.01,nagasaki,18.9,10.5,14.7,0,0,0
2025/04/17,shikoku,7.46,1.12,12.41,0.01,nagasaki,18.9,10.5,14.7,0,0,0
2025/04/17,system,7.62,1.21,12.41,0.01,tokyo,18.6,10.2,14.4,0,0,0
2025/04/17,tohoku,6.36,1.66,12.81,0.01,tokyo,18.6,10.2,14.4,0,0,0
2025/04/17,tokyo,8.35,1.93,13.22,0.01,tokyo,18.6,10.2,14.4,0,0,0
2025/04/18,chubu,9.67,7.14,12.63,2.97,osaka,18.7,9.3,14,0,0,0
2025/04/18,chugoku,9.04,7.14,12.53,2.97,osaka,18.7,9.3,14,0,0,0
2025/04/18,hokkaido,10.01,7.89,15,6.44,sapporo,10.4,2.1,6.3,0,0,0
2025/04/18,hokuriku,9.04,7.14,12.53,2.97,osaka,18.7,9.3,14,0,0,0
2025/04/18,kansai,9.04,7.14,12.53,2.97,osaka,18.7,9.3,14,0,0,0
2025/04/18,kyushu,8.32,5.29,12.53,0.01,nagasaki,18.8,9.8,14.3,0,0,0
2025/04/18,shikoku,8.97,7.14,12.53,2.97,nagasaki,18.8,9.8,14.3,0,0,0
2025/04/18,system,9.75,7.6,12.53,3.1,tokyo,19.3,9.9,14.6,0,0,0
2025/04/18,tohoku,10.2,7.98,15,6.44,tokyo,19.3,9.9,14.6,0,0,0
2025/04/18,tokyo,11,10.67,15,7.32,tokyo,19.3,9.9,14.6,0,0,0
2025/04/19,chubu,6.52,1.59,11.03,0.01,osaka,19.3,10.9,15.1,0,1,0
2025/04/19,chugoku,5.56,0.01,10.57,0.01,osaka,19.3,10.9,15.1,0,1,0
2025/04/19,hokkaido,6.83,0.51,14.21,0.01,sapporo,11.5,2.5,7,0,1,0
2025/04/19,hokuriku,5.56,0.01,10.57,0.01,osaka,19.3,10.9,15.1,0,1,0
2025/04/19,kansai,5.56,0.01,10.57,0.01,osaka,19.3,10.9,15.1,0,1,0
2025/04/19,kyushu,5.45,0.01,10.57,0.01,nagasaki,20.3,12.5,16.4,0,1,0
2025/04/19,shikoku,5.49,0.01,10.57,0.01,nagasaki,20.3,12.5,16.4,0,1,0
2025/04/19,system,6.45,1.01,11.8,0.01,tokyo,17.4,9,13.2,0,1,0
2025/04/19,tohoku,6.9,0.51,14.21,0.01,tokyo,17.4,9,13.2,0,1,0
2025/04/19,tokyo,7.97,5.25,14.21,0.1,tokyo,17.4,9,13.2,0,1,0
2025/04/20,chubu,8.93,8.55,11.89,5.4,osaka,19.6,10.7,15.2,0,1,0
2025/04/20,chugoku,7.75,6.75,10.97,5.1,osaka,19.6,10.7,15.2,0,1,0
2025/04/20,hokkaido,8.28,4.36,11.89,0.01,sapporo,11,1.8,6.4,0,1,0
2025/04/20,hokuriku,7.75,6.75,10.97,5.1,osaka,19.6,10.7,15.2,0,1,0
2025/04/20,kansai,7.75,6.75,10.97,5.1,osaka,19.6,10.7,15.2,0,1,0
2025/04/20,kyushu,7.39,5.5,10.97,1,nagasaki,19.3,10,14.7,0,1,0
2025/04/20,shikoku,7.75,6.75,10.97,5.1,nagasaki,19.3,10,14.7,0,1,0
2025/04/20,system,8.38,6.87,10.97,5.42,tokyo,17.7,8.8,13.3,0,1,0
2025/04/20,tohoku,8.29,3.41,11.89,0.01,tokyo,17.7,8.8,13.3,0,1,0
2025/04/20,tokyo,9.24,8.55,11.89,5.4,tokyo,17.7,8.8,13.3,0,1,0
2025/04/21,chubu,8.73,6.52,14.5,3,osaka,20.2,12.2,16.2,0,0,0
2025/04/21,chugoku,7.82,4.33,14.5,1,osaka,20.2,12.2,16.2,0,0,0
2025/04/21,hokkaido,7.71,1.66,14.5,0.01,sapporo,12,4.1,8.1,0,0,0
2025/04/21,hokuriku,7.82,4.33,14.5,1,osaka,20.2,12.2,16.2,0,0,0
2025/04/21,kansai,7.82,4.33,14.5,1,osaka,20.2,12.2,16.2,0,0,0
2025/04/21,kyushu,6.72,1.26,14.5,0.01,nagasaki,19.1,11.1,15.1,0,0,0
2025/04/21,shikoku,7.29,3.57,14.5,0.01,nagasaki,19.1,11.1,15.1,0,0,0
2025/04/21,system,7.55,2.47,14.5,0.01,tokyo,18.3,10.4,14.4,0,0,0
2025/04/21,tohoku,7.86,1.66,14.5,0.01,tokyo,18.3,10.4,14.4,0,0,0
2025/04/21,tokyo,9.59,7.37,14.5,3,tokyo,18.3,10.4,14.4,0,0,0
2025/04/22,chubu,10.25,9.99,14.42,6.1,osaka,20.9,11.9,16.4,0,0,0
2025/04/22,chugoku,9.84,9.99,14.42,6.1,osaka,20.9,11.9,16.4,0,0,0
2025/04/22,hokkaido,8.51,3.75,14.42,0.01,sapporo,12.4,3.8,8.1,0,0,0
2025/04/22,hokuriku,9.84,9.99,14.42,6.1,osaka,20.9,11.9,16.4,0,0,0
2025/04/22,kansai,9.84,9.99,14.42,6.1,osaka,20.9,11.9,16.4,0,0,0
2025/04/22,kyushu,9.84,9.99,14.42,6.1,nagasaki,20.7,12,16.4,0,0,0
2025/04/22,shikoku,9.84,9.99,14.42,6.1,nagasaki,20.7,12,16.4,0,0,0
2025/04/22,system,10.02,8.91,14.42,4.98,tokyo,18.9,9.9,14.4,0,0,0
2025/04/22,tohoku,8.64,3.89,14.42,0.01,tokyo,18.9,9.9,14.4,0,0,0
2025/04/22,tokyo,10.66,9.99,14.42,6.8,tokyo,18.9,9.9,14.4,0,0,0
2025/04/23,chubu,12.91,14.89,20.3,9.82,osaka,19,11,15,0,0,0
2025/04/23,chugoku,12.51,14.66,20.3,7.72,osaka,19,11,15,0,0,0
2025/04/23,hokkaido,13.02,14.89,20.3,10.09,sapporo,13.5,4.2,8.8,0,0,0
2025/04/23,hokuriku,12.63,14.89,20.3,7.72,osaka,19,11,15,0,0,0
2025/04/23,kansai,12.51,14.66,20.3,7.72,osaka,19,11,15,0,0,0
2025/04/23,kyushu,12.1,13.25,20.3,7.72,nagasaki,20.5,11.1,15.8,0,0,0
2025/04/23,shikoku,11.15,8.95,20.3,7.66,nagasaki,20.5,11.1,15.8,0,0,0
2025/04/23,system,12.86,14.77,20.3,9.82,tokyo,19.5,11.5,15.5,0,0,0
2025/04/23,tohoku,13.03,14.89,20.3,10.09,tokyo,19.5,11.5,15.5,0,0,0
2025/04/23,tokyo,13.03,14.89,20.3,10.09,tokyo,19.5,11.5,15.5,0,0,0
2025/04/24,chubu,9.7,8.1,13,3,osaka,19.6,10.6,15.1,0,0,0
2025/04/24,chugoku,8.66,6.91,13,0.01,osaka,19.6,10.6,15.1,0,0,0
2025/04/24,hokkaido,8.95,6.98,13.22,6.53,sapporo,11.3,3.2,7.3,0,0,0
2025/04/24,hokuriku,9.7,8.1,13,3,osaka,19.6,10.6,15.1,0,0,0
2025/04/24,kansai,8.66,6.91,13,0.01,osaka,19.6,10.6,15.1,0,0,0
2025/04/24,kyushu,7.27,1.01,13,0.01,nagasaki,19.6,11.5,15.6,0,0,0
2025/04/24,shikoku,8.25,5.27,13,0.01,nagasaki,19.6,11.5,15.6,0,0,0
2025/04/24,system,9.47,7.08,13.22,0.04,tokyo,20.2,11.2,15.7,0,0,0
2025/04/24,tohoku,11.27,10.96,14.03,6.53,tokyo,20.2,11.2,15.7,0,0,0
2025/04/24,tokyo,11.58,11.69,14.03,9.79,tokyo,20.2,11.2,15.7,0,0,0
2025/04/25,chubu,10.37,9.01,13.32,6.69,osaka,20.2,12.2,16.2,0,0,0
2025/04/25,chugoku,9.62,8.12,13.32,1,osaka,20.2,12.2,16.2,0,0,0
2025/04/25,hokkaido,8.23,3.7,14.14,0.01,sapporo,12.4,3.6,8,0,0,0
2025/04/25,hokuriku,9.66,8.44,13.32,1,osaka,20.2,12.2,16.2,0,0,0
2025/04/25,kansai,9.66,8.44,13.32,1,osaka,20.2,12.2,16.2,0,0,0
2025/04/25,kyushu,9.59,7.92,13.32,1,nagasaki,21.2,12.3,16.8,0,0,0
2025/04/25,shikoku,9.5,8.02,13.32,1,nagasaki,21.2,12.3,16.8,0,0,0
2025/04/25,system,10.12,8.35,13.67,3.93,tokyo,20.8,12.8,16.8,0,0,0
2025/04/25,tohoku,9.43,4.2,14.14,0.01,tokyo,20.8,12.8,16.8,0,0,0
2025/04/25,tokyo,11.63,11.3,14.21,10.25,tokyo,20.8,12.8,16.8,0,0,0
2025/04/26,chubu,6.98,1.14,12,0.01,osaka,20.8,11.7,16.3,0,1,0
2025/04/26,chugoku,6.97,1.14,12,0.01,osaka,20.8,11.7,16.3,0,1,0
2025/04/26,hokkaido,5.24,0.01,11.69,0.01,sapporo,13.4,5.9,9.7,0,1,0
2025/04/26,hokuriku,6.97,1.14,12,0.01,osaka,20.8,11.7,16.3,0,1,0
2025/04/26,kansai,6.97,1.14,12,0.01,osaka,20.8,11.7,16.3,0,1,0
2025/04/26,kyushu,6.76,0.01,12,0.01,nagasaki,21,13.5,17.3,0,1,0
2025/04/26,shikoku,6.83,0.01,12,0.01,nagasaki,21,13.5,17.3,0,1,0
2025/04/26,system,6.6,0.18,11.93,0.01,tokyo,18.9,9.9,14.4,0,1,0
2025/04/26,tohoku,6.2,0.01,12,0.01,tokyo,18.9,9.9,14.4,0,1,0
2025/04/26,tokyo,8.75,6.82,12,0.1,tokyo,18.9,9.9,14.4,0,1,0
2025/04/27,chubu,7.07,3.89,14,0.01,osaka,21.5,13.4,17.4,0,1,0
2025/04/27,chugoku,7.07,3.89,14,0.01,osaka,21.5,13.4,17.4,0,1,0
2025/04/27,hokkaido,5.39,0.51,13.82,0.01,sapporo,13.8,5.5,9.7,0,1,0
2025/04/27,hokuriku,7.07,3.89,14,0.01,osaka,21.5,13.4,17.4,0,1,0
2025/04/27,kansai,7.07,3.89,14,0.01,osaka,21.5,13.4,17.4,0,1,0
2025/04/27,kyushu,6.71,1.02,14,0.01,nagasaki,22.6,14.3,18.5,0,1,0
2025/04/27,shikoku,6.93,3.6,14,0.01,nagasaki,22.6,14.3,18.5,0,1,0
2025/04/27,system,6.62,1.81,13.82,0.01,tokyo,19.5,11.4,15.4,0,1,0
2025/04/27,tohoku,6.17,0.51,14,0.01,tokyo,19.5,11.4,15.4,0,1,0
2025/04/27,tokyo,7.19,3.89,14,0.01,tokyo,19.5,11.4,15.4,0,1,0
2025/04/28,chubu,11.81,11.99,15,10.32,osaka,22.1,13,17.6,0,0,0
2025/04/28,chugoku,11.8,11.99,15,10.21,osaka,22.1,13,17.6,0,0,0
2025/04/28,hokkaido,9.01,9.41,15.19,1,sapporo,12.4,3.4,7.9,0,0,0
2025/04/28,hokuriku,11.8,11.99,15,10.21,osaka,22.1,13,17.6,0,0,0
2025/04/28,kansai,11.8,11.99,15,10.21,osaka,22.1,13,17.6,0,0,0
2025/04/28,kyushu,11.08,7.8,15,7.69,nagasaki,22.4,13.5,17.9,0,0,0
2025/04/28,shikoku,11.8,11.99,15,10.21,nagasaki,22.4,13.5,17.9,0,0,0
2025/04/28,system,11.37,11.21,14.95,7.89,tokyo,20.1,11,15.6,0,0,0
2025/04/28,tohoku,11.36,11.82,15.19,6.6,tokyo,20.1,11,15.6,0,0,0
2025/04/28,tokyo,11.84,12.15,15.19,10.32,tokyo,20.1,11,15.6,0,0,0
2025/04/29,chubu,7.31,1.07,15,0.01,osaka,20.2,12.1,16.1,0,0,0
2025/04/29,chugoku,7.18,0.51,15,0.01,osaka,20.2,12.1,16.1,0,0,0
2025/04/29,hokkaido,7.33,1.22,15.33,0.01,sapporo,12.7,4.9,8.8,0,0,0
2025/04/29,hokuriku,7.18,0.51,15,0.01,osaka,20.2,12.1,16.1,0,0,0
2025/04/29,kansai,7.18,0.51,15,0.01,osaka,20.2,12.1,16.1,0,0,0
2025/04/29,kyushu,7.05,0.01,15,0.01,nagasaki,21.5,13.8,17.6,0,0,0
2025/04/29,shikoku,7.18,0.51,15,0.01,nagasaki,21.5,13.8,17.6,0,0,0
2025/04/29,system,7.32,0.51,15,0.01,tokyo,20.7,12.6,16.6,0,0,0
2025/04/29,tohoku,7.44,1.06,15.33,0.01,tokyo,20.7,12.6,16.6,0,0,0
2025/04/29,tokyo,7.62,1.07,15.33,0.01,tokyo,20.7,12.6,16.6,0,0,0
2025/04/30,chubu,8.18,3.99,15.05,0.01,osaka,21.2,12.6,16.9,0,0,0
2025/04/30,chugoku,8.14,3.83,15.05,0.01,osaka,21.2,12.6,16.9,0,0,0
2025/04/30,hokkaido,7.47,1.32,15.39,0.01,sapporo,14.7,6.8,10.8,0,0,0
2025/04/30,hokuriku,8.14,3.83,15.05,0.01,osaka,21.2,12.6,16.9,0,0,0
2025/04/30,kansai,8.14,3.83,15.05,0.01,osaka,21.2,12.6,16.9,0,0,0
2025/04/30,kyushu,7.32,0.18,15.05,0.01,nagasaki,22.9,13.7,18.3,0,0,0
2025/04/30,shikoku,8.08,3.64,15.05,0.01,nagasaki,22.9,13.7,18.3,0,0,0
2025/04/30,system,7.89,2.96,15.19,0.01,tokyo,21.8,13.3,17.6,0,0,0
2025/04/30,tohoku,7.71,1.37,15.39,0.01,tokyo,21.8,13.3,17.6,0,0,0
2025/04/30,tokyo,9.69,8.51,15.39,0.73,tokyo,21.8,13.3,17.6,0,0,0
2025/05/01,chubu,9.6,6.55,15.43,0.02,osaka,21.3,11.9,16.6,0,0,0
2025/05/01,chugoku,9.59,6.55,15.43,0.02,osaka,21.3,11.9,16.6,0,0,0
2025/05/01,hokkaido,9.08,4.16,15.92,0.01,sapporo,15.1,5.8,10.4,0,0,0
2025/05/01,hokuriku,9.59,6.55,15.43,0.02,osaka,21.3,11.9,16.6,0,0,0
2025/05/01,kansai,9.59,6.55,15.43,0.02,osaka,21.3,11.9,16.6,0,0,0
2025/05/01,kyushu,9.59,6.55,15.43,0.02,nagasaki,23.3,14.7,19,0,0,0
2025/05/01,shikoku,9.57,6.55,15.43,0.01,nagasaki,23.3,14.7,19,0,0,0
2025/05/01,system,9.89,7.42,15.27,1,tokyo,21.9,12.5,17.2,0,0,0
2025/05/01,tohoku,9.12,4.46,15.92,0.01,tokyo,21.9,12.5,17.2,0,0,0
2025/05/01,tokyo,11.28,9.63,15.92,6.5,tokyo,21.9,12.5,17.2,0,0,0
2025/05/02,chubu,12.57,12.5,15.35,10.31,osaka,21.9,13.5,17.7,0,0,0
2025/05/02,chugoku,10.97,6.62,15.35,0.81,osaka,21.9,13.5,17.7,0,0,0
2025/05/02,hokkaido,10.51,8.54,15.35,6.01,sapporo,13.7,5.7,9.7,0,0,0
2025/05/02,hokuriku,10.97,6.62,15.35,0.81,osaka,21.9,13.5,17.7,0,0,0
2025/05/02,kansai,10.97,6.62,15.35,0.81,osaka,21.9,13.5,17.7,0,0,0
2025/05/02,kyushu,8,1.15,15.35,0.01,nagasaki,22.4,13.1,17.8,0,0,0
2025/05/02,shikoku,8.57,1.26,15.35,0.01,nagasaki,22.4,13.1,17.8,0,0,0
2025/05/02,system,11.17,10.36,15.32,6.57,tokyo,22.5,14.1,18.3,0,0,0
2025/05/02,tohoku,11.43,15.24,15.39,6.01,tokyo,22.5,14.1,18.3,0,0,0
2025/05/02,tokyo,12.96,15.24,15.39,11.14,tokyo,22.5,14.1,18.3,0,0,0
2025/05/03,chubu,7.01,1.34,14.1,0.01,osaka,22.5,13.1,17.8,0,1,0
2025/05/03,chugoku,6.77,0.01,14.1,0.01,osaka,22.5,13.1,17.8,0,1,0
2025/05/03,hokkaido,7.34,1.57,14.14,0.01,sapporo,14,5.2,9.6,0,1,0
2025/05/03,hokuriku,6.77,0.01,14.1,0.01,osaka,22.5,13.1,17.8,0,1,0
2025/05/03,kansai,6.77,0.01,14.1,0.01,osaka,22.5,13.1,17.8,0,1,0
2025/05/03,kyushu,6.77,0.01,14.1,0.01,nagasaki,24,15.9,19.9,0,1,0
2025/05/03,shikoku,6.59,0.01,13.36,0.01,nagasaki,24,15.9,19.9,0,1,0
2025/05/03,system,7.04,0.18,14.17,0.01,tokyo,20.6,11.2,15.9,0,1,0
2025/05/03,tohoku,7.44,1.8,14.14,0.01,tokyo,20.6,11.2,15.9,0,1,0
2025/05/03,tokyo,7.54,2.55,14.14,0.01,tokyo,20.6,11.2,15.9,0,1,0
2025/05/04,chubu,6.95,0.06,14.28,0.01,osaka,23.2,14.8,19,0,1,0
2025/05/04,chugoku,6.2,0.01,14.28,0.01,osaka,23.2,14.8,19,0,1,0
2025/05/04,hokkaido,7.16,1.06,14.28,0.01,sapporo,15.1,5.6,10.3,0,1,0
2025/05/04,hokuriku,6.2,0.01,14.28,0.01,osaka,23.2,14.8,19,0,1,0
2025/05/04,kansai,6.2,0.01,14.28,0.01,osaka,23.2,14.8,19,0,1,0
2025/05/04,kyushu,6.2,0.01,14.28,0.01,nagasaki,23.8,15.1,19.4,0,1,0
2025/05/04,shikoku,6.13,0.01,14,0.01,nagasaki,23.8,15.1,19.4,0,1,0
2025/05/04,system,6.51,0.01,14.17,0.01,tokyo,21.2,12.8,17,0,1,0
2025/05/04,tohoku,7.16,1.06,14.28,0.01,tokyo,21.2,12.8,17,0,1,0
2025/05/04,tokyo,7.49,2.79,14.28,0.01,tokyo,21.2,12.8,17,0,1,0
2025/05/05,chubu,6.94,1.01,12.22,0.01,osaka,23.8,14.3,19.1,0,0,0
2025/05/05,chugoku,6.76,0.69,12.22,0.01,osaka,23.8,14.3,19.1,0,0,0
2025/05/05,hokkaido,4.86,0.01,12.03,0.01,sapporo,15.4,7.2,11.3,0,0,0
2025/05/05,hokuriku,6.76,0.69,12.22,0.01,osaka,23.8,14.3,19.1,0,0,0
2025/05/05,kansai,6.76,0.69,12.22,0.01,osaka,23.8,14.3,19.1,0,0,0
2025/05/05,kyushu,6.76,0.69,12.22,0.01,nagasaki,22.9,13.4,18.1,0,0,0
2025/05/05,shikoku,6.54,0.69,12.22,0.01,nagasaki,22.9,13.4,18.1,0,0,0
2025/05/05,system,6.36,0.52,12.03,0.01,tokyo,21.8,12.4,17.1,0,0,0
2025/05/05,tohoku,5.28,0.01,12.22,0.01,tokyo,21.8,12.4,17.1,0,0,0
2025/05/05,tokyo,6.99,1.28,12.22,0.01,tokyo,21.8,12.4,17.1,0,0,0
2025/05/06,chubu,12.06,15.28,18.19,9.13,osaka,21.9,13.4,17.6,0,0,0
2025/05/06,chugoku,12.02,15.28,18.19,8.89,osaka,21.9,13.4,17.6,0,0,0
2025/05/06,hokkaido,6.36,2.63,15.32,0.01,sapporo,16.5,7.6,12.1,0,0,0
2025/05/06,hokuriku,12.02,15.28,18.19,8.89,osaka,21.9,13.4,17.6,0,0,0
2025/05/06,kansai,12.02,15.28,18.19,8.89,osaka,21.9,13.4,17.6,0,0,0
2025/05/06,kyushu,10.93,9.41,18.19,8,nagasaki,22.7,14.6,18.6,0,0,0
2025/05/06,shikoku,10.85,7.67,18.19,7.62,nagasaki,22.7,14.6,18.6,0,0,0
2025/05/06,system,11.06,11.98,17.15,8.19,tokyo,22.4,13.9,18.1,0,0,0
2025/05/06,tohoku,12.08,15.28,18.19,9.13,tokyo,22.4,13.9,18.1,0,0,0
2025/05/06,tokyo,12.08,15.28,18.19,9.13,tokyo,22.4,13.9,18.1,0,0,0
2025/05/07,chubu,8.7,4.66,14.03,1,osaka,22.5,15,18.8,0,0,0
2025/05/07,chugoku,8.52,3.97,14.03,1,osaka,22.5,15,18.8,0,0,0
2025/05/07,hokkaido,9.05,5.76,14.03,0.01,sapporo,15.1,7.5,11.3,0,0,0
2025/05/07,hokuriku,8.52,3.97,14.03,1,osaka,22.5,15,18.8,0,0,0
2025/05/07,kansai,8.52,3.97,14.03,1,osaka,22.5,15,18.8,0,0,0
2025/05/07,kyushu,7.58,2.1,14.03,0.01,nagasaki,24.3,15.4,19.9,0,0,0
2025/05/07,shikoku,7.43,0.18,14.03,0.01,nagasaki,24.3,15.4,19.9,0,0,0
2025/05/07,system,8.39,3.01,14.03,0.01,tokyo,23,13.5,18.3,0,0,0
2025/05/07,tohoku,8.88,4.15,14.03,0.01,tokyo,23,13.5,18.3,0,0,0
2025/05/07,tokyo,9.08,4.97,14.03,1,tokyo,23,13.5,18.3,0,0,0
2025/05/08,chubu,8.33,5.23,14.4,1,osaka,23.1,14.6,18.9,0,0,0
2025/05/08,chugoku,7.45,0.68,14.4,0.01,osaka,23.1,14.6,18.9,0,0,0
2025/05/08,hokkaido,7.43,2.3,14.4,0.01,sapporo,15.4,7,11.2,0,0,0
2025/05/08,hokuriku,7.45,0.68,14.4,0.01,osaka,23.1,14.6,18.9,0,0,0
2025/05/08,kansai,7.45,0.68,14.4,0.01,osaka,23.1,14.6,18.9,0,0,0
2025/05/08,kyushu,6.96,0.67,14.4,0.01,nagasaki,24.1,16.6,20.4,0,0,0
2025/05/08,shikoku,7.28,0.67,14.4,0.01,nagasaki,24.1,16.6,20.4,0,0,0
2025/05/08,system,7.98,3.61,14.4,0.01,tokyo,23.6,15.1,19.4,0,0,0
2025/05/08,tohoku,7.62,2.3,14.4,0.01,tokyo,23.6,15.1,19.4,0,0,0
2025/05/08,tokyo,10.42,9.03,14.4,7.76,tokyo,23.6,15.1,19.4,0,0,0
2025/05/09,chubu,11.8,13.89,15.8,8.43,osaka,23.7,16.2,19.9,0,0,0
2025/05/09,chugoku,11.31,13.89,15.8,8.22,osaka,23.7,16.2,19.9,0,0,0
2025/05/09,hokkaido,10.1,9.02,15.8,5.89,sapporo,16.5,7.4,11.9,0,0,0
2025/05/09,hokuriku,11.31,13.89,15.8,8.22,osaka,23.7,16.2,19.9,0,0,0
2025/05/09,kansai,11.31,13.89,15.8,8.22,osaka,23.7,16.2,19.9,0,0,0
2025/05/09,kyushu,11.47,13.89,15.8,8.22,nagasaki,23.1,14.8,19,0,0,0
2025/05/09,shikoku,11.31,13.89,15.8,8.22,nagasaki,23.1,14.8,19,0,0,0
2025/05/09,system,11.4,12.88,16,8.99,tokyo,21.8,14.3,18.1,0,0,0
2025/05/09,tohoku,10.54,11.1,15.8,5.89,tokyo,21.8,14.3,18.1,0,0,0
2025/05/09,tokyo,11.93,13.71,15.8,9.87,tokyo,21.8,14.3,18.1,0,0,0
2025/05/10,chubu,6.13,0.18,10.55,0.01,osaka,24.7,16.7,20.7,0,1,0
2025/05/10,chugoku,6.13,0.18,10.55,0.01,osaka,24.7,16.7,20.7,0,1,0
2025/05/10,hokkaido,10.67,8.83,16,7.61,sapporo,15.9,6.7,11.3,0,1,0
2025/05/10,hokuriku,6.13,0.18,10.55,0.01,osaka,24.7,16.7,20.7,0,1,0
2025/05/10,kansai,6.13,0.18,10.55,0.01,osaka,24.7,16.7,20.7,0,1,0
2025/05/10,kyushu,5.86,0.18,10.55,0.01,nagasaki,24.6,16.8,20.7,0,1,0
2025/05/10,shikoku,6.02,0.18,10.55,0.01,nagasaki,24.6,16.8,20.7,0,1,0
2025/05/10,system,8.56,4.2,10.64,3.11,tokyo,22.8,14.8,18.8,0,1,0
2025/05/10,tohoku,10.67,8.83,16,7.61,tokyo,22.8,14.8,18.8,0,1,0
2025/05/10,tokyo,11.01,9.88,16,9.74,tokyo,22.8,14.8,18.8,0,1,0
2025/05/11,chubu,7.47,6.76,11.08,3,osaka,25.3,16.3,20.8,0,1,0
2025/05/11,chugoku,7.46,6.76,11.08,3,osaka,25.3,16.3,20.8,0,1,0
2025/05/11,hokkaido,6.15,3.21,13.9,0.01,sapporo,17,9.1,13.1,0,1,0
2025/05/11,hokuriku,7.46,6.76,11.08,3,osaka,25.3,16.3,20.8,0,1,0
2025/05/11,kansai,7.46,6.76,11.08,3,osaka,25.3,16.3,20.8,0,1,0
2025/05/11,kyushu,7.67,6.76,11.08,5,nagasaki,24.4,15.9,20.1,0,1,0
2025/05/11,shikoku,7.46,6.76,11.08,3,nagasaki,24.4,15.9,20.1,0,1,0
2025/05/11,system,7.87,6.94,11.08,3,tokyo,23.4,14.4,18.9,0,1,0
2025/05/11,tohoku,6.42,3.23,13.94,0.01,tokyo,23.4,14.4,18.9,0,1,0
2025/05/11,tokyo,9.47,10.96,14.01,3.5,tokyo,23.4,14.4,18.9,0,1,0
2025/05/12,chubu,8.45,6.87,15.32,4.34,osaka,23.4,15.4,19.4,0,0,0
2025/05/12,chugoku,8.13,6.5,15.32,4.34,osaka,23.4,15.4,19.4,0,0,0
2025/05/12,hokkaido,8.84,6.85,17,0.2,sapporo,17.3,8.6,12.9,0,0,0
2025/05/12,hokuriku,8.13,6.5,15.32,4.34,osaka,23.4,15.4,19.4,0,0,0
2025/05/12,kansai,8.13,6.5,15.32,4.34,osaka,23.4,15.4,19.4,0,0,0
2025/05/12,kyushu,6.15,1.95,15.32,0.01,nagasaki,25.9,16.7,21.3,0,0,0
2025/05/12,shikoku,8.04,6.5,15.32,3,nagasaki,25.9,16.7,21.3,0,0,0
2025/05/12,system,8.82,7.2,13.51,3,tokyo,24,16,20,0,0,0
2025/05/12,tohoku,11.32,11.47,17,6.24,tokyo,24,16,20,0,0,0
2025/05/12,tokyo,11.58,11.58,17,9.74,tokyo,24,16,20,0,0,0
2025/05/13,chubu,7.5,4.96,14.28,0.01,osaka,24,15,19.5,0,0,0
2025/05/13,chugoku,6.6,2.39,14.28,0.01,osaka,24,15,19.5,0,0,0
2025/05/13,hokkaido,7.12,2.25,16.56,0.01,sapporo,15.9,6.5,11.2,0,0,0
2025/05/13,hokuriku,6.6,2.39,14.28,0.01,osaka,24,15,19.5,0,0,0
2025/05/13,kansai,6.6,2.39,14.28,0.01,osaka,24,15,19.5,0,0,0
2025/05/13,kyushu,5.75,0.74,14.28,0.01,nagasaki,25.7,17.8,21.8,0,0,0
2025/05/13,shikoku,6.56,2.37,14.28,0.01,nagasaki,25.7,17.8,21.8,0,0,0
2025/05/13,system,6.88,1.58,14.51,0.01,tokyo,24.6,15.6,20.1,0,0,0
2025/05/13,tohoku,7.4,2.25,16.56,0.01,tokyo,24.6,15.6,20.1,0,0,0
2025/05/13,tokyo,9.24,8.35,16.56,0.1,tokyo,24.6,15.6,20.1,0,0,0
2025/05/14,chubu,7.63,5.3,11.12,0.01,osaka,24.6,16.5,20.6,0,0,0
2025/05/14,chugoku,6.23,1.75,10.93,0.01,osaka,24.6,16.5,20.6,0,0,0
2025/05/14,hokkaido,9.25,7.7,20.14,0.02,sapporo,16.2,8,12.1,0,0,0
2025/05/14,hokuriku,6.23,1.75,10.93,0.01,osaka,24.6,16.5,20.6,0,0,0
2025/05/14,kansai,6.23,1.75,10.93,0.01,osaka,24.6,16.5,20.6,0,0,0
2025/05/14,kyushu,5.47,0.93,10.93,0.01,nagasaki,24.8,16.2,20.5,0,0,0
2025/05/14,shikoku,6.23,1.75,10.93,0.01,nagasaki,24.8,16.2,20.5,0,0,0
2025/05/14,system,8.14,5.89,13.1,0.01,tokyo,25.2,17.2,21.2,0,0,0
2025/05/14,tohoku,9.62,7.7,20.14,0.02,tokyo,25.2,17.2,21.2,0,0,0
2025/05/14,tokyo,12.13,14.77,20.14,9.77,tokyo,25.2,17.2,21.2,0,0,0
2025/05/15,chubu,8.44,7.08,12.07,2.81,osaka,25.2,16.1,20.6,0,0,0
2025/05/15,chugoku,7.6,7.08,12.07,2.81,osaka,25.2,16.1,20.6,0,0,0
2025/05/15,hokkaido,8.32,7.02,19.6,0.01,sapporo,17.3,8.4,12.9,0,0,0
2025/05/15,hokuriku,7.6,7.08,12.07,2.81,osaka,25.2,16.1,20.6,0,0,0
2025/05/15,kansai,7.6,7.08,12.07,2.81,osaka,25.2,16.1,20.6,0,0,0
2025/05/15,kyushu,7.46,6.79,12.07,1,nagasaki,26.4,17,21.7,0,0,0
2025/05/15,shikoku,7.6,7.08,12.07,2.81,nagasaki,26.4,17,21.7,0,0,0
2025/05/15,system,9.03,7.76,13.92,3,tokyo,23.3,14.2,18.8,0,0,0
2025/05/15,tohoku,9.13,7.48,19.6,0.01,tokyo,23.3,14.2,18.8,0,0,0
2025/05/15,tokyo,12,12.82,19.6,9.72,tokyo,23.3,14.2,18.8,0,0,0
2025/05/16,chubu,9.13,9.08,14.28,5.01,osaka,25.8,17.7,21.8,0,0,0
2025/05/16,chugoku,8.77,9.08,14.28,5.01,osaka,25.8,17.7,21.8,0,0,0
2025/05/16,hokkaido,9.42,7.19,18.4,0.02,sapporo,18.3,10.7,14.5,0,0,0
2025/05/16,hokuriku,8.77,9.08,14.28,5.01,osaka,25.8,17.7,21.8,0,0,0
2025/05/16,kansai,8.77,9.08,14.28,5.01,osaka,25.8,17.7,21.8,0,0,0
2025/05/16,kyushu,8.68,8.66,14.28,5.01,nagasaki,26.2,18.2,22.2,0,0,0
2025/05/16,shikoku,8.64,8.78,14.28,5,nagasaki,26.2,18.2,22.2,0,0,0
2025/05/16,system,9.93,9.27,14.7,5.91,tokyo,23.9,15.8,19.9,0,0,0
2025/05/16,tohoku,10.38,8.34,18.4,0.02,tokyo,23.9,15.8,19.9,0,0,0
2025/05/16,tokyo,11.78,10.38,18.4,9.97,tokyo,23.9,15.8,19.9,0,0,0
2025/05/17,chubu,8.65,7.11,11.71,5.67,osaka,26.4,17.3,21.9,0,1,0
2025/05/17,chugoku,8.65,7.11,11.71,5.67,osaka,26.4,17.3,21.9,0,1,0
2025/05/17,hokkaido,11.68,13.78,15.92,6.91,sapporo,18.6,10.2,14.4,0,1,0
2025/05/17,hokuriku,8.65,7.11,11.71,5.67,osaka,26.4,17.3,21.9,0,1,0
2025/05/17,kansai,8.65,7.11,11.71,5.67,osaka,26.4,17.3,21.9,0,1,0
2025/05/17,kyushu,8.23,6.97,11.71,5.67,nagasaki,25.2,16.4,20.8,0,1,0
2025/05/17,shikoku,8.5,6.96,11.71,5.67,nagasaki,25.2,16.4,20.8,0,1,0
2025/05/17,system,10.28,9.4,12.07,8.51,tokyo,24.5,15.4,19.9,0,1,0
2025/05/17,tohoku,12.84,14.63,15.92,9.54,tokyo,24.5,15.4,19.9,0,1,0
2025/05/17,tokyo,12.87,14.63,15.92,10.66,tokyo,24.5,15.4,19.9,0,1,0
2025/05/18,chubu,7.11,5.91,11,1,osaka,24.5,16.4,20.4,0,1,0
2025/05/18,chugoku,6.89,5.91,11,1,osaka,24.5,16.4,20.4,0,1,0
2025/05/18,hokkaido,6.32,2.9,17,0.01,sapporo,17.2,8.1,12.6,0,1,0
2025/05/18,hokuriku,6.89,5.91,11,1,osaka,24.5,16.4,20.4,0,1,0
2025/05/18,kansai,6.89,5.91,11,1,osaka,24.5,16.4,20.4,0,1,0
2025/05/18,kyushu,6.89,5.91,11,1,nagasaki,27.5,18.1,22.8,0,1,0
2025/05/18,shikoku,6.62,5.91,11,0.01,nagasaki,27.5,18.1,22.8,0,1,0
2025/05/18,system,7.36,6.33,11.57,1,tokyo,25.1,17,21.1,0,1,0
2025/05/18,tohoku,6.9,2.92,17,0.01,tokyo,25.1,17,21.1,0,1,0
2025/05/18,tokyo,8.62,7.54,17,1,tokyo,25.1,17,21.1,0,1,0
2025/05/19,chubu,8.44,7.59,13.74,1.66,osaka,25.1,15.9,20.5,0,0,0
2025/05/19,chugoku,8.06,7.58,13.74,1.66,osaka,25.1,15.9,20.5,0,0,0
2025/05/19,hokkaido,7.06,2.29,20.15,0.01,sapporo,17.5,9.6,13.6,0,0,0
2025/05/19,hokuriku,8.07,7.59,13.74,1.66,osaka,25.1,15.9,20.5,0,0,0
2025/05/19,kansai,8.07,7.59,13.74,1.66,osaka,25.1,15.9,20.5,0,0,0
2025/05/19,kyushu,7.2,5.43,13.74,0.01,nagasaki,26.6,18.4,22.5,0,0,0
2025/05/19,shikoku,7.97,7.3,13.74,1.66,nagasaki,26.6,18.4,22.5,0,0,0
2025/05/19,system,8.88,8,14.7,1,tokyo,25.7,16.6,21.1,0,0,0
2025/05/19,tohoku,8.72,3.81,20.15,0.01,tokyo,25.7,16.6,21.1,0,0,0
2025/05/19,tokyo,12.82,12.54,20.15,10.74,tokyo,25.7,16.6,21.1,0,0,0
2025/05/20,chubu,9.26,7.58,17.72,1,osaka,26.1,18.5,22.3,0,0,0
2025/05/20,chugoku,9.03,7.29,17.72,1,osaka,26.1,18.5,22.3,0,0,0
2025/05/20,hokkaido,10.26,7.69,24.43,1,sapporo,19.5,11.5,15.5,0,0,0
2025/05/20,hokuriku,9.07,7.58,17.72,1,osaka,26.1,18.5,22.3,0,0,0
2025/05/20,kansai,9.07,7.58,17.72,1,osaka,26.1,18.5,22.3,0,0,0
2025/05/20,kyushu,8.07,5.05,17.72,0.01,nagasaki,25.5,17.8,21.6,0,0,0
2025/05/20,shikoku,8.98,7.29,17.72,1,nagasaki,25.5,17.8,21.6,0,0,0
2025/05/20,system,9.68,8.09,17.72,1,tokyo,24.2,16.6,20.4,0,0,0
2025/05/20,tohoku,11.13,7.77,24.43,5.95,tokyo,24.2,16.6,20.4,0,0,0
2025/05/20,tokyo,12.81,14.14,24.43,10.16,tokyo,24.2,16.6,20.4,0,0,0
2025/05/21,chubu,11.24,13.57,18.01,6.82,osaka,26.7,18.1,22.4,0,0,0
2025/05/21,chugoku,11.12,13.57,18.01,6.82,osaka,26.7,18.1,22.4,0,0,0
2025/05/21,hokkaido,11.72,14.38,20.13,0.2,sapporo,18,9.3,13.7,0,0,0
2025/05/21,hokuriku,11.12,13.57,18.01,6.82,osaka,26.7,18.1,22.4,0,0,0
2025/05/21,kansai,11.12,13.57,18.01,6.82,osaka,26.7,18.1,22.4,0,0,0
2025/05/21,kyushu,11.12,13.57,18.01,6.82,nagasaki,27.8,19.4,23.6,0,0,0
2025/05/21,shikoku,11.01,13.57,18.01,6.82,nagasaki,27.8,19.4,23.6,0,0,0
2025/05/21,system,11.89,13.72,18.44,7.61,tokyo,24.8,16.2,20.5,0,0,0
2025/05/21,tohoku,12.13,14.38,20.13,6.08,tokyo,24.8,16.2,20.5,0,0,0
2025/05/21,tokyo,13,14.71,20.13,10.25,tokyo,24.8,16.2,20.5,0,0,0
2025/05/22,chubu,10.61,11.13,16.85,7.02,osaka,27.3,19.7,23.5,0,0,0
2025/05/22,chugoku,10.21,11.13,16.85,7.02,osaka,27.3,19.7,23.5,0,0,0
2025/05/22,hokkaido,9.51,8.32,16.85,6.82,sapporo,19.1,9.7,14.4,0,0,0
2025/05/22,hokuriku,10.21,11.13,16.85,7.02,osaka,27.3,19.7,23.5,0,0,0
2025/05/22,kansai,10.21,11.13,16.85,7.02,osaka,27.3,19.7,23.5,0,0,0
2025/05/22,kyushu,8.4,5.68,16.85,0.01,nagasaki,26.8,17.7,22.3,0,0,0
2025/05/22,shikoku,9.51,7.29,16.85,3,nagasaki,26.8,17.7,22.3,0,0,0
2025/05/22,system,11.24,10.85,16.95,7.94,tokyo,25.3,17.7,21.5,0,0,0
2025/05/22,tohoku,13.03,13.18,16.85,10.67,tokyo,25.3,17.7,21.5,0,0,0
2025/05/22,tokyo,13.03,13.18,16.85,10.67,tokyo,25.3,17.7,21.5,0,0,0
2025/05/23,chubu,7.34,5.7,11.14,0.01,osaka,27.9,19.2,23.5,0,0,0
2025/05/23,chugoku,5.83,5.7,8.82,0.01,osaka,27.9,19.2,23.5,0,0,0
2025/05/23,hokkaido,9.31,8.96,18,0.01,sapporo,19.4,11.2,15.3,0,0,0
2025/05/23,hokuriku,5.83,5.7,8.82,0.01,osaka,27.9,19.2,23.5,0,0,0
2025/05/23,kansai,5.83,5.7,8.82,0.01,osaka,27.9,19.2,23.5,0,0,0
2025/05/23,kyushu,5.46,4.52,8.82,0.01,nagasaki,26.6,18.8,22.7,0,0,0
2025/05/23,shikoku,5.77,5.7,8.82,0.01,nagasaki,26.6,18.8,22.7,0,0,0
2025/05/23,system,8.3,6.98,11.61,0.01,tokyo,25.9,17.3,21.6,0,0,0
2025/05/23,tohoku,9.6,9.14,18,0.01,tokyo,25.9,17.3,21.6,0,0,0
2025/05/23,tokyo,11.64,10.24,18,8,tokyo,25.9,17.3,21.6,0,0,0
2025/05/24,chubu,8.69,9.39,10.39,2.81,osaka,26,18.3,22.1,0,1,0
2025/05/24,chugoku,8.22,9.39,10.39,1,osaka,26,18.3,22.1,0,1,0
2025/05/24,hokkaido,10.42,9.49,16.56,6.97,sapporo,20.4,11.5,15.9,0,1,0
2025/05/24,hokuriku,8.22,9.39,10.39,1,osaka,26,18.3,22.1,0,1,0
2025/05/24,kansai,8.22,9.39,10.39,1,osaka,26,18.3,22.1,0,1,0
2025/05/24,kyushu,8.22,9.39,10.39,1,nagasaki,28.2,19.7,23.9,0,1,0
2025/05/24,shikoku,7.69,7.62,10.39,1,nagasaki,28.2,19.7,23.9,0,1,0
2025/05/24,system,9.59,10.82,11.4,6.52,tokyo,26.5,18.8,22.6,0,1,0
2025/05/24,tohoku,11.2,12.16,16.56,6.97,tokyo,26.5,18.8,22.6,0,1,0
2025/05/24,tokyo,11.89,12.85,16.56,7.02,tokyo,26.5,18.8,22.6,0,1,0
2025/05/25,chubu,5.25,0.18,10,0.01,osaka,26.5,17.8,22.1,0,1,0
2025/05/25,chugoku,4.39,0.01,7.58,0.01,osaka,26.5,17.8,22.1,0,1,0
2025/05/25,hokkaido,11.06,9.45,15.47,9,sapporo,18.2,10.6,14.4,0,1,0
2025/05/25,hokuriku,4.39,0.01,7.58,0.01,osaka,26.5,17.8,22.1,0,1,0
2025/05/25,kansai,4.39,0.01,7.58,0.01,osaka,26.5,17.8,22.1,0,1,0
2025/05/25,kyushu,3.96,0.01,7.58,0.01,nagasaki,27.2,17.9,22.5,0,1,0
2025/05/25,shikoku,3.96,0.01,7.58,0.01,nagasaki,27.2,17.9,22.5,0,1,0
2025/05/25,system,7.41,1.93,11.07,0.76,tokyo,27.1,18.4,22.8,0,1,0
2025/05/25,tohoku,11.28,10.04,15.47,9,tokyo,27.1,18.4,22.8,0,1,0
2025/05/25,tokyo,11.38,10.04,15.47,9,tokyo,27.1,18.4,22.8,0,1,0
2025/05/26,chubu,7.77,4.2,12.32,1.24,osaka,27.1,19.4,23.3,0,0,0
2025/05/26,chugoku,5.92,2.83,12.32,0.01,osaka,27.1,19.4,23.3,0,0,0
2025/05/26,hokkaido,8.66,7.91,14.84,0.01,sapporo,19.2,10.9,15.1,0,0,0
2025/05/26,hokuriku,5.92,2.83,12.32,0.01,osaka,27.1,19.4,23.3,0,0,0
2025/05/26,kansai,5.92,2.83,12.32,0.01,osaka,27.1,19.4,23.3,0,0,0
2025/05/26,kyushu,5.71,2.08,12.32,0.01,nagasaki,27,19.1,23.1,0,0,0
2025/05/26,shikoku,5.92,2.83,12.32,0.01,nagasaki,27,19.1,23.1,0,0,0
2025/05/26,system,8.13,7.23,12.75,1,tokyo,27.7,20,23.9,0,0,0
2025/05/26,tohoku,8.72,7.09,15.15,0.01,tokyo,27.7,20,23.9,0,0,0
2025/05/26,tokyo,11.69,13.11,15.23,10.5,tokyo,27.7,20,23.9,0,0,0
2025/05/27,chubu,8.04,6.47,12.05,2.83,osaka,27.7,19,23.4,0,0,0
2025/05/27,chugoku,5.25,0.51,11.37,0.01,osaka,27.7,19,23.4,0,0,0
2025/05/27,hokkaido,6.44,4.98,13,0.01,sapporo,20.3,11.3,15.8,0,0,0
2025/05/27,hokuriku,5.46,1.01,11.37,0.01,osaka,27.7,19,23.4,0,0,0
2025/05/27,kansai,5.46,1.01,11.37,0.01,osaka,27.7,19,23.4,0,0,0
2025/05/27,kyushu,5.25,0.51,11.37,0.01,nagasaki,28.5,19.8,24.1,0,0,0
2025/05/27,shikoku,5.21,0.51,11.37,0.01,nagasaki,28.5,19.8,24.1,0,0,0
2025/05/27,system,8.8,7.39,12.55,1,tokyo,25.7,17,21.4,0,0,0
2025/05/27,tohoku,10.7,10.46,15.37,1,tokyo,25.7,17,21.4,0,0,0
2025/05/27,tokyo,12.47,12.17,15.37,11.08,tokyo,25.7,17,21.4,0,0,0
2025/05/28,chubu,7.6,5.32,12.75,0.01,osaka,28.3,20.5,24.4,0,0,0
2025/05/28,chugoku,6.28,5.07,10.68,0.01,osaka,28.3,20.5,24.4,0,0,0
2025/05/28,hokkaido,7.56,5,14.37,0.01,sapporo,20.6,12.8,16.7,0,0,0
2025/05/28,hokuriku,6.28,5.07,10.68,0.01,osaka,28.3,20.5,24.4,0,0,0
2025/05/28,kansai,6.28,5.07,10.68,0.01,osaka,28.3,20.5,24.4,0,0,0
2025/05/28,kyushu,6,3.9,10.68,0.01,nagasaki,28.3,19,23.6,0,0,0
2025/05/28,shikoku,6.28,5.07,10.68,0.01,nagasaki,28.3,19,23.6,0,0,0
2025/05/28,system,8.33,6.12,12.33,0.1,tokyo,26.3,18.6,22.5,0,0,0
2025/05/28,tohoku,10.13,5.66,15.27,0.01,tokyo,26.3,18.6,22.5,0,0,0
2025/05/28,tokyo,11.43,11.28,15.27,5,tokyo,26.3,18.6,22.5,0,0,0
2025/05/29,chubu,9.14,10.17,12.75,6,osaka,28.8,20,24.4,0,0,0
2025/05/29,chugoku,8.9,10.17,12.75,5.82,osaka,28.8,20,24.4,0,0,0
2025/05/29,hokkaido,6.79,5.2,13.08,0.01,sapporo,19.1,10.6,14.9,0,0,0
2025/05/29,hokuriku,8.9,10.17,12.75,5.82,osaka,28.8,20,24.4,0,0,0
2025/05/29,kansai,8.9,10.17,12.75,5.82,osaka,28.8,20,24.4,0,0,0
2025/05/29,kyushu,8.9,10.17,12.75,5.82,nagasaki,27.3,19.2,23.3,0,0,0
2025/05/29,shikoku,8.83,10.17,12.75,5.82,nagasaki,27.3,19.2,23.3,0,0,0
2025/05/29,system,10.19,10.9,15.15,7.23,tokyo,26.9,18.1,22.5,0,0,0
2025/05/29,tohoku,9.89,9.7,18.01,0.01,tokyo,26.9,18.1,22.5,0,0,0
2025/05/29,tokyo,12.26,12.88,18.01,10.42,tokyo,26.9,18.1,22.5,0,0,0
2025/05/30,chubu,8.91,10.38,11.9,5.82,osaka,27.3,18.1,22.7,0,0,0
2025/05/30,chugoku,8.73,10.38,11.9,5.82,osaka,27.3,18.1,22.7,0,0,0
2025/05/30,hokkaido,7.52,7.17,14.8,1,sapporo,21,12.4,16.7,0,0,0
2025/05/30,hokuriku,8.73,10.38,11.9,5.82,osaka,27.3,18.1,22.7,0,0,0
2025/05/30,kansai,8.73,10.38,11.9,5.82,osaka,27.3,18.1,22.7,0,0,0
2025/05/30,kyushu,8.05,7.56,11.9,5.82,nagasaki,28.7,21.1,24.9,0,0,0
2025/05/30,shikoku,8.47,9.94,11.9,5.82,nagasaki,28.7,21.1,24.9,0,0,0
2025/05/30,system,10.31,11.25,12.15,6.94,tokyo,27.9,18.7,23.3,0,0,0
2025/05/30,tohoku,11.85,12.89,15.35,10.33,tokyo,27.9,18.7,23.3,0,0,0
2025/05/30,tokyo,12.65,13.33,15.43,10.65,tokyo,27.9,18.7,23.3,0,0,0
2025/05/31,chubu,6.44,2.25,10.72,0.02,osaka,27.9,19.7,23.8,0,1,0
2025/05/31,chugoku,5.15,0.01,8.74,0.01,osaka,27.9,19.7,23.8,0,1,0
2025/05/31,hokkaido,7.54,6.08,9.7,3,sapporo,21.3,11.9,16.6,0,1,0
2025/05/31,hokuriku,5.46,0.02,8.74,0.01,osaka,27.9,19.7,23.8,0,1,0
2025/05/31,kansai,5.46,0.02,8.74,0.01,osaka,27.9,19.7,23.8,0,1,0
2025/05/31,kyushu,4.72,0.01,8.74,0.01,nagasaki,28.5,20.2,24.4,0,1,0
2025/05/31,shikoku,4.78,0.01,8.25,0.01,nagasaki,28.5,20.2,24.4,0,1,0
2025/05/31,system,7.14,2.65,10.33,1,tokyo,28.4,20.2,24.3,0,1,0
2025/05/31,tohoku,11.25,11.29,11.83,10,tokyo,28.4,20.2,24.3,0,1,0
2025/05/31,tokyo,11.4,11.44,11.83,10.89,tokyo,28.4,20.2,24.3,0,1,0
2025/06/01,chubu,4.99,0.01,11.38,0.01,osaka,27.5,19.5,23.5,0,1,0
2025/06/01,chugoku,4.78,0.01,11.38,0.01,osaka,27.5,19.5,23.5,0,1,0
2025/06/01,hokkaido,7.96,6.74,12.5,3,sapporo,21.6,13.6,17.6,0,1,0
2025/06/01,hokuriku,4.78,0.01,11.38,0.01,osaka,27.5,19.5,23.5,0,1,0
2025/06/01,kansai,4.78,0.01,11.38,0.01,osaka,27.5,19.5,23.5,0,1,0
2025/06/01,kyushu,4.72,0.01,11.38,0.01,nagasaki,29.2,20.2,24.7,0,1,0
2025/06/01,shikoku,4.59,0.01,11,0.01,nagasaki,29.2,20.2,24.7,0,1,0
2025/06/01,system,5.92,0.51,11.65,0.01,tokyo,28.1,20.1,24.1,0,1,0
2025/06/01,tohoku,10.06,8.88,15.57,6.36,tokyo,28.1,20.1,24.1,0,1,0
2025/06/01,tokyo,10.47,10.15,15.57,6.36,tokyo,28.1,20.1,24.1,0,1,0
2025/06/02,chubu,9.37,11.14,13.31,6.74,osaka,28.1,19,23.6,0,0,0
2025/06/02,chugoku,9.37,11.14,13.31,6.74,osaka,28.1,19,23.6,0,0,0
2025/06/02,hokkaido,7.24,4.75,15.76,0.01,sapporo,21.9,13.1,17.5,0,0,0
2025/06/02,hokuriku,9.37,11.14,13.31,6.74,osaka,28.1,19,23.6,0,0,0
2025/06/02,kansai,9.37,11.14,13.31,6.74,osaka,28.1,19,23.6,0,0,0
2025/06/02,kyushu,9.37,11.14,13.31,6.74,nagasaki,28.3,20.6,24.5,0,0,0
2025/06/02,shikoku,9.27,10.36,13.31,6.74,nagasaki,28.3,20.6,24.5,0,0,0
2025/06/02,system,9.42,10.82,13.42,5.82,tokyo,28.6,19.6,24.1,0,0,0
2025/06/02,tohoku,7.84,4.75,15.76,0.01,tokyo,28.6,19.6,24.1,0,0,0
2025/06/02,tokyo,10.86,11.55,15.76,7.04,tokyo,28.6,19.6,24.1,0,0,0
2025/06/03,chubu,13.34,18.79,22.88,7,osaka,28.6,20.5,24.6,0,0,0
2025/06/03,chugoku,10.91,8.77,17.42,7,osaka,28.6,20.5,24.6,0,0,0
2025/06/03,hokkaido,8.57,7.17,11.49,5,sapporo,20.4,12.9,16.6,0,0,0
2025/06/03,hokuriku,13.33,18.79,22.88,7,osaka,28.6,20.5,24.6,0,0,0
2025/06/03,kansai,13.33,18.79,22.88,7,osaka,28.6,20.5,24.6,0,0,0
2025/06/03,kyushu,10.65,7.47,17.42,7,nagasaki,29.8,21.4,25.6,0,0,0
2025/06/03,shikoku,10.91,8.77,17.42,7,nagasaki,29.8,21.4,25.6,0,0,0
2025/06/03,system,12.98,16,17.42,9,tokyo,29.2,21.1,25.1,0,0,0
2025/06/03,tohoku,13.2,20.02,22.88,6.97,tokyo,29.2,21.1,25.1,0,0,0
2025/06/03,tokyo,14.32,20.02,22.88,11.01,tokyo,29.2,21.1,25.1,0,0,0
2025/06/04,chubu,9.26,8.52,13.16,2.15,osaka,29.2,20.1,24.6,0,0,0
2025/06/04,chugoku,6.23,0.01,13.16,0.01,osaka,29.2,20.1,24.6,0,0,0
2025/06/04,hokkaido,8.54,7.19,13.16,6.86,sapporo,20.6,12.3,16.5,0,0,0
2025/06/04,hokuriku,8.85,8.52,13.16,2.15,osaka,29.2,20.1,24.6,0,0,0
2025/06/04,kansai,8.85,8.52,13.16,2.15,osaka,29.2,20.1,24.6,0,0,0
2025/06/04,kyushu,6.1,0.01,13.16,0.01,nagasaki,29.5,20.4,24.9,0,0,0
2025/06/04,shikoku,6.11,0.01,13.16,0.01,nagasaki,29.5,20.4,24.9,0,0,0
2025/06/04,system,8.27,3.33,13.03,0.01,tokyo,27.2,18.1,22.6,0,0,0
2025/06/04,tohoku,8.24,1.53,13.16,0.01,tokyo,27.2,18.1,22.6,0,0,0
2025/06/04,tokyo,11.8,12.31,15.81,10.75,tokyo,27.2,18.1,22.6,0,0,0
2025/06/05,chubu,6.65,2.12,12,0.01,osaka,29.7,21.6,25.6,0,0,0
2025/06/05,chugoku,5.32,0.18,12,0.01,osaka,29.7,21.6,25.6,0,0,0
2025/06/05,hokkaido,5.21,1.17,12.16,0.01,sapporo,21.6,12.6,17.1,0,0,0
2025/06/05,hokuriku,5.82,2.12,12,0.01,osaka,29.7,21.6,25.6,0,0,0
2025/06/05,kansai,5.82,2.12,12,0.01,osaka,29.7,21.6,25.6,0,0,0
2025/06/05,kyushu,5.32,0.18,12,0.01,nagasaki,28.6,20.8,24.7,0,0,0
2025/06/05,shikoku,5.27,0.18,12,0.01,nagasaki,28.6,20.8,24.7,0,0,0
2025/06/05,system,6.18,1.02,12.12,0.01,tokyo,27.8,19.7,23.8,0,0,0
2025/06/05,tohoku,5.94,0.01,13.4,0.01,tokyo,27.8,19.7,23.8,0,0,0
2025/06/05,tokyo,10.94,11,15.72,7,tokyo,27.8,19.7,23.8,0,0,0
2025/06/06,chubu,8.31,8.6,11.41,0.48,osaka,30.3,21.2,25.8,0,0,0
2025/06/06,chugoku,6.09,3.76,11,0.01,osaka,30.3,21.2,25.8,0,0,0
2025/06/06,hokkaido,6.3,5.95,12.22,0.01,sapporo,22.7,15,18.9,0,0,0
2025/06/06,hokuriku,7.51,8.6,11,0.48,osaka,30.3,21.2,25.8,0,0,0
2025/06/06,kansai,7.51,8.6,11,0.48,osaka,30.3,21.2,25.8,0,0,0
2025/06/06,kyushu,5.99,2.92,11,0.01,nagasaki,30.8,22.3,26.6,0.6,0,0
2025/06/06,shikoku,6.07,3.76,11,0.01,nagasaki,30.8,22.3,26.6,0.6,0,0
2025/06/06,system,8.37,7.17,12.11,0.39,tokyo,28.3,19.2,23.8,0,0,0
2025/06/06,tohoku,8.63,6.92,16.01,0.01,tokyo,28.3,19.2,23.8,0,0,0
2025/06/06,tokyo,10.7,10.92,16.01,7.19,tokyo,28.3,19.2,23.8,0,0,0
2025/06/07,chubu,7.15,4.38,11.57,0.02,osaka,28.3,20.1,24.2,0,1,0
2025/06/07,chugoku,6.49,4.38,11.57,0.02,osaka,28.3,20.1,24.2,0,1,0
2025/06/07,hokkaido,6.05,3.08,10.93,0.01,sapporo,22.9,14.4,18.6,0,1,0
2025/06/07,hokuriku,6.49,4.38,11.57,0.02,osaka,28.3,20.1,24.2,0,1,0
2025/06/07,kansai,6.49,4.38,11.57,0.02,osaka,28.3,20.1,24.2,0,1,0
2025/06/07,kyushu,6.49,4.38,11.57,0.02,nagasaki,29.8,20.6,25.2,0,1,0
2025/06/07,shikoku,6.47,4.38,11.57,0.02,nagasaki,29.8,20.6,25.2,0,1,0
2025/06/07,system,7.54,4.07,11.55,1,tokyo,28.9,20.8,24.9,0,1,0
2025/06/07,tohoku,6.66,0.59,11.81,0.01,tokyo,28.9,20.8,24.9,0,1,0
2025/06/07,tokyo,9.14,7.35,11.81,1,tokyo,28.9,20.8,24.9,0,1,0
2025/06/08,chubu,8.41,7.92,10.32,5.82,osaka,28.9,19.7,24.3,0,1,0
2025/06/08,chugoku,7.64,7.69,10.15,5.43,osaka,28.9,19.7,24.3,0,1,0
2025/06/08,hokkaido,6.13,0.64,15.52,0.01,sapporo,21.4,12.2,16.8,0,1,0
2025/06/08,hokuriku,7.64,7.69,10.15,5.43,osaka,28.9,19.7,24.3,0,1,0
2025/06/08,kansai,7.64,7.69,10.15,5.43,osaka,28.9,19.7,24.3,0,1,0
2025/06/08,kyushu,7.64,7.69,10.15,5.43,nagasaki,29.6,21.7,25.6,0,1,0
2025/06/08,shikoku,7.64,7.69,10.15,5.43,nagasaki,29.6,21.7,25.6,0,1,0
2025/06/08,system,8.24,7.61,12.5,5.01,tokyo,29.4,20.2,24.8,0,1,0
2025/06/08,tohoku,6.64,0.64,15.52,0.01,tokyo,29.4,20.2,24.8,0,1,0
2025/06/08,tokyo,9.96,10.9,15.52,5.82,tokyo,29.4,20.2,24.8,0,1,0
2025/06/09,chubu,9.63,11.88,12.48,5,osaka,29.4,21.2,25.3,0,0,0
2025/06/09,chugoku,9.23,11.88,12.48,5,osaka,29.4,21.2,25.3,0,0,0
2025/06/09,hokkaido,6.79,6.05,12.48,0.01,sapporo,21.7,13.8,17.8,0,0,0
2025/06/09,hokuriku,9.23,11.88,12.48,5,osaka,29.4,21.2,25.3,0,0,0
2025/06/09,kansai,9.23,11.88,12.48,5,osaka,29.4,21.2,25.3,0,0,0
2025/06/09,kyushu,9.27,12.05,12.48,5,nagasaki,31.1,22.5,26.8,0.8,0,0
2025/06/09,shikoku,9.23,11.88,12.48,5,nagasaki,31.1,22.5,26.8,0.8,0,0
2025/06/09,system,9.51,11.24,12.47,6.9,tokyo,30,21.8,25.9,0,0,0
2025/06/09,tohoku,8.17,8.25,12.48,0.01,tokyo,30,21.8,25.9,0,0,0
2025/06/09,tokyo,11.33,13.69,15.19,9.73,tokyo,30,21.8,25.9,0,0,0
2025/06/10,chubu,11.71,14.01,16.81,6.74,osaka,29.6,20.9,25.3,0,0,0
2025/06/10,chugoku,11.63,14.01,16.81,6.74,osaka,29.6,20.9,25.3,0,0,0
2025/06/10,hokkaido,9.74,9.74,16.16,3.79,sapporo,21.1,13,17.1,0,0,0
2025/06/10,hokuriku,11.63,14.01,16.81,6.74,osaka,29.6,20.9,25.3,0,0,0
2025/06/10,kansai,11.63,14.01,16.81,6.74,osaka,29.6,20.9,25.3,0,0,0
2025/06/10,kyushu,11.63,14.01,16.81,6.74,nagasaki,29.9,21.7,25.8,0,0,0
2025/06/10,shikoku,11.63,14.01,16.81,6.74,nagasaki,29.9,21.7,25.8,0,0,0
2025/06/10,system,11.64,13.81,15.55,7.58,tokyo,30.2,21.5,25.9,0,0,0
2025/06/10,tohoku,10.87,13.15,17.01,3.79,tokyo,30.2,21.5,25.9,0,0,0
2025/06/10,tokyo,12.96,15.17,17.01,10.03,tokyo,30.2,21.5,25.9,0,0,0
2025/06/11,chubu,12.03,15.94,16.6,7.69,osaka,30.2,22.5,26.4,0.4,0,0
2025/06/11,chugoku,12.02,15.94,16.6,7.69,osaka,30.2,22.5,26.4,0.4,0,0
2025/06/11,hokkaido,10.93,10.86,16.16,7.45,sapporo,22.1,13.3,17.7,0,0,0
2025/06/11,hokuriku,12.02,15.94,16.6,7.69,osaka,30.2,22.5,26.4,0.4,0,0
2025/06/11,kansai,12.02,15.94,16.6,7.69,osaka,30.2,22.5,26.4,0.4,0,0
2025/06/11,kyushu,12.02,15.94,16.6,7.69,nagasaki,29.6,20.7,25.1,0,0,0
2025/06/11,shikoku,8.82,7.49,12.11,7.14,nagasaki,29.6,20.7,25.1,0,0,0
2025/06/11,system,12.58,15.36,16.37,8.59,tokyo,28.2,20.5,24.4,0,0,0
2025/06/11,tohoku,13.06,15.2,16.6,10.29,tokyo,28.2,20.5,24.4,0,0,0
2025/06/11,tokyo,13.31,15.94,16.6,10.92,tokyo,28.2,20.5,24.4,0,0,0
2025/06/12,chubu,9.14,9.25,12.3,6,osaka,30.7,21.9,26.3,0.3,0,0
2025/06/12,chugoku,8.54,8.86,12.3,5.82,osaka,30.7,21.9,26.3,0.3,0,0
2025/06/12,hokkaido,8.54,6.92,16.16,0.01,sapporo,23.1,13.6,18.4,0,0,0
2025/06/12,hokuriku,8.71,9.25,12.3,6,osaka,30.7,21.9,26.3,0.3,0,0
2025/06/12,kansai,8.71,9.25,12.3,6,osaka,30.7,21.9,26.3,0.3,0,0
2025/06/12,kyushu,8.62,8.86,12.3,5.82,nagasaki,31.1,23.5,27.3,1.3,0,0
2025/06/12,shikoku,7.66,7.27,10.09,5.82,nagasaki,31.1,23.5,27.3,1.3,0,0
2025/06/12,system,9.89,9.85,15,7.04,tokyo,28.7,20,24.4,0,0,0
2025/06/12,tohoku,8.93,6.97,16.16,0.01,tokyo,28.7,20,24.4,0,0,0
2025/06/12,tokyo,12.21,11.5,16.16,10.37,tokyo,28.7,20,24.4,0,0,0
2025/06/13,chubu,8.17,8.73,11.38,5,osaka,31.2,23.4,27.3,1.3,0,0
2025/06/13,chugoku,7.91,7.59,11.38,5,osaka,31.2,23.4,27.3,1.3,0,0
2025/06/13,hokkaido,9.19,7.44,13.93,2,sapporo,23.3,15.1,19.2,0,0,0
2025/06/13,hokuriku,8.17,8.73,11.38,5,osaka,31.2,23.4,27.3,1.3,0,0
2025/06/13,kansai,8.17,8.73,11.38,5,osaka,31.2,23.4,27.3,1.3,0,0
2025/06/13,kyushu,8.33,7.59,14.52,5,nagasaki,30.1,21.8,26,0,0,0
2025/06/13,shikoku,7.3,7.48,10.09,5,nagasaki,30.1,21.8,26,0,0,0
2025/06/13,system,9.02,9.08,12,6,tokyo,29.3,21.5,25.4,0,0,0
2025/06/13,tohoku,9.56,7.76,15.24,2,tokyo,29.3,21.5,25.4,0,0,0
2025/06/13,tokyo,11.44,11.89,15.24,10.4,tokyo,29.3,21.5,25.4,0,0,0
2025/06/14,chubu,8.69,9.28,10.05,6.74,osaka,31.7,22.9,27.3,1.3,1,0
2025/06/14,chugoku,8.65,9.28,10.05,6.74,osaka,31.7,22.9,27.3,1.3,1,0
2025/06/14,hokkaido,10,9.17,15.62,6.04,sapporo,21.8,12.9,17.4,0,1,0
2025/06/14,hokuriku,8.65,9.28,10.05,6.74,osaka,31.7,22.9,27.3,1.3,1,0
2025/06/14,kansai,8.65,9.28,10.05,6.74,osaka,31.7,22.9,27.3,1.3,1,0
2025/06/14,kyushu,8.65,9.28,10.05,6.74,nagasaki,32.3,23.3,27.8,1.8,1,0
2025/06/14,shikoku,8.65,9.28,10.05,6.74,nagasaki,32.3,23.3,27.8,1.8,1,0
2025/06/14,system,9.53,10.04,12,7.22,tokyo,29.8,21,25.4,0,1,0
2025/06/14,tohoku,10.57,10.47,15.62,6.04,tokyo,29.8,21,25.4,0,1,0
2025/06/14,tokyo,11.62,11.55,15.62,8.01,tokyo,29.8,21,25.4,0,1,0
2025/06/15,chubu,8.25,5.46,14.99,3,osaka,29.7,21.9,25.8,0,1,0
2025/06/15,chugoku,7.74,5.27,14.99,3,osaka,29.7,21.9,25.8,0,1,0
2025/06/15,hokkaido,10.5,7.14,14.99,3,sapporo,22,14.3,18.1,0,1,0
2025/06/15,hokuriku,7.74,5.27,14.99,3,osaka,29.7,21.9,25.8,0,1,0
2025/06/15,kansai,7.74,5.27,14.99,3,osaka,29.7,21.9,25.8,0,1,0
2025/06/15,kyushu,7.74,5.27,14.99,3,nagasaki,31.3,23.6,27.5,1.5,1,0
2025/06/15,shikoku,7.74,5.27,14.99,3,nagasaki,31.3,23.6,27.5,1.5,1,0
2025/06/15,system,8.68,6.34,14.98,5.26,tokyo,30.3,22.5,26.4,0.4,1,0
2025/06/15,tohoku,10.66,8.29,14.99,6.98,tokyo,30.3,22.5,26.4,0.4,1,0
2025/06/15,tokyo,10.66,8.29,14.99,6.98,tokyo,30.3,22.5,26.4,0.4,1,0
2025/06/16,chubu,12.31,12.26,27.52,7.15,osaka,30.3,21.5,25.9,0,0,0
2025/06/16,chugoku,9.99,6.08,27.52,0.01,osaka,30.3,21.5,25.9,0,0,0
2025/06/16,hokkaido,12.07,13.8,19.96,6.15,sapporo,23,14.6,18.8,0,0,0
2025/06/16,hokuriku,12.1,12.26,27.52,6.95,osaka,30.3,21.5,25.9,0,0,0
2025/06/16,kansai,12.1,12.26,27.52,6.95,osaka,30.3,21.5,25.9,0,0,0
2025/06/16,kyushu,9.99,6.08,27.52,0.01,nagasaki,31,22.6,26.8,0.8,0,0
2025/06/16,shikoku,9.99,6.08,27.52,0.01,nagasaki,31,22.6,26.8,0.8,0,0
2025/06/16,system,11.71,11.83,22.95,6.86,tokyo,30.8,22,26.4,0.4,0,0
2025/06/16,tohoku,12.17,13.8,19.96,6.15,tokyo,30.8,22,26.4,0.4,0,0
2025/06/16,tokyo,13.63,15.45,19.96,8,tokyo,30.8,22,26.4,0.4,0,0
2025/06/17,chubu,13.53,11.84,29.22,6.34,osaka,30.8,22.9,26.9,0.9,0,0
2025/06/17,chugoku,11.61,7.37,29.22,5.5,osaka,30.8,22.9,26.9,0.9,0,0
2025/06/17,hokkaido,10.1,7.14,18,5.08,sapporo,24,14.9,19.4,0,0,0
2025/06/17,hokuriku,13.08,11.84,29.22,6.34,osaka,30.8,22.9,26.9,0.9,0,0
2025/06/17,kansai,13.08,11.84,29.22,6.34,osaka,30.8,22.9,26.9,0.9,0,0
2025/06/17,kyushu,11.61,7.37,29.22,5.5,nagasaki,32.5,23.4,27.9,1.9,0,0
2025/06/17,shikoku,11.61,7.37,29.22,5.5,nagasaki,32.5,23.4,27.9,1.9,0,0
2025/06/17,system,12.84,12.28,28,6.27,tokyo,31.3,23.5,27.4,1.4,0,0
2025/06/17,tohoku,10.41,7.15,19.67,5.08,tokyo,31.3,23.5,27.4,1.4,0,0
2025/06/17,tokyo,14.92,19.05,19.95,11.15,tokyo,31.3,23.5,27.4,1.4,0,0
2025/06/18,chubu,15,18.11,29.22,5.7,osaka,31.3,22.4,26.9,0.9,0,0
2025/06/18,chugoku,11.47,7.37,29.22,4.37,osaka,31.3,22.4,26.9,0.9,0,0
2025/06/18,hokkaido,10.58,8.27,28,3,sapporo,24.2,16.3,20.3,0,0,0
2025/06/18,hokuriku,14.46,18.13,29.22,5.7,osaka,31.3,22.4,26.9,0.9,0,0
2025/06/18,kansai,14.46,18.13,29.22,5.7,osaka,31.3,22.4,26.9,0.9,0,0
2025/06/18,kyushu,11.47,7.37,29.22,4.37,nagasaki,32.2,24.4,28.3,2.3,0,0
2025/06/18,shikoku,11.47,7.37,29.22,4.37,nagasaki,32.2,24.4,28.3,2.3,0,0
2025/06/18,system,14.14,14.66,29.22,7.34,tokyo,29.3,20.4,24.9,0,0,0
2025/06/18,tohoku,11.71,8.33,28,3,tokyo,29.3,20.4,24.9,0,0,0
2025/06/18,tokyo,15.33,18.75,28,11.5,tokyo,29.3,20.4,24.9,0,0,0
2025/06/19,chubu,15.58,22.18,30.56,6,osaka,31.8,23.9,27.9,1.9,0,0
2025/06/19,chugoku,9.92,5.76,30.56,0.01,osaka,31.8,23.9,27.9,1.9,0,0
2025/06/19,hokkaido,11.32,8.28,28,5.5,sapporo,22.7,14.1,18.4,0,0,0
2025/06/19,hokuriku,14.98,22.18,30.56,6,osaka,31.8,23.9,27.9,1.9,0,0
2025/06/19,kansai,14.98,22.18,30.56,6,osaka,31.8,23.9,27.9,1.9,0,0
2025/06/19,kyushu,9.92,5.76,30.56,0.01,nagasaki,31.2,22.7,26.9,0.9,0,0
2025/06/19,shikoku,9.92,5.76,30.56,0.01,nagasaki,31.2,22.7,26.9,0.9,0,0
2025/06/19,system,14.42,16.07,30.56,7.32,tokyo,29.8,21.9,25.9,0,0,0
2025/06/19,tohoku,12.79,10.51,28,5.5,tokyo,29.8,21.9,25.9,0,0,0
2025/06/19,tokyo,15.8,19.34,28,11.79,tokyo,29.8,21.9,25.9,0,0,0
2025/06/20,chubu,14.43,17.4,30.56,6.64,osaka,30.2,21.9,26,0,0,0
2025/06/20,chugoku,10.42,6.6,30.56,0.01,osaka,30.2,21.9,26,0,0,0
2025/06/20,hokkaido,12.03,8.98,28,6,sapporo,24.5,15.8,20.1,0,0,0
2025/06/20,hokuriku,14.07,17.4,30.56,6.64,osaka,30.2,21.9,26,0,0,0
2025/06/20,kansai,14.07,17.4,30.56,6.64,osaka,30.2,21.9,26,0,0,0
2025/06/20,kyushu,10.41,6.6,30.56,0.01,nagasaki,32.5,24.4,28.4,2.4,0,0
2025/06/20,shikoku,10.42,6.6,30.56,0.01,nagasaki,32.5,24.4,28.4,2.4,0,0
2025/06/20,system,13.21,11.96,30,6.66,tokyo,30.7,22.4,26.5,0.5,0,0
2025/06/20,tohoku,12.99,8.98,28,5.82,tokyo,30.7,22.4,26.5,0.5,0,0
2025/06/20,tokyo,15.49,17.84,28,12.01,tokyo,30.7,22.4,26.5,0.5,0,0
2025/06/21,chubu,9.58,7.63,18.2,4.81,osaka,30.7,21.3,26,0,1,0
2025/06/21,chugoku,9.44,7.52,18.2,4.81,osaka,30.7,21.3,26,0,1,0
2025/06/21,hokkaido,8.37,8.14,9.98,7.1,sapporo,24.8,17.3,21.1,0,1,0
2025/06/21,hokuriku,9.46,7.63,18.2,4.81,osaka,30.7,21.3,26,0,1,0
2025/06/21,kansai,9.46,7.63,18.2,4.81,osaka,30.7,21.3,26,0,1,0
2025/06/21,kyushu,9.44,7.52,18.2,4.81,nagasaki,32.2,23.4,27.8,1.8,1,0
2025/06/21,shikoku,9.44,7.52,18.2,4.81,nagasaki,32.2,23.4,27.8,1.8,1,0
2025/06/21,system,10.6,8,20.08,6.16,tokyo,31.2,21.9,26.5,0.5,1,0
2025/06/21,tohoku,11.86,9.63,20.08,6.03,tokyo,31.2,21.9,26.5,0.5,1,0
2025/06/21,tokyo,12.55,10.65,20.08,6.03,tokyo,31.2,21.9,26.5,0.5,1,0
2025/06/22,chubu,10.3,9.53,18.2,7.08,osaka,31.2,22.8,27,1,1,0
2025/06/22,chugoku,10.07,9.53,18.2,7.08,osaka,31.2,22.8,27,1,1,0
2025/06/22,hokkaido,8.95,7.94,20.06,7.1,sapporo,23.2,15,19.1,0,1,0
2025/06/22,hokuriku,10.07,9.53,18.2,7.08,osaka,31.2,22.8,27,1,1,0
2025/06/22,kansai,10.07,9.53,18.2,7.08,osaka,31.2,22.8,27,1,1,0
2025/06/22,kyushu,9.7,7.91,18.2,7.08,nagasaki,31.2,23.7,27.4,1.4,1,0
2025/06/22,shikoku,10.07,9.53,18.2,7.08,nagasaki,31.2,23.7,27.4,1.4,1,0
2025/06/22,system,10.66,9.47,20,7,tokyo,31.7,23.3,27.5,1.5,1,0
2025/06/22,tohoku,11.83,9.42,20.06,6.06,tokyo,31.7,23.3,27.5,1.5,1,0
2025/06/22,tokyo,12.29,10.89,20.06,7.08,tokyo,31.7,23.3,27.5,1.5,1,0
2025/06/23,chubu,15.41,20.06,34.71,7.67,osaka,31.7,22.3,27,1,0,0
2025/06/23,chugoku,14.14,19.89,20.07,7.67,osaka,31.7,22.3,27,1,0,0
2025/06/23,hokkaido,10.87,10.42,20.07,5,sapporo,24.2,15.3,19.8,0,0,0
2025/06/23,hokuriku,15.41,20.06,34.71,7.67,osaka,31.7,22.3,27,1,0,0
2025/06/23,kansai,15.41,20.06,34.71,7.67,osaka,31.7,22.3,27,1,0,0
2025/06/23,kyushu,14.01,19.89,20.07,7.67,nagasaki,33.4,25.2,29.3,3.3,0,0
2025/06/23,shikoku,14.14,19.89,20.07,7.67,nagasaki,33.4,25.2,29.3,3.3,0,0
2025/06/23,system,14.79,19.63,20.12,8.77,tokyo,32.2,22.8,27.5,1.5,0,0
2025/06/23,tohoku,14.93,15.63,20.07,11.25,tokyo,32.2,22.8,27.5,1.5,0,0
2025/06/23,tokyo,16.08,20.06,20.07,11.4,tokyo,32.2,22.8,27.5,1.5,0,0
2025/06/24,chubu,17.29,28.96,34.71,8.58,osaka,32.2,23.8,28,2,0,0
2025/06/24,chugoku,15.82,24.33,30,8.58,osaka,32.2,23.8,28,2,0,0
2025/06/24,hokkaido,10.39,7.66,30.12,1,sapporo,24.4,16.7,20.5,0,0,0
2025/06/24,hokuriku,17.07,28.96,34.71,8.58,osaka,32.2,23.8,28,2,0,0
2025/06/24,kansai,17.07,28.96,34.71,8.58,osaka,32.2,23.8,28,2,0,0
2025/06/24,kyushu,15.78,24.33,30,8.49,nagasaki,32.3,23.4,27.8,1.8,0,0
2025/06/24,shikoku,15.82,24.33,30,8.58,nagasaki,32.3,23.4,27.8,1.8,0,0
2025/06/24,system,16.05,22.06,28,10.12,tokyo,30.2,21.8,26,0,0,0
2025/06/24,tohoku,16.44,18.57,30.12,11.54,tokyo,30.2,21.8,26,0,0,0
2025/06/24,tokyo,17.45,24.53,30.12,12.08,tokyo,30.2,21.8,26,0,0,0
2025/06/25,chubu,15.98,19.78,29.36,8.49,osaka,32.6,23.2,27.9,1.9,0,0
2025/06/25,chugoku,11.39,7.72,29.36,7.31,osaka,32.6,23.2,27.9,1.9,0,0
2025/06/25,hokkaido,11.52,9.8,21.66,5.9,sapporo,25.3,16.9,21.1,0,0,0
2025/06/25,hokuriku,16.4,27.52,29.36,8.49,osaka,32.6,23.2,27.9,1.9,0,0
2025/06/25,kansai,16.4,27.52,29.36,8.49,osaka,32.6,23.2,27.9,1.9,0,0
2025/06/25,kyushu,11.16,7.72,29.36,7.31,nagasaki,31.3,23.7,27.5,1.5,0,0
2025/06/25,shikoku,11.39,7.72,29.36,7.31,nagasaki,31.3,23.7,27.5,1.5,0,0
2025/06/25,system,14.29,16.28,20.06,10.12,tokyo,30.7,21.3,26,0,0,0
2025/06/25,tohoku,15.23,17.75,20.04,11.51,tokyo,30.7,21.3,26,0,0,0
2025/06/25,tokyo,15.3,17.75,20.04,11.51,tokyo,30.7,21.3,26,0,0,0
2025/06/26,chubu,14.04,18.87,20.08,8.58,osaka,33.1,24.6,28.9,2.9,0,0
2025/06/26,chugoku,10.16,7.34,19.02,3,osaka,33.1,24.6,28.9,2.9,0,0
2025/06/26,hokkaido,13.53,18.87,20.08,7.57,sapporo,25.5,16.3,20.9,0,0,0
2025/06/26,hokuriku,13.57,18.87,20.08,8.14,osaka,33.1,24.6,28.9,2.9,0,0
2025/06/26,kansai,13.57,18.87,20.08,8.14,osaka,33.1,24.6,28.9,2.9,0,0
2025/06/26,kyushu,9.93,7.34,19.02,3,nagasaki,33.4,25.1,29.3,3.3,0,0
2025/06/26,shikoku,10.16,7.34,19.02,3,nagasaki,33.4,25.1,29.3,3.3,0,0
2025/06/26,system,13.47,15.38,20,9.87,tokyo,31.2,22.8,27,1,0,0
2025/06/26,tohoku,14.86,18.87,20.08,12.13,tokyo,31.2,22.8,27,1,0,0
2025/06/26,tokyo,14.86,18.87,20.08,12.13,tokyo,31.2,22.8,27,1,0,0
2025/06/27,chubu,12.66,14.55,20,7.81,osaka,31.1,21.6,26.4,0.4,0,0
2025/06/27,chugoku,9.99,7.18,20,3.77,osaka,31.1,21.6,26.4,0.4,0,0
2025/06/27,hokkaido,11.25,8.57,20,6.75,sapporo,23.9,16,19.9,0,0,0
2025/06/27,hokuriku,12.36,14.55,20,7.55,osaka,31.1,21.6,26.4,0.4,0,0
2025/06/27,kansai,12.36,14.55,20,7.55,osaka,31.1,21.6,26.4,0.4,0,0
2025/06/27,kyushu,9.99,7.18,20,3.77,nagasaki,32.4,23.4,27.9,1.9,0,0
2025/06/27,shikoku,9.99,7.18,20,3.77,nagasaki,32.4,23.4,27.9,1.9,0,0
2025/06/27,system,11.86,10.22,20,7.67,tokyo,31.6,22.1,26.9,0.9,0,0
2025/06/27,tohoku,11.93,8.55,20,6.75,tokyo,31.6,22.1,26.9,0.9,0,0
2025/06/27,tokyo,13.79,14.77,20,10.49,tokyo,31.6,22.1,26.9,0.9,0,0
2025/06/28,chubu,9.21,4.55,16,0.01,osaka,31.6,23.1,27.4,1.4,1,0
2025/06/28,chugoku,7.69,2.1,16,0.01,osaka,31.6,23.1,27.4,1.4,1,0
2025/06/28,hokkaido,9.2,7.03,18.84,0.01,sapporo,24.9,16.3,20.6,0,1,0
2025/06/28,hokuriku,8.21,4.55,16,0.01,osaka,31.6,23.1,27.4,1.4,1,0
2025/06/28,kansai,8.21,4.55,16,0.01,osaka,31.6,23.1,27.4,1.4,1,0
2025/06/28,kyushu,7.68,2.1,16,0.01,nagasaki,32.1,24.4,28.3,2.3,1,0
2025/06/28,shikoku,7.37,2.04,16,0.01,nagasaki,32.1,24.4,28.3,2.3,1,0
2025/06/28,system,10,7.77,17,4.37,tokyo,32.1,23.6,27.9,1.9,1,0
2025/06/28,tohoku,11.21,8.49,18.84,0.27,tokyo,32.1,23.6,27.9,1.9,1,0
2025/06/28,tokyo,13.24,14.47,18.84,7.27,tokyo,32.1,23.6,27.9,1.9,1,0
2025/06/29,chubu,8.3,5.99,16.2,0.02,osaka,32,24.5,28.3,2.3,1,0
2025/06/29,chugoku,7.37,3.99,16.2,0.01,osaka,32,24.5,28.3,2.3,1,0
2025/06/29,hokkaido,7.18,5.1,16.2,0.01,sapporo,25.1,15.8,20.5,0,1,0
2025/06/29,hokuriku,7.85,5.99,16.2,0.02,osaka,32,24.5,28.3,2.3,1,0
2025/06/29,kansai,7.85,5.99,16.2,0.02,osaka,32,24.5,28.3,2.3,1,0
2025/06/29,kyushu,7.23,3.2,16.2,0.01,nagasaki,33.5,25.1,29.3,3.3,1,0
2025/06/29,shikoku,7.19,3.99,16.2,0.01,nagasaki,33.5,25.1,29.3,3.3,1,0
2025/06/29,system,8.67,6.83,16,0.1,tokyo,32.6,25.1,28.9,2.9,1,0
2025/06/29,tohoku,10.47,9.59,16.2,0.01,tokyo,32.6,25.1,28.9,2.9,1,0
2025/06/29,tokyo,12.46,11.37,16.2,7.65,tokyo,32.6,25.1,28.9,2.9,1,0
2025/06/30,chubu,12.41,13.36,20.33,5,osaka,32.9,24.9,28.9,2.9,0,0
2025/06/30,chugoku,10.19,7.68,20.33,4.44,osaka,32.9,24.9,28.9,2.9,0,0
2025/06/30,hokkaido,11.99,12.66,20.33,7.19,sapporo,24.4,14.9,19.6,0,0,0
2025/06/30,hokuriku,11.34,13.36,20.33,5,osaka,32.9,24.9,28.9,2.9,0,0
2025/06/30,kansai,11.34,13.36,20.33,5,osaka,32.9,24.9,28.9,2.9,0,0
2025/06/30,kyushu,10.11,7.08,20.33,4.44,nagasaki,32.3,24.3,28.3,2.3,0,0
2025/06/30,shikoku,9.72,6.64,20.33,0.02,nagasaki,32.3,24.3,28.3,2.3,0,0
2025/06/30,system,11.56,11.5,20.33,5,tokyo,31,23.1,27.1,1.1,0,0
2025/06/30,tohoku,13.71,14.19,20.33,8.62,tokyo,31,23.1,27.1,1.1,0,0
2025/06/30,tokyo,14.02,15.05,20.33,9.76,tokyo,31,23.1,27.1,1.1,0,0
2025/07/01,chubu,15.38,18.89,30,7.34,osaka,32.8,24,28.4,2.4,0,0
2025/07/01,chugoku,11.23,9.57,21.15,7.34,osaka,32.8,24,28.4,2.4,0,0
2025/07/01,hokkaido,15.04,17.69,30,7.85,sapporo,24.7,15.9,20.3,0,0,0
2025/07/01,hokuriku,13.46,18.06,21.15,7.34,osaka,32.8,24,28.4,2.4,0,0
2025/07/01,kansai,13.46,18.06,21.15,7.34,osaka,32.8,24,28.4,2.4,0,0
2025/07/01,kyushu,11.23,9.57,21.15,7.34,nagasaki,32.5,23.2,27.9,1.9,0,0
2025/07/01,shikoku,11.22,9.57,21.15,7.11,nagasaki,32.5,23.2,27.9,1.9,0,0
2025/07/01,system,14.29,17.26,21.16,8.01,tokyo,30.9,22.1,26.5,0.5,0,0
2025/07/01,tohoku,15.02,17.69,30,8.02,tokyo,30.9,22.1,26.5,0.5,0,0
2025/07/01,tokyo,16.19,19.96,30,10.3,tokyo,30.9,22.1,26.5,0.5,0,0
2025/07/02,chubu,17.78,21.48,29.47,8.29,osaka,33.3,25.5,29.4,3.4,0,0
2025/07/02,chugoku,13.56,10.73,29.47,7.39,osaka,33.3,25.5,29.4,3.4,0,0
2025/07/02,hokkaido,15.49,15,29.47,9.08,sapporo,25.6,18.1,21.9,0,0,0
2025/07/02,hokuriku,17,21.48,29.47,8.29,osaka,33.3,25.5,29.4,3.4,0,0
2025/07/02,kansai,17,21.48,29.47,8.29,osaka,33.3,25.5,29.4,3.4,0,0
2025/07/02,kyushu,13.44,10.73,29.47,7.39,nagasaki,33.9,25.8,29.9,3.9,0,0
2025/07/02,shikoku,13.56,10.73,29.47,7.39,nagasaki,33.9,25.8,29.9,3.9,0,0
2025/07/02,system,15.73,16.46,29.47,10.24,tokyo,31.3,23.5,27.4,1.4,0,0
2025/07/02,tohoku,15.49,15,29.47,9.08,tokyo,31.3,23.5,27.4,1.4,0,0
2025/07/02,tokyo,17.64,20.07,29.47,13.2,tokyo,31.3,23.5,27.4,1.4,0,0
2025/07/03,chubu,15.29,16.99,25,10.69,osaka,33.8,25,29.4,3.4,0,0
2025/07/03,chugoku,14.08,15.99,25,7.7,osaka,33.8,25,29.4,3.4,0,0
2025/07/03,hokkaido,13.34,13.2,20.46,7.21,sapporo,25.7,17.4,21.5,0,0,0
2025/07/03,hokuriku,14.64,16.99,25,8.91,osaka,33.8,25,29.4,3.4,0,0
2025/07/03,kansai,14.64,16.99,25,8.91,osaka,33.8,25,29.4,3.4,0,0
2025/07/03,kyushu,14.08,15.99,25,7.7,nagasaki,32.9,24.1,28.5,2.5,0,0
2025/07/03,shikoku,14.08,15.99,25,7.7,nagasaki,32.9,24.1,28.5,2.5,0,0
2025/07/03,system,14.51,16.2,20.46,8.85,tokyo,31.8,23,27.4,1.4,0,0
2025/07/03,tohoku,13.47,13.2,20.46,5,tokyo,31.8,23,27.4,1.4,0,0
2025/07/03,tokyo,15.06,16.96,20.46,10.69,tokyo,31.8,23,27.4,1.4,0,0
2025/07/04,chubu,16.07,17.98,29.47,10.21,osaka,31.7,23.9,27.8,1.8,0,0
2025/07/04,chugoku,13.72,11.4,29.47,7.39,osaka,31.7,23.9,27.8,1.8,0,0
2025/07/04,hokkaido,13.87,16.8,29.47,7.26,sapporo,24.1,15.1,19.6,0,0,0
2025/07/04,hokuriku,15.33,17.98,29.47,8.91,osaka,31.7,23.9,27.8,1.8,0,0
2025/07/04,kansai,15.33,17.98,29.47,8.91,osaka,31.7,23.9,27.8,1.8,0,0
2025/07/04,kyushu,13.72,11.4,29.47,7.39,nagasaki,32.5,23,27.8,1.8,0,0
2025/07/04,shikoku,13.72,11.4,29.47,7.39,nagasaki,32.5,23,27.8,1.8,0,0
2025/07/04,system,15.17,16.34,29.47,9.84,tokyo,32.2,24.4,28.3,2.3,0,0
2025/07/04,tohoku,15.17,16.8,29.47,8.13,tokyo,32.2,24.4,28.3,2.3,0,0
2025/07/04,tokyo,16.02,17.98,29.47,12.09,tokyo,32.2,24.4,28.3,2.3,0,0
2025/07/05,chubu,12.6,10.83,19.72,7.37,osaka,32.1,23.2,27.6,1.6,1,0
2025/07/05,chugoku,11.01,8.01,19.72,7.29,osaka,32.1,23.2,27.6,1.6,1,0
2025/07/05,hokkaido,11.75,8.96,19.72,7.22,sapporo,24.3,16.5,20.4,0,1,0
2025/07/05,hokuriku,11.83,10.83,19.72,7.29,osaka,32.1,23.2,27.6,1.6,1,0
2025/07/05,kansai,11.83,10.83,19.72,7.29,osaka,32.1,23.2,27.6,1.6,1,0
2025/07/05,kyushu,11.01,8.01,19.72,7.29,nagasaki,33.9,25.7,29.8,3.8,1,0
2025/07/05,shikoku,11,7.96,19.72,7.06,nagasaki,33.9,25.7,29.8,3.8,1,0
2025/07/05,system,12.06,9.88,19.72,7.54,tokyo,32.7,23.9,28.3,2.3,1,0
2025/07/05,tohoku,12.74,10.81,19.72,9.08,tokyo,32.7,23.9,28.3,2.3,1,0
2025/07/05,tokyo,13,11.45,19.72,10.54,tokyo,32.7,23.9,28.3,2.3,1,0
2025/07/06,chubu,11.8,10.24,19.66,7.14,osaka,32.6,24.7,28.6,2.6,1,0
2025/07/06,chugoku,10.65,7.63,19.66,7.04,osaka,32.6,24.7,28.6,2.6,1,0
2025/07/06,hokkaido,11.29,8.7,19.66,6.15,sapporo,25.2,16.7,20.9,0,1,0
2025/07/06,hokuriku,11.24,10.24,19.66,7.14,osaka,32.6,24.7,28.6,2.6,1,0
2025/07/06,kansai,11.24,10.24,19.66,7.14,osaka,32.6,24.7,28.6,2.6,1,0
2025/07/06,kyushu,10.56,7.4,19.66,7.04,nagasaki,33.6,24.7,29.1,3.1,1,0
2025/07/06,shikoku,10.63,7.49,19.66,6.93,nagasaki,33.6,24.7,29.1,3.1,1,0
2025/07/06,system,11.17,8.15,19.66,7.37,tokyo,33.1,25.2,29.1,3.1,1,0
2025/07/06,tohoku,11.32,8.94,19.66,6.15,tokyo,33.1,25.2,29.1,3.1,1,0
2025/07/06,tokyo,11.8,10.24,19.66,7.14,tokyo,33.1,25.2,29.1,3.1,1,0
2025/07/07,chubu,16.98,23.18,35,8,osaka,33,24.1,28.6,2.6,0,0
2025/07/07,chugoku,13.33,12.02,35,7.4,osaka,33,24.1,28.6,2.6,0,0
2025/07/07,hokkaido,15.65,16.92,35,7.22,sapporo,26.1,16.9,21.5,0,0,0
2025/07/07,hokuriku,16.6,24.91,35,7.54,osaka,33,24.1,28.6,2.6,0,0
2025/07/07,kansai,16.6,24.91,35,7.54,osaka,33,24.1,28.6,2.6,0,0
2025/07/07,kyushu,13.32,12.02,35,7.4,nagasaki,32.5,24.9,28.7,2.7,0,0
2025/07/07,shikoku,13.23,11.25,35,7.4,nagasaki,32.5,24.9,28.7,2.7,0,0
2025/07/07,system,16.06,19.43,35,8.49,tokyo,31.1,22.2,26.6,0.6,0,0
2025/07/07,tohoku,15.65,16.92,35,7.22,tokyo,31.1,22.2,26.6,0.6,0,0
2025/07/07,tokyo,17.1,23.18,35,9.39,tokyo,31.1,22.2,26.6,0.6,0,0
2025/07/08,chubu,17.65,21.67,35.28,11.47,osaka,33.4,25.5,29.4,3.4,0,0
2025/07/08,chugoku,15.13,16.62,35,7.64,osaka,33.4,25.5,29.4,3.4,0,0
2025/07/08,hokkaido,15.88,13.31,35.28,6.5,sapporo,26.2,18.2,22.2,0,0,0
2025/07/08,hokuriku,17.65,21.67,35.28,11.47,osaka,33.4,25.5,29.4,3.4,0,0
2025/07/08,kansai,17.65,21.67,35.28,11.47,osaka,33.4,25.5,29.4,3.4,0,0
2025/07/08,kyushu,14.47,16.62,35,7.64,nagasaki,34.6,26.3,30.5,4.5,0,0
2025/07/08,shikoku,15.13,16.62,35,7.64,nagasaki,34.6,26.3,30.5,4.5,0,0
2025/07/08,system,16.05,18.52,30.01,11.09,tokyo,31.5,23.6,27.6,1.6,0,0
2025/07/08,tohoku,15.95,13.31,35.28,6.5,tokyo,31.5,23.6,27.6,1.6,0,0
2025/07/08,tokyo,18.01,21.91,35.28,11.47,tokyo,31.5,23.6,27.6,1.6,0,0
2025/07/09,chubu,16.2,22.47,30,10.89,osaka,33.9,25,29.4,3.4,0,0
2025/07/09,chugoku,13.94,12.96,23.62,7.4,osaka,33.9,25,29.4,3.4,0,0
2025/07/09,hokkaido,13.83,14.9,30,7.22,sapporo,24.6,15.9,20.3,0,0,0
2025/07/09,hokuriku,16.77,28.21,35.28,9.55,osaka,33.9,25,29.4,3.4,0,0
2025/07/09,kansai,16.77,28.21,35.28,9.55,osaka,33.9,25,29.4,3.4,0,0
2025/07/09,kyushu,13.89,12.96,23.62,7.4,nagasaki,33.5,24.5,29,3,0,0
2025/07/09,shikoku,13.94,12.96,23.62,7.4,nagasaki,33.5,24.5,29,3,0,0
2025/07/09,system,15.1,18.48,23.4,10.42,tokyo,31.9,23,27.4,1.4,0,0
2025/07/09,tohoku,13.96,14.9,30,7.22,tokyo,31.9,23,27.4,1.4,0,0
2025/07/09,tokyo,15.63,19.32,30,10.89,tokyo,31.9,23,27.4,1.4,0,0
2025/07/10,chubu,15.66,20.31,24.49,11.39,osaka,32.2,22.8,27.5,1.5,0,0
2025/07/10,chugoku,15.05,17.1,24.49,10.47,osaka,32.2,22.8,27.5,1.5,0,0
2025/07/10,hokkaido,12.36,12.88,19.57,7.22,sapporo,26.4,17.6,22,0,0,0
2025/07/10,hokuriku,15.48,20.31,24.49,10.47,osaka,32.2,22.8,27.5,1.5,0,0
2025/07/10,kansai,15.48,20.31,24.49,10.47,osaka,32.2,22.8,27.5,1.5,0,0
2025/07/10,kyushu,15.05,17.1,24.49,10.47,nagasaki,34.7,26.1,30.4,4.4,0,0
2025/07/10,shikoku,13.68,12.47,24.49,7.05,nagasaki,34.7,26.1,30.4,4.4,0,0
2025/07/10,system,14.76,18.64,20.02,11.32,tokyo,32.8,23.4,28.1,2.1,0,0
2025/07/10,tohoku,12.48,12.88,19.57,7.22,tokyo,32.8,23.4,28.1,2.1,0,0
2025/07/10,tokyo,15.37,20.31,24.01,11.39,tokyo,32.8,23.4,28.1,2.1,0,0
2025/07/11,chubu,12.69,12.71,18,10.47,osaka,32.6,24.2,28.4,2.4,0,0
2025/07/11,chugoku,12.69,12.71,18,10.47,osaka,32.6,24.2,28.4,2.4,0,0
2025/07/11,hokkaido,11.68,11.23,16.02,7.22,sapporo,24.1,16.5,20.3,0,0,0
2025/07/11,hokuriku,12.69,12.71,18,10.47,osaka,32.6,24.2,28.4,2.4,0,0
2025/07/11,kansai,12.69,12.71,18,10.47,osaka,32.6,24.2,28.4,2.4,0,0
2025/07/11,kyushu,12.69,12.71,18,10.47,nagasaki,34.3,25.1,29.7,3.7,0,0
2025/07/11,shikoku,12.69,12.71,18,10.47,nagasaki,34.3,25.1,29.7,3.7,0,0
2025/07/11,system,12.33,12.3,16.87,10.31,tokyo,33.2,24.8,29,3,0,0
2025/07/11,tohoku,11.8,11.23,16.02,7.22,tokyo,33.2,24.8,29,3,0,0
2025/07/11,tokyo,12.25,12.07,16.02,10.47,tokyo,33.2,24.8,29,3,0,0
2025/07/12,chubu,10.46,9.26,15.34,7.23,osaka,33,23.6,28.3,2.3,1,0
2025/07/12,chugoku,10.29,7.92,15.34,7.23,osaka,33,23.6,28.3,2.3,1,0
2025/07/12,hokkaido,9.84,7.32,15.34,6.01,sapporo,25,16.7,20.9,0,1,0
2025/07/12,hokuriku,10.46,9.26,15.34,7.23,osaka,33,23.6,28.3,2.3,1,0
2025/07/12,kansai,10.46,9.26,15.34,7.23,osaka,33,23.6,28.3,2.3,1,0
2025/07/12,kyushu,9.63,7.69,15.34,7.23,nagasaki,33.2,25.2,29.2,3.2,1,0
2025/07/12,shikoku,10.15,7.7,15.34,6.83,nagasaki,33.2,25.2,29.2,3.2,1,0
2025/07/12,system,10.25,8.35,15.34,7.15,tokyo,33.6,24.2,28.9,2.9,1,0
2025/07/12,tohoku,10.27,7.96,15.34,6.01,tokyo,33.6,24.2,28.9,2.9,1,0
2025/07/12,tokyo,10.45,9.26,15.34,7.23,tokyo,33.6,24.2,28.9,2.9,1,0
2025/07/13,chubu,10.09,9.67,16.18,6.85,osaka,33.5,25.1,29.3,3.3,1,0
2025/07/13,chugoku,9.51,7.12,16.18,5.9,osaka,33.5,25.1,29.3,3.3,1,0
2025/07/13,hokkaido,8.89,7.04,16.18,4,sapporo,25.8,16.8,21.3,0,1,0
2025/07/13,hokuriku,9.99,9.67,16.18,6.85,osaka,33.5,25.1,29.3,3.3,1,0
2025/07/13,kansai,9.99,9.67,16.18,6.85,osaka,33.5,25.1,29.3,3.3,1,0
2025/07/13,kyushu,9.09,7.12,16.18,5.9,nagasaki,34.6,25.9,30.3,4.3,1,0
2025/07/13,shikoku,9.39,6.83,16.18,5.9,nagasaki,34.6,25.9,30.3,4.3,1,0
2025/07/13,system,9.82,8.11,16.18,6.72,tokyo,31.5,23.1,27.3,1.3,1,0
2025/07/13,tohoku,9.82,7.06,16.18,6.23,tokyo,31.5,23.1,27.3,1.3,1,0
2025/07/13,tokyo,10.26,9.67,16.18,6.85,tokyo,31.5,23.1,27.3,1.3,1,0
2025/07/14,chubu,12.17,14.02,17.9,8,osaka,33.9,24.4,29.1,3.1,0,0
2025/07/14,chugoku,11.53,12.78,17.9,7.45,osaka,33.9,24.4,29.1,3.1,0,0
2025/07/14,hokkaido,11.69,13.94,17.9,7.63,sapporo,26,18.2,22.1,0,0,0
2025/07/14,hokuriku,11.96,14.02,17.9,7.64,osaka,33.9,24.4,29.1,3.1,0,0
2025/07/14,kansai,11.96,14.02,17.9,7.64,osaka,33.9,24.4,29.1,3.1,0,0
2025/07/14,kyushu,10.51,8.7,17.9,7.45,nagasaki,34.2,24.8,29.5,3.5,0,0
2025/07/14,shikoku,11.5,12.78,17.9,7.45,nagasaki,34.2,24.8,29.5,3.5,0,0
2025/07/14,system,11.69,13.09,17.65,8.11,tokyo,31.9,22.5,27.2,1.2,0,0
2025/07/14,tohoku,11.89,13.94,17.9,8,tokyo,31.9,22.5,27.2,1.2,0,0
2025/07/14,tokyo,12.2,14.02,17.9,8,tokyo,31.9,22.5,27.2,1.2,0,0
2025/07/15,chubu,16.08,24.47,31.5,9.91,osaka,34.3,25.8,30,4,0,0
2025/07/15,chugoku,10.99,8.25,19.3,6.55,osaka,34.3,25.8,30,4,0,0
2025/07/15,hokkaido,14.73,21.33,26,7.96,sapporo,24.3,15.8,20.1,0,0,0
2025/07/15,hokuriku,15.82,24.47,31.5,9.23,osaka,34.3,25.8,30,4,0,0
2025/07/15,kansai,15.82,24.47,31.5,9.23,osaka,34.3,25.8,30,4,0,0
2025/07/15,kyushu,9.95,7.32,19.3,6.55,nagasaki,33.1,25,29.1,3.1,0,0
2025/07/15,shikoku,6.19,2.79,16.02,0.01,nagasaki,33.1,25,29.1,3.1,0,0
2025/07/15,system,12.67,13.62,18.5,9.43,tokyo,32.3,23.8,28,2,0,0
2025/07/15,tohoku,14.9,21.33,26,10.32,tokyo,32.3,23.8,28,2,0,0
2025/07/15,tokyo,14.95,21.68,28.09,10.32,tokyo,32.3,23.8,28,2,0,0
2025/07/16,chubu,12.85,13.27,17.65,9.43,osaka,32.2,24.7,28.5,2.5,0,0
2025/07/16,chugoku,10.68,8.55,17.55,7.15,osaka,32.2,24.7,28.5,2.5,0,0
2025/07/16,hokkaido,13.55,14.79,17.65,11.06,sapporo,24.4,15.2,19.8,0,0,0
2025/07/16,hokuriku,12.26,13.27,17.65,9.18,osaka,32.2,24.7,28.5,2.5,0,0
2025/07/16,kansai,12.26,13.27,17.65,9.18,osaka,32.2,24.7,28.5,2.5,0,0
2025/07/16,kyushu,10.2,8.46,17.55,7.15,nagasaki,32.7,23.9,28.3,2.3,0,0
2025/07/16,shikoku,7.03,5.59,16.45,3,nagasaki,32.7,23.9,28.3,2.3,0,0
2025/07/16,system,11.62,11.53,16.96,8.3,tokyo,32.7,23.2,28,2,0,0
2025/07/16,tohoku,13.01,13.27,17.65,11.06,tokyo,32.7,23.2,28,2,0,0
2025/07/16,tokyo,13.01,13.27,17.65,11.06,tokyo,32.7,23.2,28,2,0,0
2025/07/17,chubu,13.12,16.45,17.52,8.12,osaka,32.6,24.1,28.4,2.4,0,0
2025/07/17,chugoku,10.66,11.69,15.77,7.45,osaka,32.6,24.1,28.4,2.4,0,0
2025/07/17,hokkaido,13.57,16.45,17.52,11.23,sapporo,25.3,17.4,21.4,0,0,0
2025/07/17,hokuriku,12.55,16.45,17.52,8.12,osaka,32.6,24.1,28.4,2.4,0,0
2025/07/17,kansai,12.55,16.45,17.52,8.12,osaka,32.6,24.1,28.4,2.4,0,0
2025/07/17,kyushu,10.11,11.35,15.77,7.45,nagasaki,34,26.5,30.3,4.3,0,0
2025/07/17,shikoku,8.42,9.52,15.77,5,nagasaki,34,26.5,30.3,4.3,0,0
2025/07/17,system,12.35,14.4,16.13,10.06,tokyo,33.1,24.6,28.9,2.9,0,0
2025/07/17,tohoku,13.57,16.45,17.52,11.23,tokyo,33.1,24.6,28.9,2.9,0,0
2025/07/17,tokyo,13.57,16.45,17.52,11.23,tokyo,33.1,24.6,28.9,2.9,0,0
2025/07/18,chubu,12.1,12.75,17.6,9.18,osaka,32.9,25.4,29.1,3.1,0,0
2025/07/18,chugoku,11.76,12.75,17.6,9.08,osaka,32.9,25.4,29.1,3.1,0,0
2025/07/18,hokkaido,12.41,12.53,17.6,9.81,sapporo,26.1,17.5,21.8,0,0,0
2025/07/18,hokuriku,11.76,12.75,17.6,9.08,osaka,32.9,25.4,29.1,3.1,0,0
2025/07/18,kansai,11.76,12.75,17.6,9.08,osaka,32.9,25.4,29.1,3.1,0,0
2025/07/18,kyushu,11.51,12.75,17.6,7.64,nagasaki,33.6,25.4,29.5,3.5,0,0
2025/07/18,shikoku,7.74,8.08,12,4,nagasaki,33.6,25.4,29.5,3.5,0,0
2025/07/18,system,11.97,12.63,17.19,9.16,tokyo,33.5,26,29.8,3.8,0,0
2025/07/18,tohoku,12.41,12.53,17.6,9.81,tokyo,33.5,26,29.8,3.8,0,0
2025/07/18,tokyo,12.51,12.69,17.6,9.81,tokyo,33.5,26,29.8,3.8,0,0
2025/07/19,chubu,9.74,9.56,12.85,6.76,osaka,33.3,24.7,29,3,1,0
2025/07/19,chugoku,9.12,7.46,12.85,6.76,osaka,33.3,24.7,29,3,1,0
2025/07/19,hokkaido,9.97,8.49,14.9,6.2,sapporo,26.2,16.8,21.5,0,1,0
2025/07/19,hokuriku,9.44,9.56,12.85,6.76,osaka,33.3,24.7,29,3,1,0
2025/07/19,kansai,9.44,9.56,12.85,6.76,osaka,33.3,24.7,29,3,1,0
2025/07/19,kyushu,8.97,7.46,12.85,6.76,nagasaki,35,26.1,30.6,4.6,1,0
2025/07/19,shikoku,6.64,7.04,12.85,0.01,nagasaki,35,26.1,30.6,4.6,1,0
2025/07/19,system,9.5,8.23,13.38,7.35,tokyo,31.4,22.9,27.1,1.1,1,0
2025/07/19,tohoku,10.01,8.49,14.9,6.2,tokyo,31.4,22.9,27.1,1.1,1,0
2025/07/19,tokyo,10.21,10.02,14.9,6.76,tokyo,31.4,22.9,27.1,1.1,1,0
2025/07/20,chubu,8.99,8.3,12.79,4.86,osaka,34.1,25.1,29.6,3.6,1,0
2025/07/20,chugoku,8.55,7.81,12.79,4.86,osaka,34.1,25.1,29.6,3.6,1,0
2025/07/20,hokkaido,9.36,6.85,16.33,5,sapporo,25.5,18,21.8,0,1,0
2025/07/20,hokuriku,8.74,8.3,12.79,4.86,osaka,34.1,25.1,29.6,3.6,1,0
2025/07/20,kansai,8.74,8.3,12.79,4.86,osaka,34.1,25.1,29.6,3.6,1,0
2025/07/20,kyushu,8.37,7.3,12.79,3.09,nagasaki,33.7,25.2,29.5,3.5,1,0
2025/07/20,shikoku,5.64,6.21,6.93,0.01,nagasaki,33.7,25.2,29.5,3.5,1,0
2025/07/20,system,8.9,7.9,13.22,5.78,tokyo,32.2,23.2,27.7,1.7,1,0
2025/07/20,tohoku,9.95,8.96,16.33,5,tokyo,32.2,23.2,27.7,1.7,1,0
2025/07/20,tokyo,9.95,8.96,16.33,5,tokyo,32.2,23.2,27.7,1.7,1,0
2025/07/21,chubu,11.46,10.8,19.83,8.33,osaka,32,24,28,2,0,0
2025/07/21,chugoku,9.93,8.21,19.83,6,osaka,32,24,28,2,0,0
2025/07/21,hokkaido,8.78,5.51,19.83,3,sapporo,26.3,18.1,22.2,0,0,0
2025/07/21,hokuriku,10.48,10.8,19.83,6,osaka,32,24,28,2,0,0
2025/07/21,kansai,10.48,10.8,19.83,6,osaka,32,24,28,2,0,0
2025/07/21,kyushu,9.45,7.35,19.83,6,nagasaki,33.3,24.2,28.8,2.8,0,0
2025/07/21,shikoku,4.9,1.19,7,0.01,nagasaki,33.3,24.2,28.8,2.8,0,0
2025/07/21,system,10.07,9,17,7.35,tokyo,32.6,24.6,28.6,2.6,0,0
2025/07/21,tohoku,11.39,10.81,19.83,5,tokyo,32.6,24.6,28.6,2.6,0,0
2025/07/21,tokyo,12,11.38,19.83,8.33,tokyo,32.6,24.6,28.6,2.6,0,0
2025/07/22,chubu,13.22,13.81,20,7.75,osaka,32.4,23.4,27.9,1.9,0,0
2025/07/22,chugoku,11.02,7.92,19.98,6.98,osaka,32.4,23.4,27.9,1.9,0,0
2025/07/22,hokkaido,11.1,11.27,20,2,sapporo,26.4,17.4,21.9,0,0,0
2025/07/22,hokuriku,12.5,13.81,20,7.75,osaka,32.4,23.4,27.9,1.9,0,0
2025/07/22,kansai,12.5,13.81,20,7.75,osaka,32.4,23.4,27.9,1.9,0,0
2025/07/22,kyushu,10.53,7.39,19.98,6.98,nagasaki,34.6,26.7,30.6,4.6,0,0
2025/07/22,shikoku,5.71,0.87,13.89,0.01,nagasaki,34.6,26.7,30.6,4.6,0,0
2025/07/22,system,11.93,11.4,19.96,6.72,tokyo,32.9,23.9,28.4,2.4,0,0
2025/07/22,tohoku,12.32,11.27,20,2,tokyo,32.9,23.9,28.4,2.4,0,0
2025/07/22,tokyo,13.89,17.13,20,9.48,tokyo,32.9,23.9,28.4,2.4,0,0
2025/07/23,chubu,14.27,18.78,19.68,9.48,osaka,32.8,24.7,28.8,2.8,0,0
2025/07/23,chugoku,11.93,9.04,19.67,6.55,osaka,32.8,24.7,28.8,2.8,0,0
2025/07/23,hokkaido,12.33,13.81,20,7.35,sapporo,24.8,17.1,21,0,0,0
2025/07/23,hokuriku,13.57,18.78,19.68,9.23,osaka,32.8,24.7,28.8,2.8,0,0
2025/07/23,kansai,13.57,18.78,19.68,9.23,osaka,32.8,24.7,28.8,2.8,0,0
2025/07/23,kyushu,10.51,7.36,19.67,6.55,nagasaki,34.2,25.7,30,4,0,0
2025/07/23,shikoku,6.46,1.87,15,0.01,nagasaki,34.2,25.7,30,4,0,0
2025/07/23,system,12.67,13.36,19.67,7.64,tokyo,33.3,25.3,29.3,3.3,0,0
2025/07/23,tohoku,13.43,13.81,19.68,7.35,tokyo,33.3,25.3,29.3,3.3,0,0
2025/07/23,tokyo,14.65,18.78,19.68,11,tokyo,33.3,25.3,29.3,3.3,0,0
2025/07/24,chubu,14.41,19.04,21.64,9.48,osaka,33.1,24,28.6,2.6,0,0
2025/07/24,chugoku,11.94,10.33,20.12,7.45,osaka,33.1,24,28.6,2.6,0,0
2025/07/24,hokkaido,12.86,14.31,21.64,7.35,sapporo,25.6,17.2,21.4,0,0,0
2025/07/24,hokuriku,13.88,19.04,21.64,9.23,osaka,33.1,24,28.6,2.6,0,0
2025/07/24,kansai,13.88,19.04,21.64,9.23,osaka,33.1,24,28.6,2.6,0,0
2025/07/24,kyushu,11.12,8.4,20.12,7.45,nagasaki,33,23.7,28.4,2.4,0,0
2025/07/24,shikoku,7.95,6.56,17,4,nagasaki,33,23.7,28.4,2.4,0,0
2025/07/24,system,13.48,15.48,20.12,9.04,tokyo,33.7,24.6,29.2,3.2,0,0
2025/07/24,tohoku,13.47,14.31,21.64,7.35,tokyo,33.7,24.6,29.2,3.2,0,0
2025/07/24,tokyo,14.77,19.04,21.64,11.1,tokyo,33.7,24.6,29.2,3.2,0,0
2025/07/25,chubu,14.38,16.76,20.12,9.97,osaka,33.5,25.4,29.4,3.4,0,0
2025/07/25,chugoku,12.1,9.4,20.12,7.64,osaka,33.5,25.4,29.4,3.4,0,0
2025/07/25,hokkaido,13.01,13.91,20.12,7.35,sapporo,25.7,16.5,21.1,0,0,0
2025/07/25,hokuriku,13.81,16.76,20.12,9.48,osaka,33.5,25.4,29.4,3.4,0,0
2025/07/25,kansai,13.81,16.76,20.12,9.48,osaka,33.5,25.4,29.4,3.4,0,0
2025/07/25,kyushu,11.68,9.4,20.12,7.64,nagasaki,34.3,26.3,30.3,4.3,0,0
2025/07/25,shikoku,8.93,7.07,16.02,5,nagasaki,34.3,26.3,30.3,4.3,0,0
2025/07/25,system,13.38,13.84,19.34,8.77,tokyo,31.5,23.4,27.4,1.4,0,0
2025/07/25,tohoku,13.56,13.91,20.12,7.35,tokyo,31.5,23.4,27.4,1.4,0,0
2025/07/25,tokyo,14.58,16.76,20.12,12,tokyo,31.5,23.4,27.4,1.4,0,0
2025/07/26,chubu,12.38,11.82,18,8.49,osaka,33.8,24.7,29.3,3.3,1,0
2025/07/26,chugoku,10.58,8.09,17.41,7.39,osaka,33.8,24.7,29.3,3.3,1,0
2025/07/26,hokkaido,14.15,14.5,18.18,8,sapporo,26.5,18.6,22.6,0,1,0
2025/07/26,hokuriku,11.81,11.82,18,7.64,osaka,33.8,24.7,29.3,3.3,1,0
2025/07/26,kansai,11.81,11.82,18,7.64,osaka,33.8,24.7,29.3,3.3,1,0
2025/07/26,kyushu,10.05,8.09,17.41,7.39,nagasaki,33.9,25.2,29.5,3.5,1,0
2025/07/26,shikoku,8,5.16,14.02,0.02,nagasaki,33.9,25.2,29.5,3.5,1,0
2025/07/26,system,11.74,10.44,17,8.12,tokyo,31.9,22.8,27.4,1.4,1,0
2025/07/26,tohoku,12.26,11.09,18,7,tokyo,31.9,22.8,27.4,1.4,1,0
2025/07/26,tokyo,12.8,11.98,18,9.51,tokyo,31.9,22.8,27.4,1.4,1,0
2025/07/27,chubu,11.7,9.87,17.41,7.45,osaka,34.2,26.1,30.2,4.2,1,0
2025/07/27,chugoku,10.34,7.55,17.41,6.24,osaka,34.2,26.1,30.2,4.2,1,0
2025/07/27,hokkaido,14.61,12.15,30.12,10.19,sapporo,26.6,17.9,22.3,0,1,0
2025/07/27,hokuriku,11.19,9.87,17.41,7.45,osaka,34.2,26.1,30.2,4.2,1,0
2025/07/27,kansai,11.19,9.87,17.41,7.45,osaka,34.2,26.1,30.2,4.2,1,0
2025/07/27,kyushu,10.25,7.55,17.41,6.24,nagasaki,32.7,23.3,28,2,1,0
2025/07/27,shikoku,8.32,1.87,15.2,0.01,nagasaki,32.7,23.3,28,2,1,0
2025/07/27,system,11.19,9.72,17.09,7.71,tokyo,32.2,24.1,28.2,2.2,1,0
2025/07/27,tohoku,12.5,12.15,17.41,10.19,tokyo,32.2,24.1,28.2,2.2,1,0
2025/07/27,tokyo,12.52,12.15,17.41,10.19,tokyo,32.2,24.1,28.2,2.2,1,0
2025/07/28,chubu,15.03,18.7,31.46,9.91,osaka,32,22.8,27.4,1.4,0,0
2025/07/28,chugoku,11.99,8.35,31.46,7.03,osaka,32,22.8,27.4,1.4,0,0
2025/07/28,hokkaido,19.01,19.79,50,10.4,sapporo,24.9,15.5,20.2,0,0,0
2025/07/28,hokuriku,14.33,18.7,31.46,8.1,osaka,32,22.8,27.4,1.4,0,0
2025/07/28,kansai,14.33,18.7,31.46,8.1,osaka,32,22.8,27.4,1.4,0,0
2025/07/28,kyushu,11.86,8.35,31.46,7.03,nagasaki,34.7,26.6,30.7,4.7,0,0
2025/07/28,shikoku,6.73,4.75,13,0.02,nagasaki,34.7,26.6,30.7,4.7,0,0
2025/07/28,system,13.6,14.73,30,8.07,tokyo,32.6,23.5,28.1,2.1,0,0
2025/07/28,tohoku,14.28,14.87,31.46,7.83,tokyo,32.6,23.5,28.1,2.1,0,0
2025/07/28,tokyo,15.11,18.7,31.46,11.08,tokyo,32.6,23.5,28.1,2.1,0,0
2025/07/29,chubu,17.89,19.12,37.51,10.04,osaka,32.4,24.2,28.3,2.3,0,0
2025/07/29,chugoku,12.42,8.61,37.51,6.61,osaka,32.4,24.2,28.3,2.3,0,0
2025/07/29,hokkaido,18.6,15.54,37.51,7.47,sapporo,25.7,17.6,21.6,0,0,0
2025/07/29,hokuriku,17.77,21.29,37.51,9.31,osaka,32.4,24.2,28.3,2.3,0,0
2025/07/29,kansai,17.77,21.29,37.51,9.31,osaka,32.4,24.2,28.3,2.3,0,0
2025/07/29,kyushu,12.35,8.61,37.51,6.61,nagasaki,33.6,24.8,29.2,3.2,0,0
2025/07/29,shikoku,7.54,4.93,12.27,0.02,nagasaki,33.6,24.8,29.2,3.2,0,0
2025/07/29,system,15.64,14.7,37.51,9.82,tokyo,32.9,24.7,28.8,2.8,0,0
2025/07/29,tohoku,15.21,12.29,37.51,5,tokyo,32.9,24.7,28.8,2.8,0,0
2025/07/29,tokyo,17,18.29,37.51,11.42,tokyo,32.9,24.7,28.8,2.8,0,0
2025/07/30,chubu,16.11,16.38,37.51,10.2,osaka,32.4,23.7,28,2,0,0
2025/07/30,chugoku,11.71,8.2,30.89,6.58,osaka,32.4,23.7,28,2,0,0
2025/07/30,hokkaido,13.7,14.08,19.39,7.47,sapporo,24.9,16.7,20.8,0,0,0
2025/07/30,hokuriku,15.6,18.15,37.51,8.9,osaka,32.4,23.7,28,2,0,0
2025/07/30,kansai,15.6,18.15,37.51,8.9,osaka,32.4,23.7,28,2,0,0
2025/07/30,kyushu,11.71,8.2,30.89,6.58,nagasaki,34.7,26.3,30.5,4.5,0,0
2025/07/30,shikoku,8.12,6.93,14.02,6.42,nagasaki,34.7,26.3,30.5,4.5,0,0
2025/07/30,system,12.68,12.52,19.39,7.47,tokyo,33,24.3,28.6,2.6,0,0
2025/07/30,tohoku,13.04,11.96,19.39,7.22,tokyo,33,24.3,28.6,2.6,0,0
2025/07/30,tokyo,14.1,16.38,19.39,10.2,tokyo,33,24.3,28.6,2.6,0,0
2025/07/31,chubu,14.33,18.13,20.35,10.94,osaka,32.7,25,28.9,2.9,0,0
2025/07/31,chugoku,11.45,9.03,20.35,7.18,osaka,32.7,25,28.9,2.9,0,0
2025/07/31,hokkaido,13.96,12.61,30,7.47,sapporo,24.9,15.9,20.4,0,0,0
2025/07/31,hokuriku,13.74,19.13,20.35,7.67,osaka,32.7,25,28.9,2.9,0,0
2025/07/31,kansai,13.74,19.13,20.35,7.67,osaka,32.7,25,28.9,2.9,0,0
2025/07/31,kyushu,11.45,9.03,20.35,7.18,nagasaki,34.3,25.3,29.8,3.8,0,0
2025/07/31,shikoku,9.36,6.2,19.24,4.5,nagasaki,34.3,25.3,29.8,3.8,0,0
2025/07/31,system,12.79,12.98,19.38,9.46,tokyo,33.3,25.6,29.4,3.4,0,0
2025/07/31,tohoku,12.73,11.45,19.38,7.47,tokyo,33.3,25.6,29.4,3.4,0,0
2025/07/31,tokyo,13.7,15.51,19.38,10.94,tokyo,33.3,25.6,29.4,3.4,0,0
2025/08/01,chubu,14.93,19.7,41.58,10.7,osaka,32.9,23.5,28.2,2.2,0,0
2025/08/01,chugoku,11.13,9.38,20.36,7.09,osaka,32.9,23.5,28.2,2.2,0,0
2025/08/01,hokkaido,13.71,15.73,19.3,10.57,sapporo,24.2,16.5,20.4,0,0,0
2025/08/01,hokuriku,14.49,19.7,41.58,8.98,osaka,32.9,23.5,28.2,2.2,0,0
2025/08/01,kansai,14.49,19.7,41.58,8.98,osaka,32.9,23.5,28.2,2.2,0,0
2025/08/01,kyushu,11,9.38,20.36,7.09,nagasaki,32.3,24.6,28.4,2.4,0,0
2025/08/01,shikoku,8.43,3.46,14.02,1.09,nagasaki,32.3,24.6,28.4,2.4,0,0
2025/08/01,system,13.01,13.92,19.3,10,tokyo,33.5,24.1,28.8,2.8,0,0
2025/08/01,tohoku,13.31,15.73,19.3,10.57,tokyo,33.5,24.1,28.8,2.8,0,0
2025/08/01,tokyo,13.62,16.46,19.3,10.7,tokyo,33.5,24.1,28.8,2.8,0,0
2025/08/02,chubu,12.68,11.46,20.22,9.3,osaka,33.2,24.7,29,3,1,0
2025/08/02,chugoku,10.44,7.24,20.22,6.31,osaka,33.2,24.7,29,3,1,0
2025/08/02,hokkaido,15.09,13.57,50,7.99,sapporo,25,16.6,20.8,0,1,0
2025/08/02,hokuriku,12.08,11.46,20.22,7.62,osaka,33.2,24.7,29,3,1,0
2025/08/02,kansai,12.08,11.46,20.22,7.62,osaka,33.2,24.7,29,3,1,0
2025/08/02,kyushu,10.14,7.24,20.22,6.31,nagasaki,33.6,25.1,29.4,3.4,1,0
2025/08/02,shikoku,7.83,3.29,14.08,0.02,nagasaki,33.6,25.1,29.4,3.4,1,0
2025/08/02,system,12.15,10.46,20.22,7.81,tokyo,31.3,22.9,27.1,1.1,1,0
2025/08/02,tohoku,13.23,12.74,21,7.99,tokyo,31.3,22.9,27.1,1.1,1,0
2025/08/02,tokyo,13.86,14.5,21,10.25,tokyo,31.3,22.9,27.1,1.1,1,0
2025/08/03,chubu,12.42,10.34,20.12,8,osaka,32.8,25.2,29,3,1,0
2025/08/03,chugoku,9.15,5.98,16.31,5.22,osaka,32.8,25.2,29,3,1,0
2025/08/03,hokkaido,13.84,10.7,22.83,7.32,sapporo,25.8,16.7,21.3,0,1,0
2025/08/03,hokuriku,11.08,10.13,20.12,6.75,osaka,32.8,25.2,29,3,1,0
2025/08/03,kansai,11.08,10.13,20.12,6.75,osaka,32.8,25.2,29,3,1,0
2025/08/03,kyushu,9.15,5.98,16.31,5.22,nagasaki,32.4,23.2,27.8,1.8,1,0
2025/08/03,shikoku,7.36,3.84,14.02,0.01,nagasaki,32.4,23.2,27.8,1.8,1,0
2025/08/03,system,11.58,8.56,19.11,7.42,tokyo,30.9,23.4,27.1,1.1,1,0
2025/08/03,tohoku,13.82,10.7,22.83,7.38,tokyo,30.9,23.4,27.1,1.1,1,0
2025/08/03,tokyo,14.48,11.49,22.83,10.23,tokyo,30.9,23.4,27.1,1.1,1,0
2025/08/04,chubu,15.1,18.16,25,9.95,osaka,33.1,24.5,28.8,2.8,0,0
2025/08/04,chugoku,11.9,9.88,20.22,7.49,osaka,33.1,24.5,28.8,2.8,0,0
2025/08/04,hokkaido,15.22,17.92,25,11.2,sapporo,25.8,18,21.9,0,0,0
2025/08/04,hokuriku,14.25,18.16,25,7.75,osaka,33.1,24.5,28.8,2.8,0,0
2025/08/04,kansai,14.25,18.16,25,7.75,osaka,33.1,24.5,28.8,2.8,0,0
2025/08/04,kyushu,11.84,9.88,20.22,7.49,nagasaki,34.4,26.5,30.4,4.4,0,0
2025/08/04,shikoku,6.44,3.28,14.02,0.01,nagasaki,34.4,26.5,30.4,4.4,0,0
2025/08/04,system,13.78,15,20.22,10.23,tokyo,31.2,22.6,26.9,0.9,0,0
2025/08/04,tohoku,15.22,17.92,25,11.2,tokyo,31.2,22.6,26.9,0.9,0,0
2025/08/04,tokyo,15.25,18.16,25,11.2,tokyo,31.2,22.6,26.9,0.9,0,0
2025/08/05,chubu,17.33,20.8,40.01,10.29,osaka,33.5,25.9,29.7,3.7,0,0
2025/08/05,chugoku,13.78,12.38,34.92,8.88,osaka,33.5,25.9,29.7,3.7,0,0
2025/08/05,hokkaido,17.22,19.97,40.01,11.83,sapporo,24.1,15.6,19.9,0,0,0
2025/08/05,hokuriku,16.68,20.8,40.01,9.98,osaka,33.5,25.9,29.7,3.7,0,0
2025/08/05,kansai,16.68,20.8,40.01,9.98,osaka,33.5,25.9,29.7,3.7,0,0
2025/08/05,kyushu,13.64,12.38,34.92,8.88,nagasaki,33.2,24.6,28.9,2.9,0,0
2025/08/05,shikoku,9.06,6.6,16.02,3.09,nagasaki,33.2,24.6,28.9,2.9,0,0
2025/08/05,system,16.4,18.69,36.99,11.49,tokyo,31.5,23.9,27.7,1.7,0,0
2025/08/05,tohoku,17.18,19.43,40.01,11.83,tokyo,31.5,23.9,27.7,1.7,0,0
2025/08/05,tokyo,17.7,20.54,40.01,11.83,tokyo,31.5,23.9,27.7,1.7,0,0
2025/08/06,chubu,17.97,21.28,37.3,11.29,osaka,33.8,25.2,29.5,3.5,0,0
2025/08/06,chugoku,13.38,11.66,22,7.42,osaka,33.8,25.2,29.5,3.5,0,0
2025/08/06,hokkaido,17.69,23.12,37.3,11.31,sapporo,24.1,14.8,19.5,0,0,0
2025/08/06,hokuriku,17.9,21.28,37.3,11.29,osaka,33.8,25.2,29.5,3.5,0,0
2025/08/06,kansai,17.9,21.28,37.3,11.29,osaka,33.8,25.2,29.5,3.5,0,0
2025/08/06,kyushu,13.35,11.66,22,7.42,nagasaki,32.7,23.4,28.1,2.1,0,0
2025/08/06,shikoku,11.42,10.44,17.72,6.94,nagasaki,32.7,23.4,28.1,2.1,0,0
2025/08/06,system,16.89,20.24,30.1,11.29,tokyo,31.8,23.2,27.5,1.5,0,0
2025/08/06,tohoku,17.55,23.12,37.3,11.31,tokyo,31.8,23.2,27.5,1.5,0,0
2025/08/06,tokyo,19.01,27.11,37.3,11.31,tokyo,31.8,23.2,27.5,1.5,0,0
2025/08/07,chubu,16.01,17.94,22,11.18,osaka,31.6,24,27.8,1.8,0,0
2025/08/07,chugoku,15.61,16.95,22,10.3,osaka,31.6,24,27.8,1.8,0,0
2025/08/07,hokkaido,15.36,16.29,22,11.18,sapporo,24.9,16.9,20.9,0,0,0
2025/08/07,hokuriku,15.86,17.94,22,10.3,osaka,31.6,24,27.8,1.8,0,0
2025/08/07,kansai,15.86,17.94,22,10.3,osaka,31.6,24,27.8,1.8,0,0
2025/08/07,kyushu,15.48,16.95,22,10.3,nagasaki,34,26,30,4,0,0
2025/08/07,shikoku,12.01,10.83,20,3.09,nagasaki,34,26,30,4,0,0
2025/08/07,system,15.49,16.25,21.28,11.13,tokyo,32.1,24.5,28.3,2.3,0,0
2025/08/07,tohoku,15,13.96,22,11.18,tokyo,32.1,24.5,28.3,2.3,0,0
2025/08/07,tokyo,16.3,19.25,22,11.18,tokyo,32.1,24.5,28.3,2.3,0,0
2025/08/08,chubu,13.44,16.56,19.22,10.3,osaka,31.9,23.2,27.5,1.5,0,0
2025/08/08,chugoku,12.14,11.68,19.22,8.54,osaka,31.9,23.2,27.5,1.5,0,0
2025/08/08,hokkaido,12.59,10.97,19.25,7.54,sapporo,25.7,17,21.4,0,0,0
2025/08/08,hokuriku,13.04,16.56,19.22,9.95,osaka,31.9,23.2,27.5,1.5,0,0
2025/08/08,kansai,13.04,16.56,19.22,9.95,osaka,31.9,23.2,27.5,1.5,0,0
2025/08/08,kyushu,12.14,11.68,19.22,8.54,nagasaki,32.7,24,28.4,2.4,0,0
2025/08/08,shikoku,8.57,4.39,13.15,1.09,nagasaki,32.7,24,28.4,2.4,0,0
2025/08/08,system,12.79,13.95,19.2,9.04,tokyo,32.4,23.8,28.1,2.1,0,0
2025/08/08,tohoku,12.25,10.91,19.22,7.54,tokyo,32.4,23.8,28.1,2.1,0,0
2025/08/08,tokyo,13.44,16.56,19.22,10.3,tokyo,32.4,23.8,28.1,2.1,0,0
2025/08/09,chubu,11.14,10.42,14.74,8,osaka,32.2,24.5,28.4,2.4,1,0
2025/08/09,chugoku,10.81,10.42,14.74,8,osaka,32.2,24.5,28.4,2.4,1,0
2025/08/09,hokkaido,10.42,8.42,17.49,5.01,sapporo,25.7,18.2,21.9,0,1,0
2025/08/09,hokuriku,10.81,10.42,14.74,8,osaka,32.2,24.5,28.4,2.4,1,0
2025/08/09,kansai,10.81,10.42,14.74,8,osaka,32.2,24.5,28.4,2.4,1,0
2025/08/09,kyushu,10.81,10.42,14.74,8,nagasaki,32.2,22.8,27.5,1.5,1,0
2025/08/09,shikoku,8.6,6.75,14,1.09,nagasaki,32.2,22.8,27.5,1.5,1,0
2025/08/09,system,10.66,9.8,14.68,7.48,tokyo,32.7,25,28.9,2.9,1,0
2025/08/09,tohoku,10.15,8.42,14.74,5.01,tokyo,32.7,25,28.9,2.9,1,0
2025/08/09,tokyo,11.14,10.42,14.74,8,tokyo,32.7,25,28.9,2.9,1,0
2025/08/10,chubu,10.58,10.35,12,8.49,osaka,32.9,24.8,28.9,2.9,1,0
2025/08/10,chugoku,8.92,10,11.55,7.1,osaka,32.9,24.8,28.9,2.9,1,0
2025/08/10,hokkaido,10.88,10.96,16.64,9.72,sapporo,24.9,17.3,21.1,0,1,0
2025/08/10,hokuriku,8.92,10,11.55,7.1,osaka,32.9,24.8,28.9,2.9,1,0
2025/08/10,kansai,8.92,10,11.55,7.1,osaka,32.9,24.8,28.9,2.9,1,0
2025/08/10,kyushu,8.8,9.94,11.55,7.1,nagasaki,33.3,24.3,28.8,2.8,1,0
2025/08/10,shikoku,8.11,7.44,11.55,6.66,nagasaki,33.3,24.3,28.8,2.8,1,0
2025/08/10,system,10.14,10.6,11.37,8.13,tokyo,30.9,22.8,26.9,0.9,1,0
2025/08/10,tohoku,10.77,10.96,12,9.72,tokyo,30.9,22.8,26.9,0.9,1,0
2025/08/10,tokyo,10.77,10.96,12,9.72,tokyo,30.9,22.8,26.9,0.9,1,0
2025/08/11,chubu,10.52,11.11,11.9,7.54,osaka,33.2,24.1,28.7,2.7,0,0
2025/08/11,chugoku,8.65,9.59,10.64,7.12,osaka,33.2,24.1,28.7,2.7,0,0
2025/08/11,hokkaido,11.95,10.49,18.35,8.1,sapporo,25.6,17.3,21.5,0,0,0
2025/08/11,hokuriku,8.65,9.59,10.64,7.12,osaka,33.2,24.1,28.7,2.7,0,0
2025/08/11,kansai,8.65,9.59,10.64,7.12,osaka,33.2,24.1,28.7,2.7,0,0
2025/08/11,kyushu,8.65,9.59,10.64,7.12,nagasaki,32.8,25.2,29,3,0,0
2025/08/11,shikoku,8.26,9.59,10.64,7.12,nagasaki,32.8,25.2,29,3,0,0
2025/08/11,system,10.29,10.62,11.9,8.22,tokyo,31.2,22.1,26.6,0.6,0,0
2025/08/11,tohoku,11.26,10.49,14,8.1,tokyo,31.2,22.1,26.6,0.6,0,0
2025/08/11,tokyo,11.47,11.39,14,10.11,tokyo,31.2,22.1,26.6,0.6,0,0
2025/08/12,chubu,10.65,10.6,12.49,9.01,osaka,31,22.8,26.9,0.9,0,0
2025/08/12,chugoku,9.14,10,12.49,6.71,osaka,31,22.8,26.9,0.9,0,0
2025/08/12,hokkaido,12.52,12.05,18.32,9.49,sapporo,25.6,16.5,21.1,0,0,0
2025/08/12,hokuriku,9.14,10,12.49,6.71,osaka,31,22.8,26.9,0.9,0,0
2025/08/12,kansai,9.14,10,12.49,6.71,osaka,31,22.8,26.9,0.9,0,0
2025/08/12,kyushu,9.04,9.23,12.49,6.71,nagasaki,31.6,23.2,27.4,1.4,0,0
2025/08/12,shikoku,8.3,10,11.94,6.57,nagasaki,31.6,23.2,27.4,1.4,0,0
2025/08/12,system,10.27,10.7,13,8.11,tokyo,31.5,23.4,27.4,1.4,0,0
2025/08/12,tohoku,11.57,12.05,14.11,9.49,tokyo,31.5,23.4,27.4,1.4,0,0
2025/08/12,tokyo,11.57,12.05,14.11,9.49,tokyo,31.5,23.4,27.4,1.4,0,0
2025/08/13,chubu,8.87,7.76,12.71,3.01,osaka,31.3,22.1,26.7,0.7,0,1
2025/08/13,chugoku,7.96,6.4,12.71,3.01,osaka,31.3,22.1,26.7,0.7,0,1
2025/08/13,hokkaido,10.35,7.83,18.36,3.01,sapporo,23.9,16.1,20,0,0,1
2025/08/13,hokuriku,8.01,6.42,12.71,3.01,osaka,31.3,22.1,26.7,0.7,0,1
2025/08/13,kansai,8.01,6.42,12.71,3.01,osaka,31.3,22.1,26.7,0.7,0,1
2025/08/13,kyushu,7.95,6.32,12.71,3.01,nagasaki,32.8,23.7,28.3,2.3,0,1
2025/08/13,shikoku,7.28,6.4,11.7,3.01,nagasaki,32.8,23.7,28.3,2.3,0,1
2025/08/13,system,8.62,6.91,13.55,3.01,tokyo,31.8,22.6,27.2,1.2,0,1
2025/08/13,tohoku,9.32,7.83,16.04,3.01,tokyo,31.8,22.6,27.2,1.2,0,1
2025/08/13,tokyo,9.42,8.58,16.04,3.01,tokyo,31.8,22.6,27.2,1.2,0,1
2025/08/14,chubu,9.23,8.93,13.46,5.01,osaka,31.5,23.3,27.4,1.4,0,1
2025/08/14,chugoku,8.1,6.69,12.41,5.01,osaka,31.5,23.3,27.4,1.4,0,1
2025/08/14,hokkaido,9.75,8.54,18.05,7.58,sapporo,24.6,16.1,20.4,0,0,1
2025/08/14,hokuriku,8.35,8.1,13.46,5.01,osaka,31.5,23.3,27.4,1.4,0,1
2025/08/14,kansai,8.35,8.1,13.46,5.01,osaka,31.5,23.3,27.4,1.4,0,1
2025/08/14,kyushu,8.09,6.61,12.41,5.01,nagasaki,32.3,24.5,28.4,2.4,0,1
2025/08/14,shikoku,7.82,6.69,12.35,5.01,nagasaki,32.3,24.5,28.4,2.4,0,1
2025/08/14,system,8.81,7.58,13,6.62,tokyo,32.1,23.9,28,2,0,1
2025/08/14,tohoku,9.24,8.54,13.46,6.96,tokyo,32.1,23.9,28,2,0,1
2025/08/14,tokyo,9.73,8.97,13.46,7.14,tokyo,32.1,23.9,28,2,0,1
2025/08/15,chubu,8.4,7.84,11.88,5.01,osaka,31.8,22.6,27.2,1.2,0,1
2025/08/15,chugoku,7.5,6.7,11.25,5.01,osaka,31.8,22.6,27.2,1.2,0,1
2025/08/15,hokkaido,9.88,10.37,18.36,7.58,sapporo,24.6,15.3,20,0,0,1
2025/08/15,hokuriku,7.5,6.7,11.25,5.01,osaka,31.8,22.6,27.2,1.2,0,1
2025/08/15,kansai,7.5,6.7,11.25,5.01,osaka,31.8,22.6,27.2,1.2,0,1
2025/08/15,kyushu,7.5,6.7,11.25,5.01,nagasaki,33.6,25.1,29.4,3.4,0,1
2025/08/15,shikoku,7.42,6.7,11.25,5.01,nagasaki,33.6,25.1,29.4,3.4,0,1
2025/08/15,system,8.41,7.55,11.96,5.01,tokyo,32.4,23.2,27.8,1.8,0,1
2025/08/15,tohoku,9.48,10.37,14.1,5.01,tokyo,32.4,23.2,27.8,1.8,0,1
2025/08/15,tokyo,9.51,10.59,14.1,5.01,tokyo,32.4,23.2,27.8,1.8,0,1
2025/08/16,chubu,9.22,8.94,12.14,6,osaka,32.1,23.9,28,2,1,1
2025/08/16,chugoku,8.07,6.93,12.14,5.01,osaka,32.1,23.9,28,2,1,1
2025/08/16,hokkaido,9.62,9.02,13.21,6.44,sapporo,22.9,14.9,18.9,0,1,1
2025/08/16,hokuriku,8.16,7.6,12.14,5.01,osaka,32.1,23.9,28,2,1,1
2025/08/16,kansai,8.16,7.6,12.14,5.01,osaka,32.1,23.9,28,2,1,1
2025/08/16,kyushu,8.07,6.93,12.14,5.01,nagasaki,33,23.8,28.4,2.4,1,1
2025/08/16,shikoku,7.26,5.43,11,2.09,nagasaki,33,23.8,28.4,2.4,1,1
2025/08/16,system,8.78,7.8,12.52,5.68,tokyo,30.1,21.9,26,0,1,1
2025/08/16,tohoku,9.62,9.02,13.21,6.44,tokyo,30.1,21.9,26,0,1,1
2025/08/16,tokyo,9.95,9.65,13.21,6.44,tokyo,30.1,21.9,26,0,1,1
2025/08/17,chubu,9.45,8.36,13.15,5.01,osaka,32.4,23.1,27.8,1.8,1,0
2025/08/17,chugoku,8.15,6.75,13.15,5.01,osaka,32.4,23.1,27.8,1.8,1,0
2025/08/17,hokkaido,10.27,8.41,18.09,6.44,sapporo,22.8,14,18.4,0,1,0
2025/08/17,hokuriku,8.23,7.27,13.15,5.01,osaka,32.4,23.1,27.8,1.8,1,0
2025/08/17,kansai,8.23,7.27,13.15,5.01,osaka,32.4,23.1,27.8,1.8,1,0
2025/08/17,kyushu,8.15,6.75,13.15,5.01,nagasaki,31.8,23.9,27.9,1.9,1,0
2025/08/17,shikoku,5.92,0.01,13.15,0.01,nagasaki,31.8,23.9,27.9,1.9,1,0
2025/08/17,system,9.08,8.02,13.15,6.44,tokyo,30.4,21.2,25.8,0,1,0
2025/08/17,tohoku,9.81,8.41,13.15,6.44,tokyo,30.4,21.2,25.8,0,1,0
2025/08/17,tokyo,10.61,10.28,13.15,8.71,tokyo,30.4,21.2,25.8,0,1,0
2025/08/18,chubu,13.03,15.21,20.36,8.46,osaka,32.6,24.3,28.5,2.5,0,0
2025/08/18,chugoku,11.61,13,18.36,7.38,osaka,32.6,24.3,28.5,2.5,0,0
2025/08/18,hokkaido,15.7,12.91,50,7.41,sapporo,23.6,14.1,18.9,0,0,0
2025/08/18,hokuriku,12.22,15.21,20.36,7.38,osaka,32.6,24.3,28.5,2.5,0,0
2025/08/18,kansai,12.22,15.21,20.36,7.38,osaka,32.6,24.3,28.5,2.5,0,0
2025/08/18,kyushu,11.32,12.2,18,7.38,nagasaki,31.3,22.7,27,1,0,0
2025/08/18,shikoku,10.14,13,18.36,6.92,nagasaki,31.3,22.7,27,1,0,0
2025/08/18,system,12.12,13.06,19.58,7.61,tokyo,30.7,22.4,26.5,0.5,0,0
2025/08/18,tohoku,12.13,12.83,20.36,7.41,tokyo,30.7,22.4,26.5,0.5,0,0
2025/08/18,tokyo,13.22,15.7,20.36,10.42,tokyo,30.7,22.4,26.5,0.5,0,0
2025/08/19,chubu,13.04,13.72,20.36,9.61,osaka,30.4,21.1,25.8,0,0,0
2025/08/19,chugoku,11.36,11.26,19.51,7.62,osaka,30.4,21.1,25.8,0,0,0
2025/08/19,hokkaido,13.98,13.52,20.36,7.61,sapporo,24.3,16.1,20.2,0,0,0
2025/08/19,hokuriku,12.19,13.72,20.36,8.13,osaka,30.4,21.1,25.8,0,0,0
2025/08/19,kansai,12.19,13.72,20.36,8.13,osaka,30.4,21.1,25.8,0,0,0
2025/08/19,kyushu,11.1,11.26,19.51,7.62,nagasaki,32.5,23.2,27.9,1.9,0,0
2025/08/19,shikoku,8.69,5.73,14.02,0.01,nagasaki,32.5,23.2,27.9,1.9,0,0
2025/08/19,system,12.47,12.61,19.51,7.81,tokyo,30.9,21.6,26.3,0.3,0,0
2025/08/19,tohoku,12.41,11.91,20.36,7.51,tokyo,30.9,21.6,26.3,0.3,0,0
2025/08/19,tokyo,13.39,15.05,20.36,10.2,tokyo,30.9,21.6,26.3,0.3,0,0
2025/08/20,chubu,13.35,15.53,19.48,9.65,osaka,31.1,23.4,27.3,1.3,0,0
2025/08/20,chugoku,11.52,12.56,19.01,7.41,osaka,31.1,23.4,27.3,1.3,0,0
2025/08/20,hokkaido,16.96,18.9,40.12,8.91,sapporo,23.4,15.1,19.3,0,0,0
2025/08/20,hokuriku,12.32,15.53,19.01,8.49,osaka,31.1,23.4,27.3,1.3,0,0
2025/08/20,kansai,12.32,15.53,19.01,8.49,osaka,31.1,23.4,27.3,1.3,0,0
2025/08/20,kyushu,11.52,12.56,19.01,7.41,nagasaki,31.1,22.2,26.6,0.6,0,0
2025/08/20,shikoku,8.02,4.02,14.02,0.01,nagasaki,31.1,22.2,26.6,0.6,0,0
2025/08/20,system,13.05,14.64,19.48,9.83,tokyo,31.6,23.9,27.8,1.8,0,0
2025/08/20,tohoku,13.31,14.47,19.48,8.91,tokyo,31.6,23.9,27.8,1.8,0,0
2025/08/20,tokyo,13.84,16.82,19.48,10.74,tokyo,31.6,23.9,27.8,1.8,0,0
2025/08/21,chubu,14.21,17.56,19.43,9.68,osaka,31.3,22.5,26.9,0.9,0,0
2025/08/21,chugoku,11.26,11.97,19.11,7.55,osaka,31.3,22.5,26.9,0.9,0,0
2025/08/21,hokkaido,14.52,14.92,22,8,sapporo,23.4,14.3,18.9,0,0,0
2025/08/21,hokuriku,12.42,17.56,19.11,7.55,osaka,31.3,22.5,26.9,0.9,0,0
2025/08/21,kansai,12.42,17.56,19.11,7.55,osaka,31.3,22.5,26.9,0.9,0,0
2025/08/21,kyushu,11.26,11.97,19.11,7.55,nagasaki,30.5,23,26.8,0.8,0,0
2025/08/21,shikoku,7.12,3.48,14.02,0.01,nagasaki,30.5,23,26.8,0.8,0,0
2025/08/21,system,13.42,15.56,19.42,9.73,tokyo,29.4,20.7,25,0,0,0
2025/08/21,tohoku,13.67,15.11,19.43,8,tokyo,29.4,20.7,25,0,0,0
2025/08/21,tokyo,14.41,17.72,19.43,10.97,tokyo,29.4,20.7,25,0,0,0
2025/08/22,chubu,13.75,15.85,20.45,10.03,osaka,31.6,23.8,27.7,1.7,0,0
2025/08/22,chugoku,11.14,12,20.36,7.81,osaka,31.6,23.8,27.7,1.7,0,0
2025/08/22,hokkaido,14.55,16.81,20.45,10.97,sapporo,24.1,16.3,20.2,0,0,0
2025/08/22,hokuriku,12.23,15.85,20.45,7.81,osaka,31.6,23.8,27.7,1.7,0,0
2025/08/22,kansai,12.23,15.85,20.45,7.81,osaka,31.6,23.8,27.7,1.7,0,0
2025/08/22,kyushu,11.14,12,20.36,7.81,nagasaki,31.7,23.4,27.5,1.5,0,0
2025/08/22,shikoku,8.51,6.18,18,0.01,nagasaki,31.7,23.4,27.5,1.5,0,0
2025/08/22,system,13.22,15.41,20.45,10.19,tokyo,29.6,21.8,25.7,0,0,0
2025/08/22,tohoku,13.83,15.85,20.45,10.97,tokyo,29.6,21.8,25.7,0,0,0
2025/08/22,tokyo,13.83,15.85,20.45,10.97,tokyo,29.6,21.8,25.7,0,0,0
2025/08/23,chubu,10.9,10.17,13.97,8,osaka,31.8,23,27.4,1.4,1,0
2025/08/23,chugoku,9.23,7.94,13.97,6.69,osaka,31.8,23,27.4,1.4,1,0
2025/08/23,hokkaido,13.93,12.09,37,7.83,sapporo,24.1,15.6,19.9,0,1,0
2025/08/23,hokuriku,9.65,10.17,13.97,6.69,osaka,31.8,23,27.4,1.4,1,0
2025/08/23,kansai,9.65,10.17,13.97,6.69,osaka,31.8,23,27.4,1.4,1,0
2025/08/23,kyushu,9.22,7.89,13.97,6.69,nagasaki,30.4,21.4,25.9,0,1,0
2025/08/23,shikoku,9.2,7.84,13.97,6.69,nagasaki,30.4,21.4,25.9,0,1,0
2025/08/23,system,10.81,10.4,14.98,8.11,tokyo,29.9,21.1,25.5,0,1,0
2025/08/23,tohoku,11.76,10.59,17,7.83,tokyo,29.9,21.1,25.5,0,1,0
2025/08/23,tokyo,12.26,11.28,17,10.17,tokyo,29.9,21.1,25.5,0,1,0
2025/08/24,chubu,11.37,10.31,13.54,8.38,osaka,29.6,21.8,25.7,0,1,0
2025/08/24,chugoku,8.68,7.94,13.54,6.36,osaka,29.6,21.8,25.7,0,1,0
2025/08/24,hokkaido,16.3,11.09,50,6,sapporo,22.3,13.1,17.7,0,1,0
2025/08/24,hokuriku,9.01,9.37,13.54,6.36,osaka,29.6,21.8,25.7,0,1,0
2025/08/24,kansai,9.01,9.37,13.54,6.36,osaka,29.6,21.8,25.7,0,1,0
2025/08/24,kyushu,8.68,7.94,13.54,6.36,nagasaki,32.4,24.7,28.5,2.5,1,0
2025/08/24,shikoku,8.68,7.94,13.54,6.36,nagasaki,32.4,24.7,28.5,2.5,1,0
2025/08/24,system,11.06,10.14,18.47,7.42,tokyo,30.1,22.3,26.2,0.2,1,0
2025/08/24,tohoku,13.08,12.23,20.33,8.63,tokyo,30.1,22.3,26.2,0.2,1,0
2025/08/24,tokyo,13.32,12.23,20.33,10.27,tokyo,30.1,22.3,26.2,0.2,1,0
2025/08/25,chubu,14.81,19.28,30,10.77,osaka,29.8,21,25.4,0,0,0
2025/08/25,chugoku,10.95,10.74,20.25,7.42,osaka,29.8,21,25.4,0,0,0
2025/08/25,hokkaido,14.9,19.28,30,10.77,sapporo,23,15.1,19.1,0,0,0
2025/08/25,hokuriku,12.71,19.28,20.25,7.62,osaka,29.8,21,25.4,0,0,0
2025/08/25,kansai,12.71,19.28,20.25,7.62,osaka,29.8,21,25.4,0,0,0
2025/08/25,kyushu,10.8,10.74,20.25,7.42,nagasaki,31.1,22.7,26.9,0.9,0,0
2025/08/25,shikoku,10.75,9.96,20.25,7.13,nagasaki,31.1,22.7,26.9,0.9,0,0
2025/08/25,system,13.37,17.2,20.25,9.82,tokyo,30.3,21.5,25.9,0,0,0
2025/08/25,tohoku,14.9,19.28,30,10.77,tokyo,30.3,21.5,25.9,0,0,0
2025/08/25,tokyo,14.9,19.28,30,10.77,tokyo,30.3,21.5,25.9,0,0,0
2025/08/26,chubu,13.9,16.79,20.34,10,osaka,30,22.1,26.1,0.1,0,0
2025/08/26,chugoku,11.12,9.73,20.34,7.7,osaka,30,22.1,26.1,0.1,0,0
2025/08/26,hokkaido,13.98,16.16,20.34,10.85,sapporo,22.9,14.2,18.5,0,0,0
2025/08/26,hokuriku,12.85,16.79,20.34,9.32,osaka,30,22.1,26.1,0.1,0,0
2025/08/26,kansai,12.85,16.79,20.34,9.32,osaka,30,22.1,26.1,0.1,0,0
2025/08/26,kyushu,11.12,9.73,20.34,7.7,nagasaki,30.5,21.4,25.9,0,0,0
2025/08/26,shikoku,10.45,8.16,20.34,6.36,nagasaki,30.5,21.4,25.9,0,0,0
2025/08/26,system,13.22,14.9,20.3,9.55,tokyo,30.6,22.8,26.7,0.7,0,0
2025/08/26,tohoku,13.92,16.16,20.34,10.85,tokyo,30.6,22.8,26.7,0.7,0,0
2025/08/26,tokyo,14,16.79,20.34,10.85,tokyo,30.6,22.8,26.7,0.7,0,0
2025/08/27,chubu,13.67,15.52,21,10.02,osaka,30.3,21.4,25.9,0,0,0
2025/08/27,chugoku,11.79,13.89,18.6,8.23,osaka,30.3,21.4,25.9,0,0,0
2025/08/27,hokkaido,13.89,15.45,23.62,10.4,sapporo,23.6,14.2,18.9,0,0,0
2025/08/27,hokuriku,12.09,15.52,20.34,8.23,osaka,30.3,21.4,25.9,0,0,0
2025/08/27,kansai,12.09,15.52,20.34,8.23,osaka,30.3,21.4,25.9,0,0,0
2025/08/27,kyushu,11.79,13.89,18.6,8.23,nagasaki,31.7,23.9,27.8,1.8,0,0
2025/08/27,shikoku,9.72,9.03,18.6,3,nagasaki,31.7,23.9,27.8,1.8,0,0
2025/08/27,system,13.42,16.82,20.34,10.19,tokyo,30.8,21.9,26.4,0.4,0,0
2025/08/27,tohoku,13.88,15.45,23.62,10.4,tokyo,30.8,21.9,26.4,0.4,0,0
2025/08/27,tokyo,14.38,18.25,23.62,10.68,tokyo,30.8,21.9,26.4,0.4,0,0
2025/08/28,chubu,13.11,15.82,18.97,9.55,osaka,30.5,22.6,26.6,0.6,0,0
2025/08/28,chugoku,10.5,9.66,18.97,7.62,osaka,30.5,22.6,26.6,0.6,0,0
2025/08/28,hokkaido,15.27,13.65,45,7.46,sapporo,23.6,15.4,19.5,0,0,0
2025/08/28,hokuriku,11.67,15.82,18.97,7.81,osaka,30.5,22.6,26.6,0.6,0,0
2025/08/28,kansai,11.67,15.82,18.97,7.81,osaka,30.5,22.6,26.6,0.6,0,0
2025/08/28,kyushu,10.5,9.66,18.97,7.62,nagasaki,31.2,22.7,26.9,0.9,0,0
2025/08/28,shikoku,10.13,9.19,18.97,6.18,nagasaki,31.2,22.7,26.9,0.9,0,0
2025/08/28,system,12.5,13.22,18.97,10,tokyo,28.5,20.6,24.6,0,0,0
2025/08/28,tohoku,12.79,13.65,18.97,8.94,tokyo,28.5,20.6,24.6,0,0,0
2025/08/28,tokyo,13.45,15.82,18.97,11,tokyo,28.5,20.6,24.6,0,0,0
2025/08/29,chubu,13.91,15.16,23.03,10.85,osaka,30.7,21.8,26.3,0.3,0,0
2025/08/29,chugoku,10.54,10.57,18.99,7.81,osaka,30.7,21.8,26.3,0.3,0,0
2025/08/29,hokkaido,14.64,17.23,28,10.86,sapporo,21.8,12.9,17.4,0,0,0
2025/08/29,hokuriku,11.65,14.94,18.99,7.82,osaka,30.7,21.8,26.3,0.3,0,0
2025/08/29,kansai,11.65,14.94,18.99,7.82,osaka,30.7,21.8,26.3,0.3,0,0
2025/08/29,kyushu,10.54,10.57,18.99,7.81,nagasaki,29.9,20.7,25.3,0,0,0
2025/08/29,shikoku,9.95,9.02,18.99,6.61,nagasaki,29.9,20.7,25.3,0,0,0
2025/08/29,system,12.97,14.43,19.08,10.31,tokyo,28.8,19.9,24.4,0,0,0
2025/08/29,tohoku,14.31,16.13,28,10.86,tokyo,28.8,19.9,24.4,0,0,0
2025/08/29,tokyo,14.31,16.13,28,10.86,tokyo,28.8,19.9,24.4,0,0,0
2025/08/30,chubu,11.38,10.23,15.11,7.81,osaka,28.9,19.5,24.2,0,1,0
2025/08/30,chugoku,9.71,8.19,15.11,7.13,osaka,28.9,19.5,24.2,0,1,0
2025/08/30,hokkaido,12.27,9.83,22,7.57,sapporo,23.4,14.4,18.9,0,1,0
2025/08/30,hokuriku,10.19,10.23,15.11,7.13,osaka,28.9,19.5,24.2,0,1,0
2025/08/30,kansai,10.19,10.23,15.11,7.13,osaka,28.9,19.5,24.2,0,1,0
2025/08/30,kyushu,9.71,8.19,15.11,7.13,nagasaki,30.9,22.1,26.5,0.5,1,0
2025/08/30,shikoku,9.41,7.75,15.11,6.36,nagasaki,30.9,22.1,26.5,0.5,1,0
2025/08/30,system,11.47,10.37,18,7.81,tokyo,29.4,20.1,24.8,0,1,0
2025/08/30,tohoku,11.64,8.66,19,7.57,tokyo,29.4,20.1,24.8,0,1,0
2025/08/30,tokyo,13.08,13.31,19,10.69,tokyo,29.4,20.1,24.8,0,1,0
2025/08/31,chubu,12.37,10.29,23.16,7.2,osaka,29.1,20.7,24.9,0,1,0
2025/08/31,chugoku,9.27,7.82,15.66,6.5,osaka,29.1,20.7,24.9,0,1,0
2025/08/31,hokkaido,12.81,12,37,7.55,sapporo,21.6,13.9,17.8,0,1,0
2025/08/31,hokuriku,9.5,8.78,15.66,6.5,osaka,29.1,20.7,24.9,0,1,0
2025/08/31,kansai,9.5,8.78,15.66,6.5,osaka,29.1,20.7,24.9,0,1,0
2025/08/31,kyushu,9.27,7.82,15.66,6.5,nagasaki,30.3,20.9,25.6,0,1,0
2025/08/31,shikoku,8.94,5.82,15.66,1.01,nagasaki,30.3,20.9,25.6,0,1,0
2025/08/31,system,11.22,10.12,18.5,7.39,tokyo,29.6,21.2,25.4,0,1,0
2025/08/31,tohoku,12.46,12,23.16,7.55,tokyo,29.6,21.2,25.4,0,1,0
2025/08/31,tokyo,13.13,12.16,23.16,10.62,tokyo,29.6,21.2,25.4,0,1,0
2025/09/01,chubu,15.21,17.91,35,7.97,osaka,28.4,20.2,24.3,0,0,0
2025/09/01,chugoku,11.2,10.12,20.99,7.55,osaka,28.4,20.2,24.3,0,0,0
2025/09/01,hokkaido,15.76,17.11,35,10,sapporo,20.7,12.3,16.5,0,0,0
2025/09/01,hokuriku,13.06,17.91,25,7.72,osaka,28.4,20.2,24.3,0,0,0
2025/09/01,kansai,13.06,17.91,25,7.72,osaka,28.4,20.2,24.3,0,0,0
2025/09/01,kyushu,11.2,10.12,20.99,7.55,nagasaki,30.8,22.7,26.8,0.8,0,0
2025/09/01,shikoku,9.99,7.16,20.99,6.54,nagasaki,30.8,22.7,26.8,0.8,0,0
2025/09/01,system,14.63,17.13,35,9.65,tokyo,29,20.8,24.9,0,0,0
2025/09/01,tohoku,15.5,17.11,35,10,tokyo,29,20.8,24.9,0,0,0
2025/09/01,tokyo,17.03,20.89,35,10.94,tokyo,29,20.8,24.9,0,0,0
2025/09/02,chubu,15.85,19.89,35,9.78,osaka,28.6,19.4,24,0,0,0
2025/09/02,chugoku,12.87,12.85,20.98,7.58,osaka,28.6,19.4,24,0,0,0
2025/09/02,hokkaido,13.16,12.88,35,8.42,sapporo,20.7,11.5,16.1,0,0,0
2025/09/02,hokuriku,14.58,19.89,20.98,9.12,osaka,28.6,19.4,24,0,0,0
2025/09/02,kansai,14.58,19.89,20.98,9.12,osaka,28.6,19.4,24,0,0,0
2025/09/02,kyushu,12.87,12.85,20.98,7.58,nagasaki,29.4,20.6,25,0,0,0
2025/09/02,shikoku,11.73,8.77,20.56,6.91,nagasaki,29.4,20.6,25,0,0,0
2025/09/02,system,15.1,18.54,35,11.42,tokyo,29.2,20,24.6,0,0,0
2025/09/02,tohoku,12.76,10.72,35,8.42,tokyo,29.2,20,24.6,0,0,0
2025/09/02,tokyo,16.27,20.63,35,12.16,tokyo,29.2,20,24.6,0,0,0
2025/09/03,chubu,15.87,18.96,35,9.53,osaka,28.8,20.6,24.7,0,0,0
2025/09/03,chugoku,14.33,13.43,35,9.53,osaka,28.8,20.6,24.7,0,0,0
2025/09/03,hokkaido,13.22,9.24,35,6.01,sapporo,21.3,13.4,17.4,0,0,0
2025/09/03,hokuriku,15.35,18.96,35,9.53,osaka,28.8,20.6,24.7,0,0,0
2025/09/03,kansai,15.35,18.96,35,9.53,osaka,28.8,20.6,24.7,0,0,0
2025/09/03,kyushu,14.33,13.43,35,9.53,nagasaki,30.6,23,26.8,0.8,0,0
2025/09/03,shikoku,13.49,11.38,35,6.89,nagasaki,30.6,23,26.8,0.8,0,0
2025/09/03,system,15.27,17.19,35,10.94,tokyo,29.4,21.2,25.3,0,0,0
2025/09/03,tohoku,13.22,9.24,35,6.01,tokyo,29.4,21.2,25.3,0,0,0
2025/09/03,tokyo,17.11,23.11,35,11.46,tokyo,29.4,21.2,25.3,0,0,0
2025/09/04,chubu,14.34,19.43,20.56,8.89,osaka,29,19.8,24.4,0,0,0
2025/09/04,chugoku,13.96,19.43,20.56,8.89,osaka,29,19.8,24.4,0,0,0
2025/09/04,hokkaido,12.58,16.21,19,8.05,sapporo,22,13.4,17.7,0,0,0
2025/09/04,hokuriku,13.96,19.43,20.56,8.89,osaka,29,19.8,24.4,0,0,0
2025/09/04,kansai,13.96,19.43,20.56,8.89,osaka,29,19.8,24.4,0,0,0
2025/09/04,kyushu,13.96,19.43,20.56,8.89,nagasaki,30,21.8,25.9,0,0,0
2025/09/04,shikoku,13.94,19.43,20.56,8.89,nagasaki,30,21.8,25.9,0,0,0
2025/09/04,system,13.64,18.35,19,10.22,tokyo,29.6,20.4,25,0,0,0
2025/09/04,tohoku,12.67,16.88,19,8.33,tokyo,29.6,20.4,25,0,0,0
2025/09/04,tokyo,14.42,18.91,19,11.18,tokyo,29.6,20.4,25,0,0,0
2025/09/05,chubu,14.38,20.04,20.56,9,osaka,29.3,21,25.1,0,0,0
2025/09/05,chugoku,11.87,12.04,20.56,7.78,osaka,29.3,21,25.1,0,0,0
2025/09/05,hokkaido,17.01,11.64,50,9.87,sapporo,21.9,12.5,17.2,0,0,0
2025/09/05,hokuriku,14,20.04,20.56,9,osaka,29.3,21,25.1,0,0,0
2025/09/05,kansai,14,20.04,20.56,9,osaka,29.3,21,25.1,0,0,0
2025/09/05,kyushu,11.87,12.04,20.56,7.78,nagasaki,28.7,19.7,24.2,0,0,0
2025/09/05,shikoku,11.34,8.89,20.56,7.25,nagasaki,28.7,19.7,24.2,0,0,0
2025/09/05,system,13.77,16.95,19.05,10.3,tokyo,27.3,19.1,23.2,0,0,0
2025/09/05,tohoku,12.24,10.8,19.05,9.76,tokyo,27.3,19.1,23.2,0,0,0
2025/09/05,tokyo,14.84,20.04,20.56,10.6,tokyo,27.3,19.1,23.2,0,0,0
2025/09/06,chubu,10.07,8.55,16,5.9,osaka,29.5,20.2,24.9,0,1,0
2025/09/06,chugoku,9.54,7.33,16,5.9,osaka,29.5,20.2,24.9,0,1,0
2025/09/06,hokkaido,10.19,8.11,16.95,6.29,sapporo,20.1,12,16.1,0,1,0
2025/09/06,hokuriku,9.79,8.55,16,5.9,osaka,29.5,20.2,24.9,0,1,0
2025/09/06,kansai,9.79,8.55,16,5.9,osaka,29.5,20.2,24.9,0,1,0
2025/09/06,kyushu,9.54,7.33,16,5.9,nagasaki,28.1,20.5,24.3,0,1,0
2025/09/06,shikoku,8.46,5.51,16,0.01,nagasaki,28.1,20.5,24.3,0,1,0
2025/09/06,system,9.97,7.8,16,6.71,tokyo,27.5,18.2,22.9,0,1,0
2025/09/06,tohoku,10.13,8.11,16,6.29,tokyo,27.5,18.2,22.9,0,1,0
2025/09/06,tokyo,11.1,10.21,16,9.02,tokyo,27.5,18.2,22.9,0,1,0
2025/09/07,chubu,10.15,8.91,16.07,6.32,osaka,29.7,21.4,25.5,0,1,0
2025/09/07,chugoku,9.41,7.41,16.07,6.32,osaka,29.7,21.4,25.5,0,1,0
2025/09/07,hokkaido,10.91,10.26,18,7.3,sapporo,20,11.2,15.6,0,1,0
2025/09/07,hokuriku,9.77,8.91,16.07,6.32,osaka,29.7,21.4,25.5,0,1,0
2025/09/07,kansai,9.77,8.91,16.07,6.32,osaka,29.7,21.4,25.5,0,1,0
2025/09/07,kyushu,9.36,7.41,16.07,6.32,nagasaki,29.3,20.9,25.1,0,1,0
2025/09/07,shikoku,8.9,6.18,16.07,4,nagasaki,29.3,20.9,25.1,0,1,0
2025/09/07,system,10.09,8.48,16.5,7.01,tokyo,27.7,19.4,23.5,0,1,0
2025/09/07,tohoku,10.62,10.26,18,6.11,tokyo,27.7,19.4,23.5,0,1,0
2025/09/07,tokyo,11.62,12.41,18,9.74,tokyo,27.7,19.4,23.5,0,1,0
2025/09/08,chubu,13.78,18.12,35,8.55,osaka,27.3,18,22.6,0,0,0
2025/09/08,chugoku,11.62,11.92,23.3,7.46,osaka,27.3,18,22.6,0,0,0
2025/09/08,hokkaido,13.37,10.79,40.01,5,sapporo,20.7,13.2,16.9,0,0,0
2025/09/08,hokuriku,13.15,18.12,35,7.78,osaka,27.3,18,22.6,0,0,0
2025/09/08,kansai,13.15,18.12,35,7.78,osaka,27.3,18,22.6,0,0,0
2025/09/08,kyushu,11.62,11.92,23.3,7.46,nagasaki,27.9,18.8,23.4,0,0,0
2025/09/08,shikoku,9.99,7.1,23.3,6.65,nagasaki,27.9,18.8,23.4,0,0,0
2025/09/08,system,13.17,16.25,36,8.55,tokyo,27.9,18.6,23.3,0,0,0
2025/09/08,tohoku,13.69,12.4,40.01,8,tokyo,27.9,18.6,23.3,0,0,0
2025/09/08,tokyo,14.88,18.57,40.01,9.88,tokyo,27.9,18.6,23.3,0,0,0
2025/09/09,chubu,14.3,18.31,20,8.43,osaka,27.5,19.2,23.4,0,0,0
2025/09/09,chugoku,12.31,13.57,20,7.56,osaka,27.5,19.2,23.4,0,0,0
2025/09/09,hokkaido,14.7,16.57,22,8,sapporo,21.3,13.1,17.2,0,0,0
2025/09/09,hokuriku,13.47,18.31,20,8.43,osaka,27.5,19.2,23.4,0,0,0
2025/09/09,kansai,13.47,18.31,20,8.43,osaka,27.5,19.2,23.4,0,0,0
2025/09/09,kyushu,12.31,13.57,20,7.56,nagasaki,29.8,22,25.9,0,0,0
2025/09/09,shikoku,10.37,7.23,20,6.73,nagasaki,29.8,22,25.9,0,0,0
2025/09/09,system,13.74,17.03,21.79,10.34,tokyo,28.1,19.8,24,0,0,0
2025/09/09,tohoku,12.65,12.93,20,8,tokyo,28.1,19.8,24,0,0,0
2025/09/09,tokyo,14.42,18.31,20,10.91,tokyo,28.1,19.8,24,0,0,0
2025/09/10,chubu,14.08,17,25,8.23,osaka,28.2,19.4,23.8,0,0,0
2025/09/10,chugoku,13.55,17,25,8.23,osaka,28.2,19.4,23.8,0,0,0
2025/09/10,hokkaido,19.31,15.89,50,8.43,sapporo,20.4,12,16.2,0,0,0
2025/09/10,hokuriku,13.55,17,25,8.23,osaka,28.2,19.4,23.8,0,0,0
2025/09/10,kansai,13.55,17,25,8.23,osaka,28.2,19.4,23.8,0,0,0
2025/09/10,kyushu,13.55,17,25,8.23,nagasaki,28.3,19,23.6,0,0,0
2025/09/10,shikoku,10.05,7.93,18.22,7.02,nagasaki,28.3,19,23.6,0,0,0
2025/09/10,system,13.49,16.54,25,10.18,tokyo,26.2,17.4,21.8,0,0,0
2025/09/10,tohoku,13.48,15.23,25,8.43,tokyo,26.2,17.4,21.8,0,0,0
2025/09/10,tokyo,14.19,17.18,25,10.7,tokyo,26.2,17.4,21.8,0,0,0
2025/09/11,chubu,13.11,17.33,18.9,8.17,osaka,28.4,20.6,24.5,0,0,0
2025/09/11,chugoku,12.05,13.87,18.9,8.17,osaka,28.4,20.6,24.5,0,0,0
2025/09/11,hokkaido,18.82,15.75,43.64,7.3,sapporo,20.3,11.2,15.8,0,0,0
2025/09/11,hokuriku,12.72,17.33,18.9,8.17,osaka,28.4,20.6,24.5,0,0,0
2025/09/11,kansai,12.72,17.33,18.9,8.17,osaka,28.4,20.6,24.5,0,0,0
2025/09/11,kyushu,12.05,13.87,18.9,8.17,nagasaki,27.7,19.7,23.7,0,0,0
2025/09/11,shikoku,9.18,7.2,15,7.11,nagasaki,27.7,19.7,23.7,0,0,0
2025/09/11,system,12.84,16.21,18.9,9.74,tokyo,26.4,18.6,22.5,0,0,0
2025/09/11,tohoku,12.58,15.75,18.9,9.64,tokyo,26.4,18.6,22.5,0,0,0
2025/09/11,tokyo,13.28,17.33,18.9,9.96,tokyo,26.4,18.6,22.5,0,0,0
2025/09/12,chubu,11.27,10.58,14.89,8.5,osaka,28.5,19.7,24.1,0,0,0
2025/09/12,chugoku,10.38,10.07,14.89,7.8,osaka,28.5,19.7,24.1,0,0,0
2025/09/12,hokkaido,13.96,10.32,25,7.74,sapporo,21,13.2,17.1,0,0,0
2025/09/12,hokuriku,10.64,10.58,14.89,8.5,osaka,28.5,19.7,24.1,0,0,0
2025/09/12,kansai,10.64,10.58,14.89,8.5,osaka,28.5,19.7,24.1,0,0,0
2025/09/12,kyushu,10.38,10.07,14.89,7.8,nagasaki,28.9,20.2,24.5,0,0,0
2025/09/12,shikoku,8.4,7.09,10.83,6.7,nagasaki,28.9,20.2,24.5,0,0,0
2025/09/12,system,11.2,10.47,14.89,8.55,tokyo,26.6,17.8,22.2,0,0,0
2025/09/12,tohoku,10.93,10.32,14.89,7.74,tokyo,26.6,17.8,22.2,0,0,0
2025/09/12,tokyo,11.58,10.83,14.89,10.37,tokyo,26.6,17.8,22.2,0,0,0
2025/09/13,chubu,10.94,10.81,13.29,8.61,osaka,26.2,18.4,22.3,0,1,0
2025/09/13,chugoku,9.81,9.22,13.29,7.55,osaka,26.2,18.4,22.3,0,1,0
2025/09/13,hokkaido,11.22,11.32,16.4,8,sapporo,20.9,12.3,16.6,0,1,0
2025/09/13,hokuriku,10.34,10.81,13.29,7.55,osaka,26.2,18.4,22.3,0,1,0
2025/09/13,kansai,10.34,10.81,13.29,7.55,osaka,26.2,18.4,22.3,0,1,0
2025/09/13,kyushu,9.62,8.9,13.29,7.55,nagasaki,27.5,18,22.8,0,1,0
2025/09/13,shikoku,8.88,7.58,13.29,6.48,nagasaki,27.5,18,22.8,0,1,0
2025/09/13,system,10.73,10.97,13.66,8.5,tokyo,26.8,19,22.9,0,1,0
2025/09/13,tohoku,11.11,11.32,13.29,8.79,tokyo,26.8,19,22.9,0,1,0
2025/09/13,tokyo,11.23,11.32,13.29,10.29,tokyo,26.8,19,22.9,0,1,0
2025/09/14,chubu,11.65,10.39,17.58,8.51,osaka,26.4,17.5,21.9,0,1,0
2025/09/14,chugoku,10.54,8.87,17.58,7.57,osaka,26.4,17.5,21.9,0,1,0
2025/09/14,hokkaido,9.21,4.29,35,0.01,sapporo,19,9.7,14.3,0,1,0
2025/09/14,hokuriku,10.77,10.07,17.58,7.78,osaka,26.4,17.5,21.9,0,1,0
2025/09/14,kansai,10.77,10.07,17.58,7.78,osaka,26.4,17.5,21.9,0,1,0
2025/09/14,kyushu,10.12,8.43,17.58,6.99,nagasaki,26.9,18.8,22.9,0,1,0
2025/09/14,shikoku,8.8,6.77,17.58,0.02,nagasaki,26.9,18.8,22.9,0,1,0
2025/09/14,system,10.87,9.09,18,7.78,tokyo,27,18.2,22.6,0,1,0
2025/09/14,tohoku,10.56,6.94,18.74,5.01,tokyo,27,18.2,22.6,0,1,0
2025/09/14,tokyo,12.72,12.67,18.74,10.25,tokyo,27,18.2,22.6,0,1,0
2025/09/15,chubu,12.45,11.77,19.6,8.61,osaka,26.6,18.7,22.6,0,0,0
2025/09/15,chugoku,11.55,11.27,19.6,7.84,osaka,26.6,18.7,22.6,0,0,0
2025/09/15,hokkaido,8.06,3.43,18.73,0.01,sapporo,19.6,11.6,15.6,0,0,0
2025/09/15,hokuriku,11.7,11.77,19.6,7.84,osaka,26.6,18.7,22.6,0,0,0
2025/09/15,kansai,11.7,11.77,19.6,7.84,osaka,26.6,18.7,22.6,0,0,0
2025/09/15,kyushu,11.55,11.27,19.6,7.84,nagasaki,28.1,19.2,23.6,0,0,0
2025/09/15,shikoku,10.85,7.94,19.6,6.38,nagasaki,28.1,19.2,23.6,0,0,0
2025/09/15,system,11.71,10.73,18.73,7.52,tokyo,27.1,19.2,23.1,0,0,0
2025/09/15,tohoku,11.19,8.57,18.73,5.01,tokyo,27.1,19.2,23.1,0,0,0
2025/09/15,tokyo,12.54,12.38,18.73,8.61,tokyo,27.1,19.2,23.1,0,0,0
2025/09/16,chubu,14.33,17.81,35,9,osaka,26.8,17.9,22.4,0,0,0
2025/09/16,chugoku,11.24,9.78,22.06,6.57,osaka,26.8,17.9,22.4,0,0,0
2025/09/16,hokkaido,11.02,8.33,35,5,sapporo,19.5,10.7,15.1,0,0,0
2025/09/16,hokuriku,13.66,17.86,35,8.43,osaka,26.8,17.9,22.4,0,0,0
2025/09/16,kansai,13.66,17.86,35,8.43,osaka,26.8,17.9,22.4,0,0,0
2025/09/16,kyushu,11.24,9.78,22.06,6.57,nagasaki,27.4,19.9,23.6,0,0,0
2025/09/16,shikoku,11.24,9.78,22.06,6.57,nagasaki,27.4,19.9,23.6,0,0,0
2025/09/16,system,13.53,15.32,35,9.3,tokyo,27.3,18.4,22.9,0,0,0
2025/09/16,tohoku,11.81,9.31,35,5.01,tokyo,27.3,18.4,22.9,0,0,0
2025/09/16,tokyo,14.46,17.81,35,10.41,tokyo,27.3,18.4,22.9,0,0,0
2025/09/17,chubu,14.11,13.95,35,6.53,osaka,26.9,19,22.9,0,0,0
2025/09/17,chugoku,11.47,10.21,23,6.53,osaka,26.9,19,22.9,0,0,0
2025/09/17,hokkaido,14.25,15.02,35,7.33,sapporo,17.7,10.2,13.9,0,0,0
2025/09/17,hokuriku,11.5,10.21,23,6.53,osaka,26.9,19,22.9,0,0,0
2025/09/17,kansai,11.5,10.21,23,6.53,osaka,26.9,19,22.9,0,0,0
2025/09/17,kyushu,11.47,10.21,23,6.53,nagasaki,26.1,17.8,22,0,0,0
2025/09/17,shikoku,11.47,10.21,23,6.53,nagasaki,26.1,17.8,22,0,0,0
2025/09/17,system,14.38,15.09,35,8.52,tokyo,25,17.1,21.1,0,0,0
2025/09/17,tohoku,14.63,14.55,35,7.8,tokyo,25,17.1,21.1,0,0,0
2025/09/17,tokyo,16.62,21.35,35,11.1,tokyo,25,17.1,21.1,0,0,0
2025/09/18,chubu,16.67,30.01,35.83,8.99,osaka,27.1,18.2,22.6,0,0,0
2025/09/18,chugoku,13.33,15.96,24,8.51,osaka,27.1,18.2,22.6,0,0,0
2025/09/18,hokkaido,14.71,16.97,30,10.64,sapporo,17.6,9.3,13.5,0,0,0
2025/09/18,hokuriku,16.49,30.01,35.83,8.51,osaka,27.1,18.2,22.6,0,0,0
2025/09/18,kansai,16.49,30.01,35.83,8.51,osaka,27.1,18.2,22.6,0,0,0
2025/09/18,kyushu,13.33,15.96,24,8.51,nagasaki,28,19.1,23.6,0,0,0
2025/09/18,shikoku,13.19,15.96,24,6.71,nagasaki,28,19.1,23.6,0,0,0
2025/09/18,system,14.43,18.24,27.5,9.93,tokyo,25.2,16.3,20.8,0,0,0
2025/09/18,tohoku,14.31,16.97,30,10.4,tokyo,25.2,16.3,20.8,0,0,0
2025/09/18,tokyo,15.72,21.71,35.83,10.64,tokyo,25.2,16.3,20.8,0,0,0
2025/09/19,chubu,10.89,10.64,15.61,7.97,osaka,27.3,19.3,23.3,0,0,0
2025/09/19,chugoku,9.57,8.54,15.61,6.55,osaka,27.3,19.3,23.3,0,0,0
2025/09/19,hokkaido,11.45,6.84,25,4,sapporo,18.2,9.2,13.7,0,0,0
2025/09/19,hokuriku,10.33,10.64,15.61,7.97,osaka,27.3,19.3,23.3,0,0,0
2025/09/19,kansai,10.33,10.64,15.61,7.97,osaka,27.3,19.3,23.3,0,0,0
2025/09/19,kyushu,9.51,8.54,15.61,6.55,nagasaki,26.6,18.9,22.8,0,0,0
2025/09/19,shikoku,9.55,8.4,15.61,6.55,nagasaki,26.6,18.9,22.8,0,0,0
2025/09/19,system,10.63,9.76,16,7.1,tokyo,25.3,17.4,21.4,0,0,0
2025/09/19,tohoku,10.23,7.76,15.61,5.01,tokyo,25.3,17.4,21.4,0,0,0
2025/09/19,tokyo,12.04,11.94,15.61,10.58,tokyo,25.3,17.4,21.4,0,0,0
2025/09/20,chubu,10.68,10.5,13.57,8.61,osaka,25.4,17,21.2,0,1,0
2025/09/20,chugoku,9.67,9.59,13.57,6.43,osaka,25.4,17,21.2,0,1,0
2025/09/20,hokkaido,10.19,10.44,15.27,7.17,sapporo,17.3,8.2,12.8,0,1,0
2025/09/20,hokuriku,10.32,10.5,13.57,8.31,osaka,25.4,17,21.2,0,1,0
2025/09/20,kansai,10.32,10.5,13.57,8.31,osaka,25.4,17,21.2,0,1,0
2025/09/20,kyushu,9.67,9.59,13.57,6.43,nagasaki,27.6,18.4,23,0,1,0
2025/09/20,shikoku,9.6,9.59,13.57,6.43,nagasaki,27.6,18.4,23,0,1,0
2025/09/20,system,10.58,10.67,13.57,8.61,tokyo,25.9,17.5,21.7,0,1,0
2025/09/20,tohoku,11.03,10.91,13.57,9.2,tokyo,25.9,17.5,21.7,0,1,0
2025/09/20,tokyo,11.17,10.91,13.57,9.67,tokyo,25.9,17.5,21.7,0,1,0
2025/09/21,chubu,8.17,6.59,12.8,1.79,osaka,25.5,16.1,20.8,0,1,0
2025/09/21,chugoku,7.16,5.49,12.8,1.79,osaka,25.5,16.1,20.8,0,1,0
2025/09/21,hokkaido,4.89,1.01,11.48,0.01,sapporo,17.9,10.1,14,0,1,0
2025/09/21,hokuriku,7.68,6.59,12.8,1.79,osaka,25.5,16.1,20.8,0,1,0
2025/09/21,kansai,7.68,6.59,12.8,1.79,osaka,25.5,16.1,20.8,0,1,0
2025/09/21,kyushu,7.16,5.49,12.8,1.79,nagasaki,26.9,19,22.9,0,1,0
2025/09/21,shikoku,7.16,5.49,12.8,1.79,nagasaki,26.9,19,22.9,0,1,0
2025/09/21,system,8.32,6.9,12.48,2.01,tokyo,26.1,16.7,21.4,0,1,0
2025/09/21,tohoku,6.75,3.01,11.88,0.01,tokyo,26.1,16.7,21.4,0,1,0
2025/09/21,tokyo,11.24,13.44,15.22,7.61,tokyo,26.1,16.7,21.4,0,1,0
2025/09/22,chubu,9.83,8.79,12.8,5.81,osaka,25.7,17.3,21.5,0,0,0
2025/09/22,chugoku,8.64,7.94,12.8,5.81,osaka,25.7,17.3,21.5,0,0,0
2025/09/22,hokkaido,11.03,9.76,40,0.01,sapporo,17.8,9.2,13.5,0,0,0
2025/09/22,hokuriku,8.9,8.79,12.8,5.81,osaka,25.7,17.3,21.5,0,0,0
2025/09/22,kansai,8.9,8.79,12.8,5.81,osaka,25.7,17.3,21.5,0,0,0
2025/09/22,kyushu,8.64,7.94,12.8,5.81,nagasaki,25.6,17,21.3,0,0,0
2025/09/22,shikoku,8.39,6.33,12.8,0.02,nagasaki,25.6,17,21.3,0,0,0
2025/09/22,system,9.27,8.7,14.38,5.81,tokyo,23.7,15.3,19.5,0,0,0
2025/09/22,tohoku,9.27,9.76,15.45,0.01,tokyo,23.7,15.3,19.5,0,0,0
2025/09/22,tokyo,11.19,10.61,15.45,9.42,tokyo,23.7,15.3,19.5,0,0,0
2025/09/23,chubu,8.87,7.93,11.2,6.71,osaka,25.9,16.4,21.1,0,0,0
2025/09/23,chugoku,7.96,7.92,9.13,6.7,osaka,25.9,16.4,21.1,0,0,0
2025/09/23,hokkaido,10.69,8.53,20,1,sapporo,18.4,9.1,13.8,0,0,0
2025/09/23,hokuriku,8.02,7.93,9.13,6.7,osaka,25.9,16.4,21.1,0,0,0
2025/09/23,kansai,8.02,7.93,9.13,6.7,osaka,25.9,16.4,21.1,0,0,0
2025/09/23,kyushu,7.91,7.83,9.13,6.7,nagasaki,26.7,17.3,22,0,0,0
2025/09/23,shikoku,7.92,7.92,9.13,6.7,nagasaki,26.7,17.3,22,0,0,0
2025/09/23,system,8.78,7.99,11.2,6.91,tokyo,23.9,14.5,19.2,0,0,0
2025/09/23,tohoku,8.97,7.69,13.5,2.01,tokyo,23.9,14.5,19.2,0,0,0
2025/09/23,tokyo,10.07,8.61,13.5,6.74,tokyo,23.9,14.5,19.2,0,0,0
2025/09/24,chubu,9.3,9.44,14.41,6,osaka,25.3,16.7,21,0,0,0
2025/09/24,chugoku,8.93,9.44,14.41,6,osaka,25.3,16.7,21,0,0,0
2025/09/24,hokkaido,12.05,11.79,19.25,6,sapporo,18.3,10.2,14.3,0,0,0
2025/09/24,hokuriku,8.93,9.44,14.41,6,osaka,25.3,16.7,21,0,0,0
2025/09/24,kansai,8.93,9.44,14.41,6,osaka,25.3,16.7,21,0,0,0
2025/09/24,kyushu,8.93,9.44,14.41,6,nagasaki,26.1,18.1,22.1,0,0,0
2025/09/24,shikoku,8.93,9.44,14.41,6,nagasaki,26.1,18.1,22.1,0,0,0
2025/09/24,system,9.38,9.71,14.48,6.41,tokyo,23.3,14.8,19.1,0,0,0
2025/09/24,tohoku,9.19,9.1,14.41,3.5,tokyo,23.3,14.8,19.1,0,0,0
2025/09/24,tokyo,10.04,10.29,14.41,8,tokyo,23.3,14.8,19.1,0,0,0
2025/09/25,chubu,10.04,11.08,15.22,7.54,osaka,25.4,17.8,21.6,0,0,0
2025/09/25,chugoku,9.73,11.08,15.22,7.54,osaka,25.4,17.8,21.6,0,0,0
2025/09/25,hokkaido,11.99,11.71,21.47,7.9,sapporo,16.4,7.6,12,0,0,0
2025/09/25,hokuriku,9.73,11.08,15.22,7.54,osaka,25.4,17.8,21.6,0,0,0
2025/09/25,kansai,9.73,11.08,15.22,7.54,osaka,25.4,17.8,21.6,0,0,0
2025/09/25,kyushu,9.73,11.08,15.22,7.54,nagasaki,24.7,15.9,20.3,0,0,0
2025/09/25,shikoku,9.73,11.08,15.22,7.54,nagasaki,24.7,15.9,20.3,0,0,0
2025/09/25,system,10.23,11.16,15.22,7.94,tokyo,23.5,15.9,19.7,0,0,0
2025/09/25,tohoku,10.67,11.53,15.22,7.9,tokyo,23.5,15.9,19.7,0,0,0
2025/09/25,tokyo,10.68,11.53,15.22,7.9,tokyo,23.5,15.9,19.7,0,0,0
2025/09/26,chubu,10.14,9.6,17.89,6.41,osaka,25.6,17,21.3,0,0,0
2025/09/26,chugoku,9.47,9.2,17.89,6.41,osaka,25.6,17,21.3,0,0,0
2025/09/26,hokkaido,10.17,7.16,18.43,5.01,sapporo,17,7.5,12.3,0,0,0
2025/09/26,hokuriku,9.52,9.6,17.89,6.41,osaka,25.6,17,21.3,0,0,0
2025/09/26,kansai,9.52,9.6,17.89,6.41,osaka,25.6,17,21.3,0,0,0
2025/09/26,kyushu,9.47,9.2,17.89,6.41,nagasaki,26.6,17.2,21.9,0,0,0
2025/09/26,shikoku,9.46,9.2,17.89,6.41,nagasaki,26.6,17.2,21.9,0,0,0
2025/09/26,system,10.31,10.18,17.58,6.55,tokyo,23.6,15,19.3,0,0,0
2025/09/26,tohoku,9.94,7.16,18.43,5.01,tokyo,23.6,15,19.3,0,0,0
2025/09/26,tokyo,11.84,13.59,18.43,10.04,tokyo,23.6,15,19.3,0,0,0
2025/09/27,chubu,8.86,7.37,11.29,6.36,osaka,23.3,15.7,19.5,0,1,0
2025/09/27,chugoku,8.36,7.37,11.29,6.36,osaka,23.3,15.7,19.5,0,1,0
2025/09/27,hokkaido,8.94,6,16,0.05,sapporo,16.9,8.7,12.8,0,1,0
2025/09/27,hokuriku,8.36,7.37,11.29,6.36,osaka,23.3,15.7,19.5,0,1,0
2025/09/27,kansai,8.36,7.37,11.29,6.36,osaka,23.3,15.7,19.5,0,1,0
2025/09/27,kyushu,8.36,7.36,11.29,6.36,nagasaki,25.2,17,21.1,0,1,0
2025/09/27,shikoku,8.36,7.37,11.29,6.36,nagasaki,25.2,17,21.1,0,1,0
2025/09/27,system,9.16,7.78,11.41,6.5,tokyo,23.8,16.2,20,0,1,0
2025/09/27,tohoku,8.9,6,14.01,0.05,tokyo,23.8,16.2,20,0,1,0
2025/09/27,tokyo,10.84,9.99,14.01,8,tokyo,23.8,16.2,20,0,1,0
2025/09/28,chubu,9.2,8.67,11.29,6,osaka,23.4,14.8,19.1,0,1,0
2025/09/28,chugoku,8.33,8.67,11.29,6,osaka,23.4,14.8,19.1,0,1,0
2025/09/28,hokkaido,8.6,6.92,14.27,0.01,sapporo,17.5,8.6,13.1,0,1,0
2025/09/28,hokuriku,8.33,8.67,11.29,6,osaka,23.4,14.8,19.1,0,1,0
2025/09/28,kansai,8.33,8.67,11.29,6,osaka,23.4,14.8,19.1,0,1,0
2025/09/28,kyushu,8.23,7.91,11.29,6,nagasaki,24.5,15.7,20.1,0,1,0
2025/09/28,shikoku,8.33,8.67,11.29,6,nagasaki,24.5,15.7,20.1,0,1,0
2025/09/28,system,8.83,7.93,11.68,6.29,tokyo,24,15.4,19.7,0,1,0
2025/09/28,tohoku,8.61,6.92,14.27,0.01,tokyo,24,15.4,19.7,0,1,0
2025/09/28,tokyo,10.37,9.15,14.27,6,tokyo,24,15.4,19.7,0,1,0
2025/09/29,chubu,10.22,11.12,12.44,6.14,osaka,23.6,15.9,19.8,0,0,0
2025/09/29,chugoku,8.72,8.3,12.44,6,osaka,23.6,15.9,19.8,0,0,0
2025/09/29,hokkaido,12.15,10.74,19.21,5.01,sapporo,17.4,9.7,13.5,0,0,0
2025/09/29,hokuriku,9.29,11.12,12.44,6.14,osaka,23.6,15.9,19.8,0,0,0
2025/09/29,kansai,9.29,11.12,12.44,6.14,osaka,23.6,15.9,19.8,0,0,0
2025/09/29,kyushu,8.72,8.3,12.44,6,nagasaki,25.6,18,21.8,0,0,0
2025/09/29,shikoku,5.48,0.01,12.05,0.01,nagasaki,25.6,18,21.8,0,0,0
2025/09/29,system,10.44,10.63,15.46,6.96,tokyo,24.1,16.5,20.3,0,0,0
2025/09/29,tohoku,11.72,10.74,19.21,5.01,tokyo,24.1,16.5,20.3,0,0,0
2025/09/29,tokyo,12.58,13.63,19.21,9.79,tokyo,24.1,16.5,20.3,0,0,0
2025/09/30,chubu,10.09,11.45,14.89,6,osaka,24.1,16,20.1,0,0,0
2025/09/30,chugoku,9.46,8.41,13.08,6,osaka,24.1,16,20.1,0,0,0
2025/09/30,hokkaido,10.59,10.14,17.74,5.01,sapporo,16.4,8.6,12.5,0,0,0
2025/09/30,hokuriku,9.84,11.45,14.89,6,osaka,24.1,16,20.1,0,0,0
2025/09/30,kansai,9.84,11.45,14.89,6,osaka,24.1,16,20.1,0,0,0
2025/09/30,kyushu,9.39,8.41,13.08,6,nagasaki,24.1,15,19.6,0,0,0
2025/09/30,shikoku,5.51,0.18,12,0.01,nagasaki,24.1,15,19.6,0,0,0
2025/09/30,system,10.15,9.96,15.29,6.26,tokyo,22.2,14.1,18.1,0,0,0
2025/09/30,tohoku,10.41,10.14,15.43,5.01,tokyo,22.2,14.1,18.1,0,0,0
2025/09/30,tokyo,11.57,11.54,15.43,9.33,tokyo,22.2,14.1,18.1,0,0,0
2025/10/01,chubu,12.01,13.69,18.59,5.5,osaka,23.6,15.9,19.8,0,0,0
2025/10/01,chugoku,10.3,8.57,18.59,5.01,osaka,23.6,15.9,19.8,0,0,0
2025/10/01,hokkaido,13.41,16.05,19.19,10.39,sapporo,16.7,9,12.8,0,0,0
2025/10/01,hokuriku,11.48,13.69,18.59,5.5,osaka,23.6,15.9,19.8,0,0,0
2025/10/01,kansai,11.48,13.69,18.59,5.5,osaka,23.6,15.9,19.8,0,0,0
2025/10/01,kyushu,10.13,8.4,18.59,5.01,nagasaki,23.6,15.1,19.4,0,0,0
2025/10/01,shikoku,6.58,5.28,11.83,0.01,nagasaki,23.6,15.1,19.4,0,0,0
2025/10/01,system,11.51,11.7,18.59,7.49,tokyo,21.7,14,17.9,0,0,0
2025/10/01,tohoku,13.41,16.05,19.19,10.39,tokyo,21.7,14,17.9,0,0,0
2025/10/01,tokyo,13.41,16.05,19.19,10.39,tokyo,21.7,14,17.9,0,0,0
2025/10/02,chubu,10.73,10.51,16.48,8.19,osaka,23.8,15,19.4,0,0,0
2025/10/02,chugoku,10.05,9.68,16.48,6.54,osaka,23.8,15,19.4,0,0,0
2025/10/02,hokkaido,10.1,7.59,16.48,5.01,sapporo,14.8,6.4,10.6,0,0,0
2025/10/02,hokuriku,10.31,10.51,16.48,8,osaka,23.8,15,19.4,0,0,0
2025/10/02,kansai,10.31,10.51,16.48,8,osaka,23.8,15,19.4,0,0,0
2025/10/02,kyushu,9.73,8.25,16.48,6.54,nagasaki,24.7,15.4,20.1,0,0,0
2025/10/02,shikoku,9.11,9.68,16.48,5,nagasaki,24.7,15.4,20.1,0,0,0
2025/10/02,system,10.3,8.76,16.31,6.96,tokyo,21.8,13.1,17.4,0,0,0
2025/10/02,tohoku,10.12,7.59,16.48,5.01,tokyo,21.8,13.1,17.4,0,0,0
2025/10/02,tokyo,11.56,10.63,16.48,9.01,tokyo,21.8,13.1,17.4,0,0,0
2025/10/03,chubu,12.67,16.19,17.34,8.88,osaka,23.9,16.1,20,0,0,0
2025/10/03,chugoku,12.37,16.19,17.34,8,osaka,23.9,16.1,20,0,0,0
2025/10/03,hokkaido,9.6,7.08,15.51,2.01,sapporo,14.6,5.4,10,0,0,0
2025/10/03,hokuriku,12.37,16.19,17.34,8,osaka,23.9,16.1,20,0,0,0
2025/10/03,kansai,12.37,16.19,17.34,8,osaka,23.9,16.1,20,0,0,0
2025/10/03,kyushu,12.37,16.19,17.34,8,nagasaki,24,16.1,20.1,0,0,0
2025/10/03,shikoku,10.5,16.19,17.34,5,nagasaki,24,16.1,20.1,0,0,0
2025/10/03,system,11.93,14.53,15.51,9.01,tokyo,22,14.2,18.1,0,0,0
2025/10/03,tohoku,9.61,7.15,15.51,2.01,tokyo,22,14.2,18.1,0,0,0
2025/10/03,tokyo,12.84,15.7,17,10.3,tokyo,22,14.2,18.1,0,0,0
2025/10/04,chubu,10.65,10.48,13.01,8.8,osaka,24.1,15.3,19.7,0,1,0
2025/10/04,chugoku,10.63,10.48,13.01,8.8,osaka,24.1,15.3,19.7,0,1,0
2025/10/04,hokkaido,8.19,4.7,14.27,0.01,sapporo,15.2,7.3,11.3,0,1,0
2025/10/04,hokuriku,10.63,10.48,13.01,8.8,osaka,24.1,15.3,19.7,0,1,0
2025/10/04,kansai,10.63,10.48,13.01,8.8,osaka,24.1,15.3,19.7,0,1,0
2025/10/04,kyushu,9.79,8.28,13.01,6.99,nagasaki,22.6,13.9,18.3,0,1,0
2025/10/04,shikoku,8.89,8.73,13.01,3,nagasaki,22.6,13.9,18.3,0,1,0
2025/10/04,system,10.7,10.31,13.01,8.44,tokyo,22.1,13.3,17.7,0,1,0
2025/10/04,tohoku,10.39,11,14.27,6.05,tokyo,22.1,13.3,17.7,0,1,0
2025/10/04,tokyo,11.38,11,14.27,10.29,tokyo,22.1,13.3,17.7,0,1,0
2025/10/05,chubu,10.6,9.96,14.02,7.27,osaka,21.7,13.9,17.8,0,1,0
2025/10/05,chugoku,9.93,8.97,14.02,6.76,osaka,21.7,13.9,17.8,0,1,0
2025/10/05,hokkaido,7.1,6.17,14.8,0.01,sapporo,15.1,6.4,10.8,0,1,0
2025/10/05,hokuriku,9.93,8.97,14.02,6.76,osaka,21.7,13.9,17.8,0,1,0
2025/10/05,kansai,9.93,8.97,14.02,6.76,osaka,21.7,13.9,17.8,0,1,0
2025/10/05,kyushu,9.28,7.31,14.02,5.01,nagasaki,24.5,15.2,19.9,0,1,0
2025/10/05,shikoku,9.55,8.97,13.85,6.73,nagasaki,24.5,15.2,19.9,0,1,0
2025/10/05,system,10.19,9.5,14.02,7,tokyo,22.2,14.4,18.3,0,1,0
2025/10/05,tohoku,10.63,11.08,14.8,6.05,tokyo,22.2,14.4,18.3,0,1,0
2025/10/05,tokyo,11.09,11.08,14.8,9.44,tokyo,22.2,14.4,18.3,0,1,0
2025/10/06,chubu,11.98,12.04,18.67,8.72,osaka,21.8,13,17.4,0,0,0
2025/10/06,chugoku,11.4,12.04,18.67,7.38,osaka,21.8,13,17.4,0,0,0
2025/10/06,hokkaido,9.97,9.77,18.67,6,sapporo,15.7,6.3,11,0,0,0
2025/10/06,hokuriku,11.71,12.04,18.67,7.92,osaka,21.8,13,17.4,0,0,0
2025/10/06,kansai,11.71,12.04,18.67,7.92,osaka,21.8,13,17.4,0,0,0
2025/10/06,kyushu,10.68,8.88,18.67,7.38,nagasaki,23.1,15,19.1,0,0,0
2025/10/06,shikoku,6.56,2.6,11.5,0.01,nagasaki,23.1,15,19.1,0,0,0
2025/10/06,system,11.6,11.54,18,7.49,tokyo,22.4,13.6,18,0,0,0
2025/10/06,tohoku,11.37,10.61,18.67,6,tokyo,22.4,13.6,18,0,0,0
2025/10/06,tokyo,13.09,15.92,18.67,10.63,tokyo,22.4,13.6,18,0,0,0
2025/10/07,chubu,12.29,12.82,17.34,9.04,osaka,22,14.1,18.1,0,0,0
2025/10/07,chugoku,11.17,10.09,17.34,6.85,osaka,22,14.1,18.1,0,0,0
2025/10/07,hokkaido,10.52,10.29,16.63,5.01,sapporo,13.8,5.7,9.8,0,0,0
2025/10/07,hokuriku,12.03,12.82,17.34,8.53,osaka,22,14.1,18.1,0,0,0
2025/10/07,kansai,12.03,12.82,17.34,8.53,osaka,22,14.1,18.1,0,0,0
2025/10/07,kyushu,10.96,9.43,17.34,6.85,nagasaki,21.7,12.9,17.3,0,0,0
2025/10/07,shikoku,6.22,1.76,11.97,0.01,nagasaki,21.7,12.9,17.3,0,0,0
2025/10/07,system,11.87,11.55,16.19,8.56,tokyo,22.5,14.7,18.6,0,0,0
2025/10/07,tohoku,10.96,10.89,16.63,5.01,tokyo,22.5,14.7,18.6,0,0,0
2025/10/07,tokyo,12.52,13.08,16.63,10.85,tokyo,22.5,14.7,18.6,0,0,0
2025/10/08,chubu,13.12,14.09,18.62,10.43,osaka,22.1,13.2,17.6,0,0,0
2025/10/08,chugoku,13.42,15.67,20,10.43,osaka,22.1,13.2,17.6,0,0,0
2025/10/08,hokkaido,8.03,6.26,14.83,3,sapporo,13.7,4.8,9.3,0,0,0
2025/10/08,hokuriku,13.42,15.67,20,10.43,osaka,22.1,13.2,17.6,0,0,0
2025/10/08,kansai,13.42,15.67,20,10.43,osaka,22.1,13.2,17.6,0,0,0
2025/10/08,kyushu,13.19,15.5,20,7.92,nagasaki,23.6,14.1,18.9,0,0,0
2025/10/08,shikoku,11.43,7.37,18.67,6.6,nagasaki,23.6,14.1,18.9,0,0,0
2025/10/08,system,12.72,13.3,18.67,8.79,tokyo,20.2,11.3,15.8,0,0,0
2025/10/08,tohoku,10.76,8.83,15,5.01,tokyo,20.2,11.3,15.8,0,0,0
2025/10/08,tokyo,13.15,14.09,18.62,10.69,tokyo,20.2,11.3,15.8,0,0,0
2025/10/09,chubu,11.48,10.64,17.34,6.99,osaka,22.3,14.4,18.4,0,0,0
2025/10/09,chugoku,11.22,10.42,17.34,6.48,osaka,22.3,14.4,18.4,0,0,0
2025/10/09,hokkaido,10.93,9.3,20,5.01,sapporo,14.3,6.7,10.5,0,0,0
2025/10/09,hokuriku,11.38,10.64,17.34,6.99,osaka,22.3,14.4,18.4,0,0,0
2025/10/09,kansai,11.38,10.64,17.34,6.99,osaka,22.3,14.4,18.4,0,0,0
2025/10/09,kyushu,10.81,8.5,17.34,6.01,nagasaki,22.2,14,18.1,0,0,0
2025/10/09,shikoku,11.16,10.42,17.34,6.48,nagasaki,22.2,14,18.1,0,0,0
2025/10/09,system,11.53,10.6,17.67,7.49,tokyo,20.3,12.4,16.4,0,0,0
2025/10/09,tohoku,10.79,9.57,17.34,5.01,tokyo,20.3,12.4,16.4,0,0,0
2025/10/09,tokyo,13.02,12.55,17.34,10.73,tokyo,20.3,12.4,16.4,0,0,0
2025/10/10,chubu,11.36,10.64,15.98,8.52,osaka,20.3,12,16.1,0,0,0
2025/10/10,chugoku,10.47,9.06,15.98,6.12,osaka,20.3,12,16.1,0,0,0
2025/10/10,hokkaido,10.15,7.7,15.98,4.2,sapporo,13.3,5.6,9.4,0,0,0
2025/10/10,hokuriku,10.47,9.09,15.98,6.12,osaka,20.3,12,16.1,0,0,0
2025/10/10,kansai,10.47,9.09,15.98,6.12,osaka,20.3,12,16.1,0,0,0
2025/10/10,kyushu,10.15,8.21,15.98,5.42,nagasaki,23.1,15.3,19.2,0,0,0
2025/10/10,shikoku,10.11,6.2,15.98,0.01,nagasaki,23.1,15.3,19.2,0,0,0
2025/10/10,system,11.03,10.17,15.91,7.49,tokyo,20.9,12.6,16.8,0,0,0
2025/10/10,tohoku,10.46,8.77,15.98,5.01,tokyo,20.9,12.6,16.8,0,0,0
2025/10/10,tokyo,12.04,11.73,16.19,10.73,tokyo,20.9,12.6,16.8,0,0,0
2025/10/11,chubu,11.01,10.1,14.02,8.95,osaka,20.5,11.1,15.8,0,1,0
2025/10/11,chugoku,10.56,10.1,14.02,8.75,osaka,20.5,11.1,15.8,0,1,0
2025/10/11,hokkaido,10.59,8.42,16.27,6,sapporo,13.2,4.7,8.9,0,1,0
2025/10/11,hokuriku,10.56,10.1,14.02,8.75,osaka,20.5,11.1,15.8,0,1,0
2025/10/11,kansai,10.56,10.1,14.02,8.75,osaka,20.5,11.1,15.8,0,1,0
2025/10/11,kyushu,10.12,8.87,14.02,7.49,nagasaki,22.5,14.1,18.3,0,1,0
2025/10/11,shikoku,10.13,8.5,14.02,7.32,nagasaki,22.5,14.1,18.3,0,1,0
2025/10/11,system,11.31,11.08,14.02,9.8,tokyo,21,11.7,16.4,0,1,0
2025/10/11,tohoku,12.57,14.39,14.8,7.88,tokyo,21,11.7,16.4,0,1,0
2025/10/11,tokyo,12.63,14.39,14.8,10.62,tokyo,21,11.7,16.4,0,1,0
2025/10/12,chubu,10.9,9.83,13.81,8.65,osaka,20.6,12.2,16.4,0,1,0
2025/10/12,chugoku,10.43,9.29,13.81,8.65,osaka,20.6,12.2,16.4,0,1,0
2025/10/12,hokkaido,9.89,7.37,15.86,6,sapporo,13.8,4.6,9.2,0,1,0
2025/10/12,hokuriku,10.43,9.29,13.81,8.65,osaka,20.6,12.2,16.4,0,1,0
2025/10/12,kansai,10.43,9.29,13.81,8.65,osaka,20.6,12.2,16.4,0,1,0
2025/10/12,kyushu,9.59,7.23,13.81,5.01,nagasaki,21.1,11.9,16.5,0,1,0
2025/10/12,shikoku,10.17,8.27,13.81,7.24,nagasaki,21.1,11.9,16.5,0,1,0
2025/10/12,system,10.6,8.92,14.68,7.68,tokyo,21.2,12.8,17,0,1,0
2025/10/12,tohoku,11.5,10.49,15.86,8.65,tokyo,21.2,12.8,17,0,1,0
2025/10/12,tokyo,11.5,10.49,15.86,8.65,tokyo,21.2,12.8,17,0,1,0
2025/10/13,chubu,11.9,9.84,18.34,7.74,osaka,20.8,11.4,16.1,0,0,0
2025/10/13,chugoku,11.34,9.83,18.34,7.74,osaka,20.8,11.4,16.1,0,0,0
2025/10/13,hokkaido,10.92,9.51,18.34,5,sapporo,11.9,4,8,0,0,0
2025/10/13,hokuriku,11.34,9.83,18.34,7.74,osaka,20.8,11.4,16.1,0,0,0
2025/10/13,kansai,11.34,9.83,18.34,7.74,osaka,20.8,11.4,16.1,0,0,0
2025/10/13,kyushu,10.58,7.9,18.34,5.01,nagasaki,20.4,12.6,16.5,0,0,0
2025/10/13,shikoku,10.66,9.54,16,7.24,nagasaki,20.4,12.6,16.5,0,0,0
2025/10/13,system,11.71,10.32,18.34,7.74,tokyo,21.3,11.9,16.6,0,0,0
2025/10/13,tohoku,12.71,12.63,18.34,10.49,tokyo,21.3,11.9,16.6,0,0,0
2025/10/13,tokyo,12.71,12.63,18.34,10.49,tokyo,21.3,11.9,16.6,0,0,0
2025/10/14,chubu,13.49,17.2,19,9.27,osaka,20.9,12.5,16.7,0,0,0
2025/10/14,chugoku,13.37,17.2,19,9.02,osaka,20.9,12.5,16.7,0,0,0
2025/10/14,hokkaido,14.41,13.96,40,6.97,sapporo,11.7,3.1,7.4,0,0,0
2025/10/14,hokuriku,13.37,17.2,19,9.02,osaka,20.9,12.5,16.7,0,0,0
2025/10/14,kansai,13.37,17.2,19,9.02,osaka,20.9,12.5,16.7,0,0,0
2025/10/14,kyushu,13.16,17.2,19,8.05,nagasaki,21.5,12.9,17.2,0,0,0
2025/10/14,shikoku,9.7,6.09,15.25,0.02,nagasaki,21.5,12.9,17.2,0,0,0
2025/10/14,system,13.52,16.38,18.51,10,tokyo,18.9,10.5,14.7,0,0,0
2025/10/14,tohoku,13.96,17.68,19,10.9,tokyo,18.9,10.5,14.7,0,0,0
2025/10/14,tokyo,14.03,17.68,19,10.9,tokyo,18.9,10.5,14.7,0,0,0
2025/10/15,chubu,14.14,16.74,19,8.77,osaka,21,11.6,16.3,0,0,0
2025/10/15,chugoku,14.3,18.16,27.23,8.77,osaka,21,11.6,16.3,0,0,0
2025/10/15,hokkaido,15.08,9.87,50.01,6,sapporo,12.3,3,7.7,0,0,0
2025/10/15,hokuriku,14.3,18.16,27.23,8.77,osaka,21,11.6,16.3,0,0,0
2025/10/15,kansai,14.3,18.16,27.23,8.77,osaka,21,11.6,16.3,0,0,0
2025/10/15,kyushu,14.55,18.16,27.23,8.77,nagasaki,20.9,11.7,16.3,0,0,0
2025/10/15,shikoku,11.03,9.92,14.82,7.08,nagasaki,20.9,11.7,16.3,0,0,0
2025/10/15,system,14.06,15.51,18.72,9.27,tokyo,19.1,9.7,14.4,0,0,0
2025/10/15,tohoku,12.37,9.78,19,3.5,tokyo,19.1,9.7,14.4,0,0,0
2025/10/15,tokyo,15.1,18.02,19,11.4,tokyo,19.1,9.7,14.4,0,0,0
2025/10/16,chubu,16.32,22.49,30,9.62,osaka,21.2,12.7,16.9,0,0,0
2025/10/16,chugoku,18.56,31.64,45.01,9.62,osaka,21.2,12.7,16.9,0,0,0
2025/10/16,hokkaido,20.22,23.17,40,14.07,sapporo,12.2,4.1,8.1,0,0,0
2025/10/16,hokuriku,18.56,31.64,45.01,9.62,osaka,21.2,12.7,16.9,0,0,0
2025/10/16,kansai,18.56,31.64,45.01,9.62,osaka,21.2,12.7,16.9,0,0,0
2025/10/16,kyushu,18.65,31.64,45.01,9.62,nagasaki,19.5,11.5,15.5,0,0,0
2025/10/16,shikoku,9.77,6.96,14.48,6.52,nagasaki,19.5,11.5,15.5,0,0,0
2025/10/16,system,15.45,21.27,30,10.72,tokyo,19.2,10.8,15,0,0,0
2025/10/16,tohoku,16.42,22.49,30,10.9,tokyo,19.2,10.8,15,0,0,0
2025/10/16,tokyo,16.42,22.49,30,10.9,tokyo,19.2,10.8,15,0,0,0
2025/10/17,chubu,11.74,10.81,19,7.27,osaka,18.8,9.3,14.1,0,0,0
2025/10/17,chugoku,11.67,10.83,19,7.27,osaka,18.8,9.3,14.1,0,0,0
2025/10/17,hokkaido,15.63,12.51,40,7.15,sapporo,12.8,4,8.4,0,0,0
2025/10/17,hokuriku,11.67,10.83,19,7.27,osaka,18.8,9.3,14.1,0,0,0
2025/10/17,kansai,11.67,10.83,19,7.27,osaka,18.8,9.3,14.1,0,0,0
2025/10/17,kyushu,11.65,10.8,19,7.27,nagasaki,20.6,11.9,16.3,0,0,0
2025/10/17,shikoku,8.78,7.88,12.2,0.01,nagasaki,20.6,11.9,16.3,0,0,0
2025/10/17,system,11.7,10.11,18.62,6.75,tokyo,19.3,9.8,14.6,0,0,0
2025/10/17,tohoku,11.82,10.32,19,6.28,tokyo,19.3,9.8,14.6,0,0,0
2025/10/17,tokyo,12.13,11.08,19,7.27,tokyo,19.3,9.8,14.6,0,0,0
2025/10/18,chubu,11.17,11.63,14.82,8.33,osaka,18.9,10.4,14.6,0,1,0
2025/10/18,chugoku,11.13,11.63,14.82,8.33,osaka,18.9,10.4,14.6,0,1,0
2025/10/18,hokkaido,15.07,16.4,25,8.4,sapporo,10.9,3.4,7.2,0,1,0
2025/10/18,hokuriku,11.13,11.63,14.82,8.33,osaka,18.9,10.4,14.6,0,1,0
2025/10/18,kansai,11.13,11.63,14.82,8.33,osaka,18.9,10.4,14.6,0,1,0
2025/10/18,kyushu,11.06,11.57,14.82,7.92,nagasaki,19.9,10.5,15.2,0,1,0
2025/10/18,shikoku,10.01,7.95,14.82,4,nagasaki,19.9,10.5,15.2,0,1,0
2025/10/18,system,11.24,11.73,14.82,8.01,tokyo,19.5,11,15.3,0,1,0
2025/10/18,tohoku,11.34,12.14,14.82,8.4,tokyo,19.5,11,15.3,0,1,0
2025/10/18,tokyo,11.34,12.14,14.82,8.4,tokyo,19.5,11,15.3,0,1,0
2025/10/19,chubu,10.33,9.18,13.66,7.39,osaka,19.1,11.6,15.4,0,1,0
2025/10/19,chugoku,9.91,8.65,13.66,7.39,osaka,19.1,11.6,15.4,0,1,0
2025/10/19,hokkaido,7.02,4.16,15.36,0.01,sapporo,10.7,2.4,6.5,0,1,0
2025/10/19,hokuriku,9.91,8.65,13.66,7.39,osaka,19.1,11.6,15.4,0,1,0
2025/10/19,kansai,9.91,8.65,13.66,7.39,osaka,19.1,11.6,15.4,0,1,0
2025/10/19,kyushu,9.85,8.65,13.66,7.39,nagasaki,21,12.9,16.9,0,1,0
2025/10/19,shikoku,9.85,8.16,13.66,7.26,nagasaki,21,12.9,16.9,0,1,0
2025/10/19,system,10.16,8.62,14.02,7.32,tokyo,19.6,12.1,15.9,0,1,0
2025/10/19,tohoku,10.55,9.48,15.36,6.94,tokyo,19.6,12.1,15.9,0,1,0
2025/10/19,tokyo,10.88,9.88,15.36,7.92,tokyo,19.6,12.1,15.9,0,1,0
2025/10/20,chubu,11.21,11.44,17.34,7.31,osaka,19.6,11.6,15.6,0,0,0
2025/10/20,chugoku,10.83,11.4,17.34,7.31,osaka,19.6,11.6,15.6,0,0,0
2025/10/20,hokkaido,12.64,11.42,18.57,6,sapporo,12.2,3.8,8,0,0,0
2025/10/20,hokuriku,10.83,11.4,17.34,7.31,osaka,19.6,11.6,15.6,0,0,0
2025/10/20,kansai,10.83,11.4,17.34,7.31,osaka,19.6,11.6,15.6,0,0,0
2025/10/20,kyushu,10.82,11.33,17.34,7.31,nagasaki,20.2,12.6,16.4,0,0,0
2025/10/20,shikoku,10.18,8.05,17.34,6.81,nagasaki,20.2,12.6,16.4,0,0,0
2025/10/20,system,11.4,11.45,18,7.32,tokyo,17.7,9.8,13.8,0,0,0
2025/10/20,tohoku,11.81,11.42,18.57,6,tokyo,17.7,9.8,13.8,0,0,0
2025/10/20,tokyo,12.4,12.25,18.57,10.28,tokyo,17.7,9.8,13.8,0,0,0
2025/10/21,chubu,11.82,12.98,18,8.93,osaka,19.8,10.8,15.3,0,0,0
2025/10/21,chugoku,11.42,12.79,18,8.93,osaka,19.8,10.8,15.3,0,0,0
2025/10/21,hokkaido,15.08,13.2,35.83,7.32,sapporo,10.3,1.2,5.8,0,0,0
2025/10/21,hokuriku,11.42,12.79,18,8.93,osaka,19.8,10.8,15.3,0,0,0
2025/10/21,kansai,11.42,12.79,18,8.93,osaka,19.8,10.8,15.3,0,0,0
2025/10/21,kyushu,11.42,12.79,18,8.93,nagasaki,18.8,10.5,14.7,0,0,0
2025/10/21,shikoku,10.59,9.15,18,7.36,nagasaki,18.8,10.5,14.7,0,0,0
2025/10/21,system,12.66,13.26,18.73,10.38,tokyo,17.8,8.8,13.3,0,0,0
2025/10/21,tohoku,14.01,13.2,35.83,8,tokyo,17.8,8.8,13.3,0,0,0
2025/10/21,tokyo,14.68,14.65,35.83,11.42,tokyo,17.8,8.8,13.3,0,0,0
2025/10/22,chubu,12.42,15.23,18,7.92,osaka,17.4,9.4,13.4,0,0,0
2025/10/22,chugoku,12.17,15.23,18,7.92,osaka,17.4,9.4,13.4,0,0,0
2025/10/22,hokkaido,20.93,20.65,50,7.32,sapporo,10.2,2.3,6.3,0,0,0
2025/10/22,hokuriku,12.17,15.23,18,7.92,osaka,17.4,9.4,13.4,0,0,0
2025/10/22,kansai,12.17,15.23,18,7.92,osaka,17.4,9.4,13.4,0,0,0
2025/10/22,kyushu,12.17,15.23,18,7.92,nagasaki,19.9,10.8,15.3,0,0,0
2025/10/22,shikoku,11.52,12.18,15.25,7.63,nagasaki,19.9,10.8,15.3,0,0,0
2025/10/22,system,13.6,16.9,18.58,10.5,tokyo,18,10,14,0,0,0
2025/10/22,tohoku,17.27,20.65,35.83,9.33,tokyo,18,10,14,0,0,0
2025/10/22,tokyo,18.66,22.17,35.83,11.86,tokyo,18,10,14,0,0,0
2025/10/23,chubu,10.49,9.26,13.21,6.65,osaka,17.5,8.5,13,0,0,0
2025/10/23,chugoku,9.44,8.26,13.21,6.65,osaka,17.5,8.5,13,0,0,0
2025/10/23,hokkaido,23.48,19.17,80,6,sapporo,10.8,2.2,6.5,0,0,0
2025/10/23,hokuriku,9.52,8.26,13.21,6.65,osaka,17.5,8.5,13,0,0,0
2025/10/23,kansai,9.52,8.26,13.21,6.65,osaka,17.5,8.5,13,0,0,0
2025/10/23,kyushu,9.41,8,13.21,6.65,nagasaki,19.2,11.5,15.3,0,0,0
2025/10/23,shikoku,9.42,8.15,13.21,6.65,nagasaki,19.2,11.5,15.3,0,0,0
2025/10/23,system,11.55,9.33,17.65,7.19,tokyo,18.1,9.1,13.6,0,0,0
2025/10/23,tohoku,13.01,11.59,19.17,4,tokyo,18.1,9.1,13.6,0,0,0
2025/10/23,tokyo,14.25,13.05,19.17,10.9,tokyo,18.1,9.1,13.6,0,0,0
2025/10/24,chubu,9.53,8.49,12.66,1,osaka,17.7,9.7,13.7,0,0,0
2025/10/24,chugoku,9.1,8.22,12.57,1,osaka,17.7,9.7,13.7,0,0,0
2025/10/24,hokkaido,18.8,18.64,44.48,7.32,sapporo,11.4,2.1,6.8,0,0,0
2025/10/24,hokuriku,9.1,8.22,12.57,1,osaka,17.7,9.7,13.7,0,0,0
2025/10/24,kansai,9.1,8.22,12.57,1,osaka,17.7,9.7,13.7,0,0,0
2025/10/24,kyushu,9.09,8.18,12.57,1,nagasaki,17.8,9.3,13.6,0,0,0
2025/10/24,shikoku,8.88,7.18,12.57,1,nagasaki,17.8,9.3,13.6,0,0,0
2025/10/24,system,10.92,9.06,17.07,6.01,tokyo,18.2,10.2,14.2,0,0,0
2025/10/24,tohoku,12.58,11.47,18.81,7.32,tokyo,18.2,10.2,14.2,0,0,0
2025/10/24,tokyo,12.97,12.04,18.81,10.23,tokyo,18.2,10.2,14.2,0,0,0
2025/10/25,chubu,10.94,10.74,12.5,7.01,osaka,17.8,8.7,13.3,0,1,0
2025/10/25,chugoku,10.5,10.32,12.5,7.01,osaka,17.8,8.7,13.3,0,1,0
2025/10/25,hokkaido,12.55,13.29,15.87,4,sapporo,11.2,3.1,7.1,0,1,0
2025/10/25,hokuriku,10.5,10.32,12.5,7.01,osaka,17.8,8.7,13.3,0,1,0
2025/10/25,kansai,10.5,10.32,12.5,7.01,osaka,17.8,8.7,13.3,0,1,0
2025/10/25,kyushu,9.29,7.45,12.5,2.01,nagasaki,19.7,10.6,15.1,0,1,0
2025/10/25,shikoku,9.79,7.33,12.5,7.01,nagasaki,19.7,10.6,15.1,0,1,0
2025/10/25,system,11.08,10.92,13.01,8.12,tokyo,18.4,9.4,13.9,0,1,0
2025/10/25,tohoku,12.25,13.29,15.86,4,tokyo,18.4,9.4,13.9,0,1,0
2025/10/25,tokyo,12.67,13.29,15.86,10.7,tokyo,18.4,9.4,13.9,0,1,0
2025/10/26,chubu,10.56,9.36,13.01,7.01,osaka,18,9.9,13.9,0,1,0
2025/10/26,chugoku,9.45,8.49,12.74,6.81,osaka,18,9.9,13.9,0,1,0
2025/10/26,hokkaido,14.26,14.85,17.45,11.4,sapporo,9.3,0.5,4.9,0,1,0
2025/10/26,hokuriku,9.45,8.49,12.74,6.81,osaka,18,9.9,13.9,0,1,0
2025/10/26,kansai,9.45,8.49,12.74,6.81,osaka,18,9.9,13.9,0,1,0
2025/10/26,kyushu,7.76,5.25,12.74,0.01,nagasaki,18.3,10.4,14.4,0,1,0
2025/10/26,shikoku,8.51,7.21,10.9,6.46,nagasaki,18.3,10.4,14.4,0,1,0
2025/10/26,system,10.72,9.57,13.17,8.57,tokyo,16,7.9,11.9,0,1,0
2025/10/26,tohoku,12.9,14.14,15.94,11.4,tokyo,16,7.9,11.9,0,1,0
2025/10/26,tokyo,12.9,14.14,15.94,11.4,tokyo,16,7.9,11.9,0,1,0
2025/10/27,chubu,10.24,10.37,12.48,5,osaka,18.1,9,13.6,0,0,0
2025/10/27,chugoku,8.93,8.53,12.48,5,osaka,18.1,9,13.6,0,0,0
2025/10/27,hokkaido,11.37,10.24,18,4,sapporo,9.2,1.6,5.4,0,0,0
2025/10/27,hokuriku,8.93,8.53,12.48,5,osaka,18.1,9,13.6,0,0,0
2025/10/27,kansai,8.93,8.53,12.48,5,osaka,18.1,9,13.6,0,0,0
2025/10/27,kyushu,7.67,5.27,12.48,0.01,nagasaki,16.9,8.3,12.6,0,0,0
2025/10/27,shikoku,7.33,5.53,10.67,1,nagasaki,16.9,8.3,12.6,0,0,0
2025/10/27,system,10.19,8.76,15.57,6,tokyo,16.1,7,11.6,0,0,0
2025/10/27,tohoku,10.99,10.24,18,4,tokyo,16.1,7,11.6,0,0,0
2025/10/27,tokyo,12.27,12.01,18,10.64,tokyo,16.1,7,11.6,0,0,0
2025/10/28,chubu,11.46,10.35,17.61,8.01,osaka,18.2,10.1,14.1,0,0,0
2025/10/28,chugoku,9.2,8.22,17.61,1,osaka,18.2,10.1,14.1,0,0,0
2025/10/28,hokkaido,11.62,9.08,18.48,3.5,sapporo,9.8,1.5,5.7,0,0,0
2025/10/28,hokuriku,9.2,8.22,17.61,1,osaka,18.2,10.1,14.1,0,0,0
2025/10/28,kansai,9.2,8.22,17.61,1,osaka,18.2,10.1,14.1,0,0,0
2025/10/28,kyushu,8.3,5.58,17.61,0.01,nagasaki,18.7,9.4,14.1,0,0,0
2025/10/28,shikoku,7.38,4.97,11,0.01,nagasaki,18.7,9.4,14.1,0,0,0
2025/10/28,system,10.83,8.53,18,5.01,tokyo,16.3,8.2,12.3,0,0,0
2025/10/28,tohoku,11.57,9.08,18.48,3.5,tokyo,16.3,8.2,12.3,0,0,0
2025/10/28,tokyo,12.84,12.73,18.48,8.87,tokyo,16.3,8.2,12.3,0,0,0
2025/10/29,chubu,10.98,10.67,13.27,7.5,osaka,15.9,6.8,11.3,0,0,0
2025/10/29,chugoku,8.3,5.07,13.27,0.01,osaka,15.9,6.8,11.3,0,0,0
2025/10/29,hokkaido,14.64,10.44,32.54,2.01,sapporo,10.4,1.4,5.9,0,0,0
2025/10/29,hokuriku,9.9,9.01,13.27,3,osaka,15.9,6.8,11.3,0,0,0
2025/10/29,kansai,9.9,9.01,13.27,3,osaka,15.9,6.8,11.3,0,0,0
2025/10/29,kyushu,8.05,4.25,13.27,0.01,nagasaki,17.3,9.3,13.3,0,0,0
2025/10/29,shikoku,6.92,4,13.1,0.01,nagasaki,17.3,9.3,13.3,0,0,0
2025/10/29,system,10.96,8.85,16.75,5.01,tokyo,16.4,7.3,11.8,0,0,0
2025/10/29,tohoku,11.95,10.44,29.21,2.01,tokyo,16.4,7.3,11.8,0,0,0
2025/10/29,tokyo,13.47,12.76,29.21,10.96,tokyo,16.4,7.3,11.8,0,0,0
2025/10/30,chubu,11.06,8.57,16.91,1,osaka,16.4,8.8,12.6,0,0,0
2025/10/30,chugoku,10.22,8.05,16.91,1,osaka,16.4,8.8,12.6,0,0,0
2025/10/30,hokkaido,13.45,13.55,18.69,4,sapporo,9.4,0.3,4.9,0,0,0
2025/10/30,hokuriku,10.43,8.57,16.91,1,osaka,16.4,8.8,12.6,0,0,0
2025/10/30,kansai,10.43,8.57,16.91,1,osaka,16.4,8.8,12.6,0,0,0
2025/10/30,kyushu,9.57,6.65,16.91,0.01,nagasaki,16.5,9,12.8,0,0,0
2025/10/30,shikoku,8.19,6.65,13.27,1,nagasaki,16.5,9,12.8,0,0,0
2025/10/30,system,11.13,8.48,17,4,tokyo,17,9.4,13.2,0,0,0
2025/10/30,tohoku,10.7,6.15,18.69,0.02,tokyo,17,9.4,13.2,0,0,0
2025/10/30,tokyo,12.63,11.37,18.69,10.55,tokyo,17,9.4,13.2,0,0,0
2025/10/31,chubu,13.62,15.57,17.47,7.5,osaka,16.6,8,12.3,0,0,0
2025/10/31,chugoku,13.01,15.57,17.47,7.5,osaka,16.6,8,12.3,0,0,0
2025/10/31,hokkaido,14.06,16.36,25,10.99,sapporo,9.3,1.4,5.4,0,0,0
2025/10/31,hokuriku,13.01,15.57,17.47,7.5,osaka,16.6,8,12.3,0,0,0
2025/10/31,kansai,13.01,15.57,17.47,7.5,osaka,16.6,8,12.3,0,0,0
2025/10/31,kyushu,13.01,15.57,17.47,7.5,nagasaki,17.6,9.4,13.5,0,0,0
2025/10/31,shikoku,8.84,7.22,14.5,7.11,nagasaki,17.6,9.4,13.5,0,0,0
2025/10/31,system,13.43,15.67,16.4,10.5,tokyo,14.6,6,10.3,0,0,0
2025/10/31,tohoku,13.68,16.36,17.34,10.99,tokyo,14.6,6,10.3,0,0,0
2025/10/31,tokyo,14.14,17.03,17.34,11.15,tokyo,14.6,6,10.3,0,0,0
2025/11/01,chubu,8.64,6.25,11.51,3,osaka,15.8,7.4,11.6,0,1,0
2025/11/01,chugoku,7.61,6.05,11.21,3,osaka,15.8,7.4,11.6,0,1,0
2025/11/01,hokkaido,10.64,7.8,15.8,7.32,sapporo,8.4,-0.1,4.2,0,1,0
2025/11/01,hokuriku,7.61,6.05,11.21,3,osaka,15.8,7.4,11.6,0,1,0
2025/11/01,kansai,7.61,6.05,11.21,3,osaka,15.8,7.4,11.6,0,1,0
2025/11/01,kyushu,6.96,3.74,11.21,0.02,nagasaki,18,9.1,13.6,0,1,0
2025/11/01,shikoku,7.49,5.63,11.21,3,nagasaki,18,9.1,13.6,0,1,0
2025/11/01,system,8.9,6.56,11.68,3.1,tokyo,16.4,8,12.2,0,1,0
2025/11/01,tohoku,9.78,6.71,12.83,5.01,tokyo,16.4,8,12.2,0,1,0
2025/11/01,tokyo,10.72,10.44,12.83,6.3,tokyo,16.4,8,12.2,0,1,0
2025/11/02,chubu,7.77,5.12,12.92,0.01,osaka,16,6.6,11.3,0,1,0
2025/11/02,chugoku,6.71,4.87,10.88,0.01,osaka,16,6.6,11.3,0,1,0
2025/11/02,hokkaido,11.09,9.69,20.83,7.32,sapporo,9,-0.2,4.4,0,1,0
2025/11/02,hokuriku,6.71,4.87,10.88,0.01,osaka,16,6.6,11.3,0,1,0
2025/11/02,kansai,6.71,4.87,10.88,0.01,osaka,16,6.6,11.3,0,1,0
2025/11/02,kyushu,6.69,4.87,10.88,0.01,nagasaki,16.6,8.9,12.8,0,1,0
2025/11/02,shikoku,6.54,4.66,10.78,0.01,nagasaki,16.6,8.9,12.8,0,1,0
2025/11/02,system,8.37,7.3,11.81,2.01,tokyo,16.5,7.1,11.8,0,1,0
2025/11/02,tohoku,9.96,9.62,15.36,1.01,tokyo,16.5,7.1,11.8,0,1,0
2025/11/02,tokyo,11.15,10.17,15.36,8,tokyo,16.5,7.1,11.8,0,1,0
2025/11/03,chubu,9.37,6.31,13,3.69,osaka,16.1,7.7,11.9,0,0,0
2025/11/03,chugoku,8.42,5.47,12.5,2.01,osaka,16.1,7.7,11.9,0,0,0
2025/11/03,hokkaido,15.7,10.04,45.29,7.31,sapporo,7.1,-0.8,3.1,0,0,0
2025/11/03,hokuriku,8.42,5.47,12.5,2.01,osaka,16.1,7.7,11.9,0,0,0
2025/11/03,kansai,8.42,5.47,12.5,2.01,osaka,16.1,7.7,11.9,0,0,0
2025/11/03,kyushu,7.75,4.96,12.5,0.01,nagasaki,15.9,7.6,11.8,0,0,0
2025/11/03,shikoku,7.51,4.89,12,0.02,nagasaki,15.9,7.6,11.8,0,0,0
2025/11/03,system,9.59,7.93,13.74,4.9,tokyo,14.2,5.8,10,0,0,0
2025/11/03,tohoku,11.3,10,15.53,7.31,tokyo,14.2,5.8,10,0,0,0
2025/11/03,tokyo,11.4,10.51,15.53,7.31,tokyo,14.2,5.8,10,0,0,0
2025/11/04,chubu,10.58,9.07,15.5,5.01,osaka,16.3,6.8,11.6,0,0,0
2025/11/04,chugoku,9.71,8.62,13.5,5.01,osaka,16.3,6.8,11.6,0,0,0
2025/11/04,hokkaido,11.08,8.08,16.93,5.01,sapporo,7,-1.7,2.6,0,0,0
2025/11/04,hokuriku,9.81,8.91,13.5,5.01,osaka,16.3,6.8,11.6,0,0,0
2025/11/04,kansai,9.81,8.91,13.5,5.01,osaka,16.3,6.8,11.6,0,0,0
2025/11/04,kyushu,9.56,8.35,13.5,5.01,nagasaki,17.1,8,12.6,0,0,0
2025/11/04,shikoku,8.56,7.99,11.45,5.01,nagasaki,17.1,8,12.6,0,0,0
2025/11/04,system,10.65,8.71,15.5,5.01,tokyo,14.3,4.9,9.6,0,0,0
2025/11/04,tohoku,11.12,8.24,16.93,5.01,tokyo,14.3,4.9,9.6,0,0,0
2025/11/04,tokyo,11.96,10.76,16.93,5.01,tokyo,14.3,4.9,9.6,0,0,0
2025/11/05,chubu,11.55,11.77,16.13,7.94,osaka,16.4,7.9,12.1,0,0,0
2025/11/05,chugoku,9.62,8.45,16.13,6.58,osaka,16.4,7.9,12.1,0,0,0
2025/11/05,hokkaido,13.46,10.74,32.84,5.01,sapporo,7.6,-1.8,2.9,0,0,0
2025/11/05,hokuriku,10.27,11.45,16.13,6.58,osaka,16.4,7.9,12.1,0,0,0
2025/11/05,kansai,10.27,11.45,16.13,6.58,osaka,16.4,7.9,12.1,0,0,0
2025/11/05,kyushu,9.55,8.24,16.13,6.58,nagasaki,16.4,8.7,12.5,0,0,0
2025/11/05,shikoku,7.87,7.31,10.35,6.58,nagasaki,16.4,8.7,12.5,0,0,0
2025/11/05,system,11.23,10.6,16.13,7.38,tokyo,14.4,5.9,10.2,0,0,0
2025/11/05,tohoku,11.44,9.38,16.13,5.01,tokyo,14.4,5.9,10.2,0,0,0
2025/11/05,tokyo,12.54,12.17,16.13,10.75,tokyo,14.4,5.9,10.2,0,0,0
2025/11/06,chubu,10.24,10.31,13.5,6.39,osaka,14,6.5,10.3,0,0,0
2025/11/06,chugoku,9.57,9.74,13.5,6.39,osaka,14,6.5,10.3,0,0,0
2025/11/06,hokkaido,16.05,17.1,30,7.89,sapporo,7.4,-0.8,3.3,0,0,0
2025/11/06,hokuriku,9.57,9.74,13.5,6.39,osaka,14,6.5,10.3,0,0,0
2025/11/06,kansai,9.57,9.74,13.5,6.39,osaka,14,6.5,10.3,0,0,0
2025/11/06,kyushu,8.45,7.39,13.5,2.01,nagasaki,15,6.5,10.8,0,0,0
2025/11/06,shikoku,7.67,6.89,9.18,6.39,nagasaki,15,6.5,10.8,0,0,0
2025/11/06,system,10.8,9.95,15.17,7.38,tokyo,14.6,5.1,9.8,0,0,0
2025/11/06,tohoku,12.63,13.28,15.71,7.89,tokyo,14.6,5.1,9.8,0,0,0
2025/11/06,tokyo,12.82,13.38,15.71,11.22,tokyo,14.6,5.1,9.8,0,0,0
2025/11/07,chubu,11.09,10.17,14,3.5,osaka,14.2,5.7,9.9,0,0,0
2025/11/07,chugoku,10.91,10.07,14,3.5,osaka,14.2,5.7,9.9,0,0,0
2025/11/07,hokkaido,9.51,8.13,14.01,2.01,sapporo,8,-0.9,3.5,0,0,0
2025/11/07,hokuriku,10.91,10.07,14,3.5,osaka,14.2,5.7,9.9,0,0,0
2025/11/07,kansai,10.91,10.07,14,3.5,osaka,14.2,5.7,9.9,0,0,0
2025/11/07,kyushu,9.96,7.75,14,2.01,nagasaki,16.1,6.9,11.5,0,0,0
2025/11/07,shikoku,9,7.3,13,3.5,nagasaki,16.1,6.9,11.5,0,0,0
2025/11/07,system,10.58,9.09,13.49,3.5,tokyo,14.7,6.2,10.4,0,0,0
2025/11/07,tohoku,9.71,7.75,14.01,2.01,tokyo,14.7,6.2,10.4,0,0,0
2025/11/07,tokyo,11.74,10.61,15,7.89,tokyo,14.7,6.2,10.4,0,0,0
2025/11/08,chubu,9.76,7.54,14.4,3.5,osaka,14.3,6.8,10.6,0,1,0
2025/11/08,chugoku,9.46,7.38,14.4,0.01,osaka,14.3,6.8,10.6,0,1,0
2025/11/08,hokkaido,11.51,10.13,19.47,6.33,sapporo,6.2,-1.4,2.4,0,1,0
2025/11/08,hokuriku,9.46,7.38,14.4,0.01,osaka,14.3,6.8,10.6,0,1,0
2025/11/08,kansai,9.46,7.38,14.4,0.01,osaka,14.3,6.8,10.6,0,1,0
2025/11/08,kyushu,8.55,4.86,14.4,0.01,nagasaki,15.5,7.6,11.6,0,1,0
2025/11/08,shikoku,9.42,7.38,14.4,0.01,nagasaki,15.5,7.6,11.6,0,1,0
2025/11/08,system,10.5,8.62,14.4,5.84,tokyo,14.9,7.4,11.2,0,1,0
2025/11/08,tohoku,11.29,10.23,15.59,6.33,tokyo,14.9,7.4,11.2,0,1,0
2025/11/08,tokyo,11.95,11.18,15.59,9,tokyo,14.9,7.4,11.2,0,1,0
2025/11/09,chubu,11.26,11.04,14.49,8.66,osaka,14.5,5.9,10.2,0,1,0
2025/11/09,chugoku,11.06,11.04,14.49,8.61,osaka,14.5,5.9,10.2,0,1,0
2025/11/09,hokkaido,11.2,10.75,14.49,7.94,sapporo,6,-2.4,1.8,0,1,0
2025/11/09,hokuriku,11.06,11.04,14.49,8.61,osaka,14.5,5.9,10.2,0,1,0
2025/11/09,kansai,11.06,11.04,14.49,8.61,osaka,14.5,5.9,10.2,0,1,0
2025/11/09,kyushu,10.62,10.25,14.49,7.61,nagasaki,14.1,5.5,9.8,0,1,0
2025/11/09,shikoku,10.83,9.19,14.49,7.55,nagasaki,14.1,5.5,9.8,0,1,0
2025/11/09,system,11.45,11.05,14.19,10.37,tokyo,12.5,4,8.3,0,1,0
2025/11/09,tohoku,11.77,11.58,14.49,11,tokyo,12.5,4,8.3,0,1,0
2025/11/09,tokyo,11.82,11.58,14.49,11.23,tokyo,12.5,4,8.3,0,1,0
2025/11/10,chubu,11,9.79,14.47,6,osaka,14.3,5.2,9.8,0,0,0
2025/11/10,chugoku,10.54,9.51,14.47,6,osaka,14.3,5.2,9.8,0,0,0
2025/11/10,hokkaido,10.47,9.56,16.29,5,sapporo,7.6,-0.9,3.3,0,0,0
2025/11/10,hokuriku,10.54,9.51,14.47,6,osaka,14.3,5.2,9.8,0,0,0
2025/11/10,kansai,10.54,9.51,14.47,6,osaka,14.3,5.2,9.8,0,0,0
2025/11/10,kyushu,8.84,5.57,14.47,0.01,nagasaki,15.1,6.9,11,0,0,0
2025/11/10,shikoku,7.18,2.83,12,0.01,nagasaki,15.1,6.9,11,0,0,0
2025/11/10,system,10.8,9.15,15.69,6.39,tokyo,12.4,3.3,7.8,0,0,0
2025/11/10,tohoku,10.42,9.56,16.29,5,tokyo,12.4,3.3,7.8,0,0,0
2025/11/10,tokyo,11.86,11.41,16.29,8.61,tokyo,12.4,3.3,7.8,0,0,0
2025/11/11,chubu,12.92,12.22,16.81,8,osaka,14.5,6.4,10.4,0,0,0
2025/11/11,chugoku,9.49,7.91,16.81,0.04,osaka,14.5,6.4,10.4,0,0,0
2025/11/11,hokkaido,11.31,9.58,16.81,7.34,sapporo,5.7,-3.5,1.1,0,0,0
2025/11/11,hokuriku,12.7,12.22,16.81,8,osaka,14.5,6.4,10.4,0,0,0
2025/11/11,kansai,9.49,7.91,16.81,0.04,osaka,14.5,6.4,10.4,0,0,0
2025/11/11,kyushu,9.49,7.91,16.81,0.04,nagasaki,14.4,5.6,10,0,0,0
2025/11/11,shikoku,7.54,2.9,12.07,0.01,nagasaki,14.4,5.6,10,0,0,0
2025/11/11,system,11.48,9.71,16.81,6.07,tokyo,12.5,4.4,8.4,0,0,0
2025/11/11,tohoku,10.83,9.29,16.81,5.01,tokyo,12.5,4.4,8.4,0,0,0
2025/11/11,tokyo,13.23,12.22,16.81,10.83,tokyo,12.5,4.4,8.4,0,0,0
2025/11/12,chubu,13.39,13,18,10.36,osaka,14.6,5.5,10.1,0,0,0
2025/11/12,chugoku,10.54,10.09,18,6.77,osaka,14.6,5.5,10.1,0,0,0
2025/11/12,hokkaido,12.34,11.02,18.52,5,sapporo,5.5,-2.5,1.5,0,0,0
2025/11/12,hokuriku,13.39,13,18,10.36,osaka,14.6,5.5,10.1,0,0,0
2025/11/12,kansai,10.54,10.09,18,6.77,osaka,14.6,5.5,10.1,0,0,0
2025/11/12,kyushu,10.51,9.89,18,6.77,nagasaki,13,5.4,9.2,0,0,0
2025/11/12,shikoku,9.67,7.03,14.51,6.51,nagasaki,13,5.4,9.2,0,0,0
2025/11/12,system,12.02,11.59,18.52,6.99,tokyo,12.7,3.6,8.2,0,0,0
2025/11/12,tohoku,12.14,11.02,18.52,5,tokyo,12.7,3.6,8.2,0,0,0
2025/11/12,tokyo,13.47,13,18.52,10.75,tokyo,12.7,3.6,8.2,0,0,0
2025/11/13,chubu,13.77,15.43,16.97,11.43,osaka,12.3,4.2,8.3,0,0,0
2025/11/13,chugoku,11.95,12.81,16.97,7.02,osaka,12.3,4.2,8.3,0,0,0
2025/11/13,hokkaido,11.5,9.86,16.97,5.7,sapporo,6.2,-2.5,1.9,0,0,0
2025/11/13,hokuriku,13.77,15.43,16.97,11.43,osaka,12.3,4.2,8.3,0,0,0
2025/11/13,kansai,11.95,12.81,16.97,7.02,osaka,12.3,4.2,8.3,0,0,0
2025/11/13,kyushu,11.95,12.81,16.97,7.02,nagasaki,14.9,6.7,10.8,0,0,0
2025/11/13,shikoku,10.06,8.17,15.2,7.02,nagasaki,14.9,6.7,10.8,0,0,0
2025/11/13,system,12.84,13.43,17.21,10.08,tokyo,12.8,4.7,8.8,0,0,0
2025/11/13,tohoku,11.5,9.86,16.97,5.7,tokyo,12.8,4.7,8.8,0,0,0
2025/11/13,tokyo,13.77,15.43,16.97,11.43,tokyo,12.8,4.7,8.8,0,0,0
2025/11/14,chubu,12.21,11.14,15.51,9.34,osaka,12.5,3.3,7.9,0,0,0
2025/11/14,chugoku,10.26,9.83,15.51,3,osaka,12.5,3.3,7.9,0,0,0
2025/11/14,hokkaido,11.36,9.96,17,7.34,sapporo,6.8,-2.6,2.1,0,0,0
2025/11/14,hokuriku,12.21,11.14,15.51,9.34,osaka,12.5,3.3,7.9,0,0,0
2025/11/14,kansai,10.26,9.83,15.51,3,osaka,12.5,3.3,7.9,0,0,0
2025/11/14,kyushu,9.2,6.35,15.51,0.01,nagasaki,13.5,4.5,9,0,0,0
2025/11/14,shikoku,9.55,6.96,14.76,3,nagasaki,13.5,4.5,9,0,0,0
2025/11/14,system,11.15,9.48,15.09,6.16,tokyo,13,3.9,8.4,0,0,0
2025/11/14,tohoku,11.02,9.91,16.95,4,tokyo,13,3.9,8.4,0,0,0
2025/11/14,tokyo,12.43,11.27,16.95,10.01,tokyo,13,3.9,8.4,0,0,0
2025/11/15,chubu,11.04,8.51,15,4.15,osaka,12.6,4.4,8.5,0,1,0
2025/11/15,chugoku,9.24,6.92,14.5,0.1,osaka,12.6,4.4,8.5,0,1,0
2025/11/15,hokkaido,10.85,8.31,15,6.14,sapporo,4.2,-4,0.1,0,1,0
2025/11/15,hokuriku,11.04,8.51,15,4.15,osaka,12.6,4.4,8.5,0,1,0
2025/11/15,kansai,9.24,6.92,14.5,0.1,osaka,12.6,4.4,8.5,0,1,0
2025/11/15,kyushu,8.35,3.37,14.5,0.01,nagasaki,12.9,5.3,9.1,0,1,0
2025/11/15,shikoku,9.18,6.52,14.5,0.1,nagasaki,12.9,5.3,9.1,0,1,0
2025/11/15,system,9.89,7.26,13.29,0.32,tokyo,13.2,5,9.1,0,1,0
2025/11/15,tohoku,10.86,8.44,15,6.14,tokyo,13.2,5,9.1,0,1,0
2025/11/15,tokyo,11.57,9.86,15,8.13,tokyo,13.2,5,9.1,0,1,0
2025/11/16,chubu,10.66,9.62,12.7,4.15,osaka,12.8,3.6,8.2,0,1,0
2025/11/16,chugoku,7.04,1.77,12.7,0.01,osaka,12.8,3.6,8.2,0,1,0
2025/11/16,hokkaido,9.06,7.42,12.7,0.01,sapporo,4.8,-4.1,0.4,0,1,0
2025/11/16,hokuriku,10.66,9.62,12.7,4.15,osaka,12.8,3.6,8.2,0,1,0
2025/11/16,kansai,7.04,1.77,12.7,0.01,osaka,12.8,3.6,8.2,0,1,0
2025/11/16,kyushu,7.04,1.77,12.7,0.01,nagasaki,14,5.6,9.8,0,1,0
2025/11/16,shikoku,7.04,1.77,12.7,0.01,nagasaki,14,5.6,9.8,0,1,0
2025/11/16,system,8.71,5.14,12.78,0.01,tokyo,13.3,4.1,8.7,0,1,0
2025/11/16,tohoku,9.28,7.69,12.7,0.01,tokyo,13.3,4.1,8.7,0,1,0
2025/11/16,tokyo,10.85,9.62,12.7,8.15,tokyo,13.3,4.1,8.7,0,1,0
2025/11/17,chubu,10.46,10.47,13.36,4.5,osaka,12.9,4.7,8.8,0,0,0
2025/11/17,chugoku,8.9,8.63,13.36,4.5,osaka,12.9,4.7,8.8,0,0,0
2025/11/17,hokkaido,9.85,9.62,13.36,6.01,sapporo,4.7,-2.9,0.9,0,0,0
2025/11/17,hokuriku,10.46,10.47,13.36,4.5,osaka,12.9,4.7,8.8,0,0,0
2025/11/17,kansai,8.9,8.63,13.36,4.5,osaka,12.9,4.7,8.8,0,0,0
2025/11/17,kyushu,8.86,8.32,13.36,4.5,nagasaki,12.7,3.6,8.2,0,0,0
2025/11/17,shikoku,7.7,6.75,10.14,4.5,nagasaki,12.7,3.6,8.2,0,0,0
2025/11/17,system,9.79,9.13,13.22,6.01,tokyo,11,2.8,6.9,0,0,0
2025/11/17,tohoku,9.93,10,13.36,6.01,tokyo,11,2.8,6.9,0,0,0
2025/11/17,tokyo,10.74,10.47,13.36,7,tokyo,11,2.8,6.9,0,0,0
2025/11/18,chubu,13.16,14.21,17.62,10.11,osaka,13.1,3.9,8.5,0,0,0
2025/11/18,chugoku,11.85,9.9,17.62,7.69,osaka,13.1,3.9,8.5,0,0,0
2025/11/18,hokkaido,11.6,10.83,17.62,6,sapporo,5.3,-3,1.1,0,0,0
2025/11/18,hokuriku,13.16,14.21,17.62,10.11,osaka,13.1,3.9,8.5,0,0,0
2025/11/18,kansai,11.91,10.34,17.62,7.69,osaka,13.1,3.9,8.5,0,0,0
2025/11/18,kyushu,11.39,8.97,17.62,7.69,nagasaki,12,4.2,8.1,0,0,0
2025/11/18,shikoku,8.77,8.57,13.5,6.57,nagasaki,12,4.2,8.1,0,0,0
2025/11/18,system,12.11,11.55,17.62,7.87,tokyo,11.2,2,6.6,0,0,0
2025/11/18,tohoku,11.56,11.15,17.62,3.1,tokyo,11.2,2,6.6,0,0,0
2025/11/18,tokyo,13.17,14.21,17.62,10.74,tokyo,11.2,2,6.6,0,0,0
2025/11/19,chubu,13.38,12.28,18,10.4,osaka,13.3,5,9.2,0,0,0
2025/11/19,chugoku,12.7,11.65,18,8,osaka,13.3,5,9.2,0,0,0
2025/11/19,hokkaido,11.92,10.69,18,6,sapporo,3.4,-5.6,-1.1,0,0,0
2025/11/19,hokuriku,13.3,12.28,18,8.93,osaka,13.3,5,9.2,0,0,0
2025/11/19,kansai,12.77,11.65,18,8,osaka,13.3,5,9.2,0,0,0
2025/11/19,kyushu,12.62,11.28,18,7.9,nagasaki,13.2,4.7,8.9,0,0,0
2025/11/19,shikoku,11.06,8.44,15.57,6.68,nagasaki,13.2,4.7,8.9,0,0,0
2025/11/19,system,12.82,11.71,17.52,7.9,tokyo,11.3,3.1,7.2,0,0,0
2025/11/19,tohoku,11.72,10.81,18,4,tokyo,11.3,3.1,7.2,0,0,0
2025/11/19,tokyo,13.37,12.28,18,10.4,tokyo,11.3,3.1,7.2,0,0,0
2025/11/20,chubu,12.57,11.94,17.9,6.2,osaka,11.4,2.7,7.1,0,0,0
2025/11/20,chugoku,11.6,10.46,17.76,6.2,osaka,11.4,2.7,7.1,0,0,0
2025/11/20,hokkaido,11.04,9.72,18.25,5.71,sapporo,5,-4.2,0.4,0,0,0
2025/11/20,hokuriku,12.22,10.46,17.76,6.2,osaka,11.4,2.7,7.1,0,0,0
2025/11/20,kansai,11.61,10.46,17.76,6.2,osaka,11.4,2.7,7.1,0,0,0
2025/11/20,kyushu,11.29,8.95,17.76,6.2,nagasaki,11.6,3.5,7.5,0,0,0
2025/11/20,shikoku,11.27,10.46,17.76,6.2,nagasaki,11.6,3.5,7.5,0,0,0
2025/11/20,system,12.07,10.43,17.76,7.52,tokyo,11.9,3.2,7.6,0,0,0
2025/11/20,tohoku,10.94,9.72,18.25,4,tokyo,11.9,3.2,7.6,0,0,0
2025/11/20,tokyo,13.02,11.94,18.25,10.63,tokyo,11.9,3.2,7.6,0,0,0
2025/11/21,chubu,12.27,11.26,16.43,8.45,osaka,11.5,3.8,7.7,0,0,0
2025/11/21,chugoku,9.54,7.41,15.28,2,osaka,11.5,3.8,7.7,0,0,0
2025/11/21,hokkaido,10.15,9.88,12.27,6,sapporo,4.9,-3,1,0,0,0
2025/11/21,hokuriku,11.74,9.3,16.43,7.56,osaka,11.5,3.8,7.7,0,0,0
2025/11/21,kansai,9.54,7.41,15.28,2,osaka,11.5,3.8,7.7,0,0,0
2025/11/21,kyushu,9.54,7.41,15.28,2,nagasaki,13.5,4.8,9.2,0,0,0
2025/11/21,shikoku,9.54,7.41,15.28,2,nagasaki,13.5,4.8,9.2,0,0,0
2025/11/21,system,10.82,9.1,15.08,6.48,tokyo,12.1,4.4,8.3,0,0,0
2025/11/21,tohoku,10.18,10.1,12.27,6,tokyo,12.1,4.4,8.3,0,0,0
2025/11/21,tokyo,12.27,11.26,16.43,8.45,tokyo,12.1,4.4,8.3,0,0,0
2025/11/22,chubu,9.98,8.06,12.7,3,osaka,11.7,3,7.3,0,1,0
2025/11/22,chugoku,8.09,3.04,12.7,0.01,osaka,11.7,3,7.3,0,1,0
2025/11/22,hokkaido,8.52,6.22,12.7,0.03,sapporo,3,-5.6,-1.3,0,1,0
2025/11/22,hokuriku,9.86,8.06,12.7,3,osaka,11.7,3,7.3,0,1,0
2025/11/22,kansai,8.13,3.04,12.7,0.01,osaka,11.7,3,7.3,0,1,0
2025/11/22,kyushu,8.09,2.98,12.7,0.01,nagasaki,12.2,2.7,7.4,0,1,0
2025/11/22,shikoku,8.09,3.04,12.7,0.01,nagasaki,12.2,2.7,7.4,0,1,0
2025/11/22,system,8.71,5.02,12.7,0.01,tokyo,9.8,1.1,5.5,0,1,0
2025/11/22,tohoku,8.74,6.51,12.7,0.03,tokyo,9.8,1.1,5.5,0,1,0
2025/11/22,tokyo,10.1,8.06,12.7,3,tokyo,9.8,1.1,5.5,0,1,0
2025/11/23,chubu,10.07,7.83,12.72,5.22,osaka,11.9,4.1,8,0,1,0
2025/11/23,chugoku,7.16,1.18,12.72,0.01,osaka,11.9,4.1,8,0,1,0
2025/11/23,hokkaido,9.9,8.12,12.72,6.02,sapporo,2.9,-6.5,-1.8,0,1,0
2025/11/23,hokuriku,8.55,2.78,12.72,0.02,osaka,11.9,4.1,8,0,1,0
2025/11/23,kansai,7.16,1.18,12.72,0.01,osaka,11.9,4.1,8,0,1,0
2025/11/23,kyushu,7.16,1.18,12.72,0.01,nagasaki,11.5,3.4,7.5,0,1,0
2025/11/23,shikoku,7.16,1.18,12.72,0.01,nagasaki,11.5,3.4,7.5,0,1,0
2025/11/23,system,8.56,4.52,12.75,0.03,tokyo,9.9,2.2,6.1,0,1,0
2025/11/23,tohoku,10.02,8.23,12.72,6.02,tokyo,9.9,2.2,6.1,0,1,0
2025/11/23,tokyo,10.16,8.28,12.72,6.04,tokyo,9.9,2.2,6.1,0,1,0
2025/11/24,chubu,10.99,10.68,14,6.69,osaka,12.1,3.3,7.7,0,0,0
2025/11/24,chugoku,8.34,5.68,12.7,1,osaka,12.1,3.3,7.7,0,0,0
2025/11/24,hokkaido,10.98,10.53,14,6.69,sapporo,3.5,-4.6,-0.5,0,0,0
2025/11/24,hokuriku,9.2,8.67,12.7,6.69,osaka,12.1,3.3,7.7,0,0,0
2025/11/24,kansai,8.34,5.68,12.7,1,osaka,12.1,3.3,7.7,0,0,0
2025/11/24,kyushu,8.34,5.68,12.7,1,nagasaki,12.7,3.8,8.3,0,0,0
2025/11/24,shikoku,8.34,5.68,12.7,1,nagasaki,12.7,3.8,8.3,0,0,0
2025/11/24,system,10.2,8.52,12.78,6.69,tokyo,10.1,1.3,5.7,0,0,0
2025/11/24,tohoku,10.99,10.68,14,6.69,tokyo,10.1,1.3,5.7,0,0,0
2025/11/24,tokyo,10.99,10.68,14,6.69,tokyo,10.1,1.3,5.7,0,0,0
2025/11/25,chubu,13.68,13.93,21,11.37,osaka,9.8,2,5.9,0,0,0
2025/11/25,chugoku,9.87,8.69,13,6.56,osaka,9.8,2,5.9,0,0,0
2025/11/25,hokkaido,12.21,13.05,15.73,7.89,sapporo,4.2,-4.6,-0.2,0,0,0
2025/11/25,hokuriku,13.68,13.93,21,11.37,osaka,9.8,2,5.9,0,0,0
2025/11/25,kansai,9.87,8.69,13,6.56,osaka,9.8,2,5.9,0,0,0
2025/11/25,kyushu,9.62,8.35,13,6.56,nagasaki,12.1,4.6,8.3,0,0,0
2025/11/25,shikoku,9.47,7.95,13,3,nagasaki,12.1,4.6,8.3,0,0,0
2025/11/25,system,12,11.53,15,8.7,tokyo,10.3,2.5,6.4,0,0,0
2025/11/25,tohoku,12.6,13.05,15.73,7.89,tokyo,10.3,2.5,6.4,0,0,0
2025/11/25,tokyo,13.49,13.93,15.73,11.37,tokyo,10.3,2.5,6.4,0,0,0
2025/11/26,chubu,12.42,11.92,15.58,9.04,osaka,9.9,1.1,5.5,0,0,0
2025/11/26,chugoku,10.2,8.13,15.58,6.44,osaka,9.9,1.1,5.5,0,0,0
2025/11/26,hokkaido,12.42,11.92,15.58,8.65,sapporo,4.1,-3.5,0.3,0,0,0
2025/11/26,hokuriku,12.32,11.12,15.58,9.04,osaka,9.9,1.1,5.5,0,0,0
2025/11/26,kansai,10.2,8.13,15.58,6.44,osaka,9.9,1.1,5.5,0,0,0
2025/11/26,kyushu,9.94,7.91,15.58,2.01,nagasaki,10.7,2.4,6.5,0,0,0
2025/11/26,shikoku,9.47,7.21,14.47,6.44,nagasaki,10.7,2.4,6.5,0,0,0
2025/11/26,system,11.48,9.87,15.55,7.56,tokyo,10.5,1.7,6.1,0,0,0
2025/11/26,tohoku,12.46,11.92,15.58,9.33,tokyo,10.5,1.7,6.1,0,0,0
2025/11/26,tokyo,12.46,11.92,15.58,9.33,tokyo,10.5,1.7,6.1,0,0,0
2025/11/27,chubu,12.31,12.91,16.88,10.66,osaka,10.1,2.3,6.2,0,0,0
2025/11/27,chugoku,10.79,8.74,16.88,6.53,osaka,10.1,2.3,6.2,0,0,0
2025/11/27,hokkaido,11.52,12.29,16.04,6.23,sapporo,2.2,-6.1,-1.9,0,0,0
2025/11/27,hokuriku,11.18,8.74,16.88,6.53,osaka,10.1,2.3,6.2,0,0,0
2025/11/27,kansai,10.79,8.74,16.88,6.53,osaka,10.1,2.3,6.2,0,0,0
2025/11/27,kyushu,10.62,8.38,16.88,6.53,nagasaki,11.9,2.9,7.4,0,0,0
2025/11/27,shikoku,10.5,8.23,16.88,6.53,nagasaki,11.9,2.9,7.4,0,0,0
2025/11/27,system,11.42,10.36,16.04,7.26,tokyo,10.7,2.9,6.8,0,0,0
2025/11/27,tohoku,11.62,12.84,16.04,6.23,tokyo,10.7,2.9,6.8,0,0,0
2025/11/27,tokyo,12.28,12.91,16.04,10.66,tokyo,10.7,2.9,6.8,0,0,0
2025/11/28,chubu,11.16,10.6,14,6.09,osaka,10.3,1.4,5.9,0,0,0
2025/11/28,chugoku,10.23,9.22,14,4,osaka,10.3,1.4,5.9,0,0,0
2025/11/28,hokkaido,10.07,8.65,13.02,3.5,sapporo,2.1,-7,-2.5,0,0,0
2025/11/28,hokuriku,10.91,10.6,14,6.09,osaka,10.3,1.4,5.9,0,0,0
2025/11/28,kansai,10.23,9.22,14,4,osaka,10.3,1.4,5.9,0,0,0
2025/11/28,kyushu,9.74,8.19,14,0.01,nagasaki,11.3,3.6,7.5,0,0,0
2025/11/28,shikoku,9.95,8.92,14,4,nagasaki,11.3,3.6,7.5,0,0,0
2025/11/28,system,10.45,9.14,13.5,5,tokyo,10.9,2.1,6.5,0,0,0
2025/11/28,tohoku,10.21,8.88,13.02,3.5,tokyo,10.9,2.1,6.5,0,0,0
2025/11/28,tokyo,10.93,10.6,13.61,6.09,tokyo,10.9,2.1,6.5,0,0,0
2025/11/29,chubu,9.86,8.08,12.5,1,osaka,10.5,2.6,6.5,0,1,0
2025/11/29,chugoku,8.99,5.63,12.5,1,osaka,10.5,2.6,6.5,0,1,0
2025/11/29,hokkaido,8.77,7.33,12.5,0.1,sapporo,2.8,-5,-1.1,0,1,0
2025/11/29,hokuriku,9.79,8.08,12.5,1,osaka,10.5,2.6,6.5,0,1,0
2025/11/29,kansai,8.99,5.63,12.5,1,osaka,10.5,2.6,6.5,0,1,0
2025/11/29,kyushu,8.15,2.55,12.5,0.01,nagasaki,9.9,1.5,5.7,0,1,0
2025/11/29,shikoku,8.99,5.63,12.5,1,nagasaki,9.9,1.5,5.7,0,1,0
2025/11/29,system,9.14,6.47,12.25,0.1,tokyo,8.6,0.7,4.6,0,1,0
2025/11/29,tohoku,8.78,7.41,12.5,0.1,tokyo,8.6,0.7,4.6,0,1,0
2025/11/29,tokyo,9.85,8.08,12.5,1,tokyo,8.6,0.7,4.6,0,1,0
2025/11/30,chubu,8.94,8.04,11.83,1,osaka,11.1,2.8,6.9,0,1,0
2025/11/30,chugoku,6.45,1.2,10.5,0.01,osaka,11.1,2.8,6.9,0,1,0
2025/11/30,hokkaido,8.95,7.52,11.83,1,sapporo,1.9,-6,-2,0,1,0
2025/11/30,hokuriku,8.08,7.92,10.5,1,osaka,11.1,2.8,6.9,0,1,0
2025/11/30,kansai,6.45,1.2,10.5,0.01,osaka,11.1,2.8,6.9,0,1,0
2025/11/30,kyushu,6.45,1.2,10.5,0.01,nagasaki,11.7,3.8,7.8,0,1,0
2025/11/30,shikoku,6.45,1.2,10.5,0.01,nagasaki,11.7,3.8,7.8,0,1,0
2025/11/30,system,7.9,4.24,11.53,0.01,tokyo,9.2,0.9,5,0,1,0
2025/11/30,tohoku,8.95,7.55,11.83,1,tokyo,9.2,0.9,5,0,1,0
2025/11/30,tokyo,9.18,8.04,11.83,1,tokyo,9.2,0.9,5,0,1,0
2025/12/01,chubu,10.6,10.27,13.23,6.65,osaka,10.8,1.7,6.3,0,0,0
2025/12/01,chugoku,9.99,8.76,13.23,6.65,osaka,10.8,1.7,6.3,0,0,0
2025/12/01,hokkaido,10.1,9.07,12.34,6.05,sapporo,1.9,-7.4,-2.8,0,0,0
2025/12/01,hokuriku,9.99,8.76,13.23,6.65,osaka,10.8,1.7,6.3,0,0,0
2025/12/01,kansai,9.99,8.76,13.23,6.65,osaka,10.8,1.7,6.3,0,0,0
2025/12/01,kyushu,9.99,8.76,13.23,6.65,nagasaki,10.9,1.6,6.3,0,0,0
2025/12/01,shikoku,9.49,6.44,13.23,4,nagasaki,10.9,1.6,6.3,0,0,0
2025/12/01,system,10.24,9.4,12.47,6.94,tokyo,8.8,-0.3,4.3,0,0,0
2025/12/01,tohoku,9.98,9.1,12.34,6.05,tokyo,8.8,-0.3,4.3,0,0,0
2025/12/01,tokyo,10.94,10.62,13.23,9.7,tokyo,8.8,-0.3,4.3,0,0,0
2025/12/02,chubu,11.22,11.68,13.12,7.7,osaka,8.5,0.3,4.4,0,0,0
2025/12/02,chugoku,10.44,9.53,13.12,7.7,osaka,8.5,0.3,4.4,0,0,0
2025/12/02,hokkaido,11.6,11.88,15.9,8.64,sapporo,1.8,-6.3,-2.3,0,0,0
2025/12/02,hokuriku,10.6,9.58,13.12,7.7,osaka,8.5,0.3,4.4,0,0,0
2025/12/02,kansai,10.44,9.53,13.12,7.7,osaka,8.5,0.3,4.4,0,0,0
2025/12/02,kyushu,10.41,9.3,13.12,7.7,nagasaki,9.6,1.6,5.6,0,0,0
2025/12/02,shikoku,10.2,9.44,13.1,7.7,nagasaki,9.6,1.6,5.6,0,0,0
2025/12/02,system,11.23,11.37,13.5,7.76,tokyo,9,0.9,5,0,0,0
2025/12/02,tohoku,11.59,11.88,13.12,8.64,tokyo,9,0.9,5,0,0,0
2025/12/02,tokyo,11.88,12.02,13.12,10.71,tokyo,9,0.9,5,0,0,0
2025/12/03,chubu,12.9,13.78,17,9.35,osaka,8.7,-0.5,4.1,0,0,0
2025/12/03,chugoku,12.43,12.09,17,8.7,osaka,8.7,-0.5,4.1,0,0,0
2025/12/03,hokkaido,12.54,13.99,16.25,8.55,sapporo,2.5,-6.3,-1.9,0,0,0
2025/12/03,hokuriku,13.35,15,18.8,8.7,osaka,8.7,-0.5,4.1,0,0,0
2025/12/03,kansai,12.43,12.09,17,8.7,osaka,8.7,-0.5,4.1,0,0,0
2025/12/03,kyushu,12.42,12.09,17,8.5,nagasaki,9,0.3,4.7,0,0,0
2025/12/03,shikoku,11.13,8.24,17,6.27,nagasaki,9,0.3,4.7,0,0,0
2025/12/03,system,12.7,13.13,16.34,10.07,tokyo,9.3,0.1,4.7,0,0,0
2025/12/03,tohoku,12.67,13.99,16.25,9.7,tokyo,9.3,0.1,4.7,0,0,0
2025/12/03,tokyo,12.99,13.99,16.25,10.34,tokyo,9.3,0.1,4.7,0,0,0
2025/12/04,chubu,13.55,12.35,18.08,8.7,osaka,8.9,0.7,4.8,0,0,0
2025/12/04,chugoku,13.55,12.35,18.08,8.7,osaka,8.9,0.7,4.8,0,0,0
2025/12/04,hokkaido,10.96,10.43,16,7.71,sapporo,0.6,-8.9,-4.2,0,0,0
2025/12/04,hokuriku,13.55,12.35,18.08,8.7,osaka,8.9,0.7,4.8,0,0,0
2025/12/04,kansai,13.55,12.35,18.08,8.7,osaka,8.9,0.7,4.8,0,0,0
2025/12/04,kyushu,13.52,12.35,18.08,8.06,nagasaki,10.2,0.8,5.5,0,0,0
2025/12/04,shikoku,12.57,10.29,18.08,0.02,nagasaki,10.2,0.8,5.5,0,0,0
2025/12/04,system,13.01,11.92,16.49,8.11,tokyo,9.5,1.3,5.4,0,0,0
2025/12/04,tohoku,10.71,10.43,16,4.37,tokyo,9.5,1.3,5.4,0,0,0
2025/12/04,tokyo,13.28,12.35,16.32,8.7,tokyo,9.5,1.3,5.4,0,0,0
2025/12/05,chubu,13.79,12.37,19.78,8.7,osaka,9.1,-0.1,4.5,0,0,0
2025/12/05,chugoku,13.31,11.79,19.78,7.54,osaka,9.1,-0.1,4.5,0,0,0
2025/12/05,hokkaido,12.42,12.2,17.12,9.41,sapporo,0.5,-7.7,-3.6,0,0,0
2025/12/05,hokuriku,13.59,11.79,19.78,8.7,osaka,9.1,-0.1,4.5,0,0,0
2025/12/05,kansai,13.59,11.79,19.78,8.7,osaka,9.1,-0.1,4.5,0,0,0
2025/12/05,kyushu,12.91,9.19,19.78,7.54,nagasaki,8.8,0.6,4.7,0,0,0
2025/12/05,shikoku,12.96,9.2,19.78,7.54,nagasaki,8.8,0.6,4.7,0,0,0
2025/12/05,system,13.24,11.64,18.01,8.28,tokyo,9.7,0.5,5.1,0,0,0
2025/12/05,tohoku,12.61,12.2,17.12,9.41,tokyo,9.7,0.5,5.1,0,0,0
2025/12/05,tokyo,13.38,12.37,17.12,10.13,tokyo,9.7,0.5,5.1,0,0,0
2025/12/06,chubu,11.48,8.78,17.04,2.93,osaka,9.3,1.1,5.2,0,1,0
2025/12/06,chugoku,11.44,8.69,17.04,2.93,osaka,9.3,1.1,5.2,0,1,0
2025/12/06,hokkaido,10.84,9.44,14.99,6.48,sapporo,1.2,-7.7,-3.3,0,1,0
2025/12/06,hokuriku,11.48,8.78,17.04,2.93,osaka,9.3,1.1,5.2,0,1,0
2025/12/06,kansai,11.48,8.78,17.04,2.93,osaka,9.3,1.1,5.2,0,1,0
2025/12/06,kyushu,10.8,6.51,17.04,0.01,nagasaki,10.8,2,6.4,0,1,0
2025/12/06,shikoku,11.44,8.69,17.04,2.93,nagasaki,10.8,2,6.4,0,1,0
2025/12/06,system,11.29,8.71,15.16,7.37,tokyo,7.4,-0.8,3.3,0,1,0
2025/12/06,tohoku,10.87,9.44,14.99,6.48,tokyo,7.4,-0.8,3.3,0,1,0
2025/12/06,tokyo,11.73,10.25,14.99,9.02,tokyo,7.4,-0.8,3.3,0,1,0
2025/12/07,chubu,9.69,8.07,12,3,osaka,9.5,0.2,4.8,0,1,0
2025/12/07,chugoku,9.53,7.89,12,3,osaka,9.5,0.2,4.8,0,1,0
2025/12/07,hokkaido,9.71,8.63,12,4,sapporo,1.2,-6.5,-2.6,0,1,0
2025/12/07,hokuriku,9.53,7.89,12,3,osaka,9.5,0.2,4.8,0,1,0
2025/12/07,kansai,9.53,7.89,12,3,osaka,9.5,0.2,4.8,0,1,0
2025/12/07,kyushu,8.78,5.16,12,0.01,nagasaki,9.4,1.8,5.6,0,1,0
2025/12/07,shikoku,9.53,7.89,12,3,nagasaki,9.4,1.8,5.6,0,1,0
2025/12/07,system,9.86,8.16,12,5.08,tokyo,7.6,-1.6,3,0,1,0
2025/12/07,tohoku,9.72,8.63,12,4,tokyo,7.6,-1.6,3,0,1,0
2025/12/07,tokyo,10.62,9.38,12,8,tokyo,7.6,-1.6,3,0,1,0
2025/12/08,chubu,11.26,10.89,14.7,9.41,osaka,9.8,1.5,5.7,0,0,0
2025/12/08,chugoku,10.38,9.19,14.7,7.75,osaka,9.8,1.5,5.7,0,0,0
2025/12/08,hokkaido,10.68,10.88,14.7,8.1,sapporo,1.8,-6.6,-2.4,0,0,0
2025/12/08,hokuriku,10.46,9.73,14.7,7.75,osaka,9.8,1.5,5.7,0,0,0
2025/12/08,kansai,10.46,9.73,14.7,7.75,osaka,9.8,1.5,5.7,0,0,0
2025/12/08,kyushu,10,8.22,14.7,7.75,nagasaki,8.9,0.7,4.8,0,0,0
2025/12/08,shikoku,10.09,8.57,14.7,7.72,nagasaki,8.9,0.7,4.8,0,0,0
2025/12/08,system,10.62,9.92,14.7,8.06,tokyo,7.8,-0.5,3.6,0,0,0
2025/12/08,tohoku,10.54,10.88,14.7,8.1,tokyo,7.8,-0.5,3.6,0,0,0
2025/12/08,tokyo,11.24,10.89,14.7,9.92,tokyo,7.8,-0.5,3.6,0,0,0
2025/12/09,chubu,12.44,11.47,18.25,8.24,osaka,7.5,-1.8,2.9,0,0,0
2025/12/09,chugoku,12.19,11.11,18.25,8.24,osaka,7.5,-1.8,2.9,0,0,0
2025/12/09,hokkaido,11.52,11.62,15.35,8,sapporo,0,-9.1,-4.5,0,0,0
2025/12/09,hokuriku,12.36,11.32,18.25,8.24,osaka,7.5,-1.8,2.9,0,0,0
2025/12/09,kansai,12.36,11.32,18.25,8.24,osaka,7.5,-1.8,2.9,0,0,0
2025/12/09,kyushu,11.55,7.88,18.25,7,nagasaki,10,1,5.5,0,0,0
2025/12/09,shikoku,11.64,8.9,18.25,4.7,nagasaki,10,1,5.5,0,0,0
2025/12/09,system,11.71,10.37,15.35,7.92,tokyo,8,-1.3,3.4,0,0,0
2025/12/09,tohoku,11.5,11.52,15.35,8,tokyo,8,-1.3,3.4,0,0,0
2025/12/09,tokyo,12.06,11.6,15.35,9.92,tokyo,8,-1.3,3.4,0,0,0
2025/12/10,chubu,12.76,11.94,18.25,8.18,osaka,8.1,0.4,4.3,0,0,0
2025/12/10,chugoku,12.44,10.02,18.25,8.18,osaka,8.1,0.4,4.3,0,0,0
2025/12/10,hokkaido,13.18,14.81,30,8.44,sapporo,1.6,-7.6,-3,0,0,0
2025/12/10,hokuriku,12.56,10.73,18.25,8.18,osaka,8.1,0.4,4.3,0,0,0
2025/12/10,kansai,12.56,10.73,18.25,8.18,osaka,8.1,0.4,4.3,0,0,0
2025/12/10,kyushu,12,8.73,18.25,7.76,nagasaki,8.6,0.1,4.3,0,0,0
2025/12/10,shikoku,12.43,9.94,18.25,7.82,nagasaki,8.6,0.1,4.3,0,0,0
2025/12/10,system,12.51,11.32,18.25,8.14,tokyo,8.7,1,4.8,0,0,0
2025/12/10,tohoku,12.66,12.08,18.25,8.44,tokyo,8.7,1,4.8,0,0,0
2025/12/10,tokyo,12.72,12.08,18.25,10.25,tokyo,8.7,1,4.8,0,0,0
2025/12/11,chubu,11.7,11.04,15.12,7.73,osaka,8.4,-0.4,4,0,0,0
2025/12/11,chugoku,11.26,9.95,15.12,7.73,osaka,8.4,-0.4,4,0,0,0
2025/12/11,hokkaido,20.84,40,50,10.72,sapporo,1.6,-6.4,-2.4,0,0,0
2025/12/11,hokuriku,11.37,9.95,15.12,7.73,osaka,8.4,-0.4,4,0,0,0
2025/12/11,kansai,11.37,9.95,15.12,7.73,osaka,8.4,-0.4,4,0,0,0
2025/12/11,kyushu,11.22,9.84,15.12,7.73,nagasaki,8,-1.2,3.4,0,0,0
2025/12/11,shikoku,10.9,9.71,15.1,6.49,nagasaki,8,-1.2,3.4,0,0,0
2025/12/11,system,11.82,10.97,15.1,8.29,tokyo,6.4,-2.3,2.1,0,0,0
2025/12/11,tohoku,11.55,10.43,15,8.05,tokyo,6.4,-2.3,2.1,0,0,0
2025/12/11,tokyo,11.99,11.09,15.12,10.3,tokyo,6.4,-2.3,2.1,0,0,0
2025/12/12,chubu,12.69,11.65,16.86,8.73,osaka,8.6,0.8,4.7,0,0,0
2025/12/12,chugoku,12.27,10.2,16.86,7.82,osaka,8.6,0.8,4.7,0,0,0
2025/12/12,hokkaido,14.55,15.82,17.9,8.68,sapporo,-0.2,-8.9,-4.5,0,0,0
2025/12/12,hokuriku,12.49,11.65,16.86,8.43,osaka,8.6,0.8,4.7,0,0,0
2025/12/12,kansai,12.49,11.65,16.86,8.43,osaka,8.6,0.8,4.7,0,0,0
2025/12/12,kyushu,12.03,9.3,16.86,7.82,nagasaki,9.2,1.3,5.3,0,0,0
2025/12/12,shikoku,11.99,9.23,16.86,7.7,nagasaki,9.2,1.3,5.3,0,0,0
2025/12/12,system,12.59,11.45,16.86,8.44,tokyo,6.6,-1.2,2.7,0,0,0
2025/12/12,tohoku,11.99,11.1,16.8,8,tokyo,6.6,-1.2,2.7,0,0,0
2025/12/12,tokyo,12.71,11.65,16.86,9.04,tokyo,6.6,-1.2,2.7,0,0,0
2025/12/13,chubu,11.1,9.85,14.27,7.92,osaka,8.8,0,4.4,0,1,0
2025/12/13,chugoku,10.93,9.85,14.27,7.92,osaka,8.8,0,4.4,0,1,0
2025/12/13,hokkaido,12.01,10.52,15.47,9.78,sapporo,-0.3,-7.8,-4,0,1,0
2025/12/13,hokuriku,11.05,9.85,14.27,7.92,osaka,8.8,0,4.4,0,1,0
2025/12/13,kansai,11.05,9.85,14.27,7.92,osaka,8.8,0,4.4,0,1,0
2025/12/13,kyushu,10.75,8.78,14.27,7.92,nagasaki,8.6,0,4.3,0,1,0
2025/12/13,shikoku,10.81,8.96,14.27,7.78,nagasaki,8.6,0,4.3,0,1,0
2025/12/13,system,11.21,10.13,14.37,8.27,tokyo,6.9,-1.9,2.5,0,1,0
2025/12/13,tohoku,11.19,10.52,14.27,8,tokyo,6.9,-1.9,2.5,0,1,0
2025/12/13,tokyo,11.45,10.55,14.27,9.78,tokyo,6.9,-1.9,2.5,0,1,0
2025/12/14,chubu,10.18,8.19,14.37,6.02,osaka,6.6,-1.2,2.7,0,1,0
2025/12/14,chugoku,8.93,7.66,11.85,6.02,osaka,6.6,-1.2,2.7,0,1,0
2025/12/14,hokkaido,21.95,43.33,50,10.88,sapporo,0.4,-7.8,-3.7,0,1,0
2025/12/14,hokuriku,8.93,7.66,11.85,6.02,osaka,6.6,-1.2,2.7,0,1,0
2025/12/14,kansai,8.93,7.66,11.85,6.02,osaka,6.6,-1.2,2.7,0,1,0
2025/12/14,kyushu,8.86,7.45,11.85,6.02,nagasaki,7.3,-2,2.6,0,1,0
2025/12/14,shikoku,8.92,7.52,11.85,6.02,nagasaki,7.3,-2,2.6,0,1,0
2025/12/14,system,10.19,8.67,12,8.06,tokyo,7.1,-0.7,3.2,0,1,0
2025/12/14,tohoku,11.48,10.47,15,10.35,tokyo,7.1,-0.7,3.2,0,1,0
2025/12/14,tokyo,11.48,10.47,15,10.35,tokyo,7.1,-0.7,3.2,0,1,0
2025/12/15,chubu,11.1,9.84,15.01,7.47,osaka,6.8,-2,2.4,0,0,0
2025/12/15,chugoku,10.37,8.54,15.01,7.47,osaka,6.8,-2,2.4,0,0,0
2025/12/15,hokkaido,10.87,11.48,17.31,9.73,sapporo,1.1,-7.8,-3.3,0,0,0
2025/12/15,hokuriku,10.67,9.1,15.01,7.47,osaka,6.8,-2,2.4,0,0,0
2025/12/15,kansai,10.67,9.1,15.01,7.47,osaka,6.8,-2,2.4,0,0,0
2025/12/15,kyushu,10.36,8.46,15.01,7.47,nagasaki,9.3,1.3,5.3,0,0,0
2025/12/15,shikoku,10.3,8.35,15.01,6.66,nagasaki,9.3,1.3,5.3,0,0,0
2025/12/15,system,10.84,9.45,15.01,7.87,tokyo,7.3,-1.5,2.9,0,0,0
2025/12/15,tohoku,10.08,9.51,15.01,5,tokyo,7.3,-1.5,2.9,0,0,0
2025/12/15,tokyo,11.3,10.45,15.01,9.5,tokyo,7.3,-1.5,2.9,0,0,0
2025/12/16,chubu,10.52,9.11,14.31,6.63,osaka,7,-0.9,3,0,0,0
2025/12/16,chugoku,9.88,8.55,14.04,6.63,osaka,7,-0.9,3,0,0,0
2025/12/16,hokkaido,12.04,12.03,16.98,9.86,sapporo,-1.4,-9.1,-5.3,0,0,0
2025/12/16,hokuriku,9.88,8.55,14.04,6.63,osaka,7,-0.9,3,0,0,0
2025/12/16,kansai,9.88,8.55,14.04,6.63,osaka,7,-0.9,3,0,0,0
2025/12/16,kyushu,9.84,8.28,14.04,6.63,nagasaki,8,-0.7,3.6,0,0,0
2025/12/16,shikoku,9.66,8.51,14.04,5,nagasaki,8,-0.7,3.6,0,0,0
2025/12/16,system,10.78,9.83,14.2,7.92,tokyo,7.6,-0.2,3.7,0,0,0
2025/12/16,tohoku,11.11,10.85,14.31,9.14,tokyo,7.6,-0.2,3.7,0,0,0
2025/12/16,tokyo,11.24,10.89,14.31,10.18,tokyo,7.6,-0.2,3.7,0,0,0
2025/12/17,chubu,11.19,11.44,14.58,7.75,osaka,7.3,-1.6,2.8,0,0,0
2025/12/17,chugoku,10.41,10.51,14,7.75,osaka,7.3,-1.6,2.8,0,0,0
2025/12/17,hokkaido,11.28,11.59,14.58,9.44,sapporo,-0.7,-9.1,-4.9,0,0,0
2025/12/17,hokuriku,10.41,10.51,14,7.75,osaka,7.3,-1.6,2.8,0,0,0
2025/12/17,kansai,10.41,10.51,14,7.75,osaka,7.3,-1.6,2.8,0,0,0
2025/12/17,kyushu,10.38,10.47,14,7.75,nagasaki,9.2,-0.3,4.4,0,0,0
2025/12/17,shikoku,10.1,10.51,14,7.71,nagasaki,9.2,-0.3,4.4,0,0,0
2025/12/17,system,10.96,10.99,13.98,9.04,tokyo,7.8,-1.1,3.3,0,0,0
2025/12/17,tohoku,11.28,11.59,14.58,9.44,tokyo,7.8,-1.1,3.3,0,0,0
2025/12/17,tokyo,11.41,11.59,14.58,9.59,tokyo,7.8,-1.1,3.3,0,0,0
2025/12/18,chubu,9.88,7.99,14.01,5,osaka,7.5,-0.4,3.5,0,0,0
2025/12/18,chugoku,9.19,7.78,12.8,5,osaka,7.5,-0.4,3.5,0,0,0
2025/12/18,hokkaido,11.9,13.51,17.25,8.17,sapporo,-0.8,-10,-5.4,0,0,0
2025/12/18,hokuriku,9.19,7.78,12.8,5,osaka,7.5,-0.4,3.5,0,0,0
2025/12/18,kansai,9.19,7.78,12.8,5,osaka,7.5,-0.4,3.5,0,0,0
2025/12/18,kyushu,9.19,7.78,12.8,5,nagasaki,8.7,0.6,4.6,0,0,0
2025/12/18,shikoku,9.18,7.72,12.8,5,nagasaki,8.7,0.6,4.6,0,0,0
2025/12/18,system,10.31,8.83,12.8,7.66,tokyo,5.6,-2.3,1.6,0,0,0
2025/12/18,tohoku,10.87,10.78,14,8.17,tokyo,5.6,-2.3,1.6,0,0,0
2025/12/18,tokyo,11.16,10.85,14.01,9.76,tokyo,5.6,-2.3,1.6,0,0,0
2025/12/19,chubu,10.83,10.11,15.08,6,osaka,7.8,-1.1,3.3,0,0,0
2025/12/19,chugoku,9.55,7.96,13.5,6,osaka,7.8,-1.1,3.3,0,0,0
2025/12/19,hokkaido,13.24,14.29,20,9.78,sapporo,0,-7.9,-4,0,0,0
2025/12/19,hokuriku,9.55,7.96,13.5,6,osaka,7.8,-1.1,3.3,0,0,0
2025/12/19,kansai,9.55,7.96,13.5,6,osaka,7.8,-1.1,3.3,0,0,0
2025/12/19,kyushu,9.55,7.96,13.5,6,nagasaki,7.4,-1.5,3,0,0,0
2025/12/19,shikoku,9.52,7.92,13.5,6,nagasaki,7.4,-1.5,3,0,0,0
2025/12/19,system,10.74,9.57,14.48,7.92,tokyo,5.8,-3.1,1.3,0,0,0
2025/12/19,tohoku,11.15,10.8,15.08,6.85,tokyo,5.8,-3.1,1.3,0,0,0
2025/12/19,tokyo,11.62,11.22,15.08,9.87,tokyo,5.8,-3.1,1.3,0,0,0
2025/12/20,chubu,8.61,8.1,9.31,7,osaka,6,-3.4,1.3,0,1,0
2025/12/20,chugoku,8.6,8.1,9.31,7,osaka,6,-3.4,1.3,0,1,0
2025/12/20,hokkaido,9.57,9.1,15,8,sapporo,-0.9,-8.9,-4.9,0,1,0
2025/12/20,hokuriku,8.6,8.1,9.31,7,osaka,6,-3.4,1.3,0,1,0
2025/12/20,kansai,8.6,8.1,9.31,7,osaka,6,-3.4,1.3,0,1,0
2025/12/20,kyushu,8.6,8.1,9.31,7,nagasaki,8.5,0.1,4.3,0,1,0
2025/12/20,shikoku,8.58,8.1,9.3,7,nagasaki,8.5,0.1,4.3,0,1,0
2025/12/20,system,9.11,8.82,9.72,7.67,tokyo,6.5,-2.8,1.9,0,1,0
2025/12/20,tohoku,8.98,8.33,10.11,6.21,tokyo,6.5,-2.8,1.9,0,1,0
2025/12/20,tokyo,9.63,9.65,10.11,9.33,tokyo,6.5,-2.8,1.9,0,1,0
2025/12/21,chubu,8.49,7.99,9.52,6.85,osaka,6.2,-2.2,2,0,1,0
2025/12/21,chugoku,8.48,7.99,9.52,6.85,osaka,6.2,-2.2,2,0,1,0
2025/12/21,hokkaido,9.7,10.04,12.36,8.66,sapporo,-0.2,-8.9,-4.5,0,1,0
2025/12/21,hokuriku,8.48,7.99,9.52,6.85,osaka,6.2,-2.2,2,0,1,0
2025/12/21,kansai,8.48,7.99,9.52,6.85,osaka,6.2,-2.2,2,0,1,0
2025/12/21,kyushu,8.37,7.91,9.52,6.85,nagasaki,7.9,-1.2,3.4,0,1,0
2025/12/21,shikoku,8.48,7.99,9.52,6.85,nagasaki,7.9,-1.2,3.4,0,1,0
2025/12/21,system,9.09,8.75,10.15,7.77,tokyo,6.8,-1.6,2.6,0,1,0
2025/12/21,tohoku,9.65,10.04,12.36,8.66,tokyo,6.8,-1.6,2.6,0,1,0
2025/12/21,tokyo,10.29,10.04,17,8.89,tokyo,6.8,-1.6,2.6,0,1,0
2025/12/22,chubu,9.52,8.98,12.89,7,osaka,6.5,-2.9,1.8,0,0,0
2025/12/22,chugoku,9.44,8.98,12.89,7,osaka,6.5,-2.9,1.8,0,0,0
2025/12/22,hokkaido,12.45,14.24,30,8.6,sapporo,-0.2,-9.7,-4.9,0,0,0
2025/12/22,hokuriku,9.44,8.98,12.89,7,osaka,6.5,-2.9,1.8,0,0,0
2025/12/22,kansai,9.44,8.98,12.89,7,osaka,6.5,-2.9,1.8,0,0,0
2025/12/22,kyushu,9.32,8.59,12.89,7,nagasaki,6.7,-1.1,2.8,0,0,0
2025/12/22,shikoku,9.37,8.58,12.89,7,nagasaki,6.7,-1.1,2.8,0,0,0
2025/12/22,system,9.65,9.04,13.01,7.78,tokyo,7.1,-2.3,2.4,0,0,0
2025/12/22,tohoku,9.85,9.63,12.89,7.99,tokyo,7.1,-2.3,2.4,0,0,0
2025/12/22,tokyo,10.02,9.65,12.89,8.88,tokyo,7.1,-2.3,2.4,0,0,0
2025/12/23,chubu,9.9,9.11,13.56,7,osaka,6.8,-1.6,2.6,0,0,0
2025/12/23,chugoku,9.69,8.54,13.56,7,osaka,6.8,-1.6,2.6,0,0,0
2025/12/23,hokkaido,13.72,13.13,30,7.67,sapporo,-2,-10.2,-6.1,0,0,0
2025/12/23,hokuriku,9.71,8.54,13.56,7,osaka,6.8,-1.6,2.6,0,0,0
2025/12/23,kansai,9.71,8.54,13.56,7,osaka,6.8,-1.6,2.6,0,0,0
2025/12/23,kyushu,9.55,8.09,13.56,6.95,nagasaki,6.1,-2.4,1.8,0,0,0
2025/12/23,shikoku,9.69,8.54,13.56,7,nagasaki,6.1,-2.4,1.8,0,0,0
2025/12/23,system,9.94,8.78,13.63,7.37,tokyo,4.8,-3.6,0.6,0,0,0
2025/12/23,tohoku,9.83,9.68,13.56,5.5,tokyo,4.8,-3.6,0.6,0,0,0
2025/12/23,tokyo,10.29,9.75,13.56,7.87,tokyo,4.8,-3.6,0.6,0,0,0
2025/12/24,chubu,11.07,12.93,15,7.72,osaka,7,-2.4,2.3,0,0,0
2025/12/24,chugoku,10.33,12.28,12.84,7.72,osaka,7,-2.4,2.3,0,0,0
2025/12/24,hokkaido,11.41,12.93,15,9.31,sapporo,-2,-10.9,-6.5,0,0,0
2025/12/24,hokuriku,10.33,12.28,12.84,7.72,osaka,7,-2.4,2.3,0,0,0
2025/12/24,kansai,10.33,12.28,12.84,7.72,osaka,7,-2.4,2.3,0,0,0
2025/12/24,kyushu,10.33,12.28,12.84,7.72,nagasaki,7.4,-1.8,2.8,0,0,0
2025/12/24,shikoku,10.33,12.28,12.84,7.72,nagasaki,7.4,-1.8,2.8,0,0,0
2025/12/24,system,11.01,12.58,13.5,8.87,tokyo,5.1,-4.3,0.4,0,0,0
2025/12/24,tohoku,11.31,12.93,15,9.31,tokyo,5.1,-4.3,0.4,0,0,0
2025/12/24,tokyo,11.55,12.93,15,9.31,tokyo,5.1,-4.3,0.4,0,0,0
2025/12/25,chubu,10.06,10.9,12.5,8,osaka,7.3,-1.2,3,0,0,0
2025/12/25,chugoku,9.56,9.49,11.73,7.99,osaka,7.3,-1.2,3,0,0,0
2025/12/25,hokkaido,12.85,14.69,29.17,9.35,sapporo,-1.2,-8.8,-5,0,0,0
2025/12/25,hokuriku,9.56,9.49,11.73,7.99,osaka,7.3,-1.2,3,0,0,0
2025/12/25,kansai,9.56,9.49,11.73,7.99,osaka,7.3,-1.2,3,0,0,0
2025/12/25,kyushu,9.35,8.62,11.73,7.99,nagasaki,6.9,-1,3,0,0,0
2025/12/25,shikoku,9.56,9.49,11.73,7.99,nagasaki,6.9,-1,3,0,0,0
2025/12/25,system,10.22,10.46,12.33,8.82,tokyo,5.4,-3,1.2,0,0,0
2025/12/25,tohoku,10.65,11.73,12.88,9.17,tokyo,5.4,-3,1.2,0,0,0
2025/12/25,tokyo,10.65,11.73,12.88,9.17,tokyo,5.4,-3,1.2,0,0,0
2025/12/26,chubu,9.79,9.41,11.5,7.77,osaka,7.6,-1.9,2.8,0,0,0
2025/12/26,chugoku,9.78,9.41,11.5,7.77,osaka,7.6,-1.9,2.8,0,0,0
2025/12/26,hokkaido,9.7,9.06,15.84,7.67,sapporo,-0.5,-8.8,-4.7,0,0,0
2025/12/26,hokuriku,9.78,9.41,11.5,7.77,osaka,7.6,-1.9,2.8,0,0,0
2025/12/26,kansai,9.78,9.41,11.5,7.77,osaka,7.6,-1.9,2.8,0,0,0
2025/12/26,kyushu,9.66,8.86,11.5,7.77,nagasaki,8.1,-0.5,3.8,0,0,0
2025/12/26,shikoku,9.51,8.28,11.5,7.77,nagasaki,8.1,-0.5,3.8,0,0,0
2025/12/26,system,9.79,9.21,11.37,8.21,tokyo,5.6,-3.9,0.8,0,0,0
2025/12/26,tohoku,9.1,8.21,11.08,5.8,tokyo,5.6,-3.9,0.8,0,0,0
2025/12/26,tokyo,10.04,9.45,11.98,8.7,tokyo,5.6,-3.9,0.8,0,0,0
2025/12/27,chubu,9.03,7.41,11.16,5.5,osaka,5.4,-3.1,1.2,0,1,0
2025/12/27,chugoku,8.9,7.41,11.16,5.5,osaka,5.4,-3.1,1.2,0,1,0
2025/12/27,hokkaido,9.4,8.8,10.81,7.52,sapporo,-0.5,-9.6,-5,0,1,0
2025/12/27,hokuriku,8.9,7.41,11.16,5.5,osaka,5.4,-3.1,1.2,0,1,0
2025/12/27,kansai,8.9,7.41,11.16,5.5,osaka,5.4,-3.1,1.2,0,1,0
2025/12/27,kyushu,8.84,7,11.16,5.5,nagasaki,6.8,-2.6,2.1,0,1,0
2025/12/27,shikoku,8.73,6.57,11.16,4,nagasaki,6.8,-2.6,2.1,0,1,0
2025/12/27,system,9.41,8.28,11,7.5,tokyo,5.9,-2.6,1.7,0,1,0
2025/12/27,tohoku,9.2,8.65,10.81,5,tokyo,5.9,-2.6,1.7,0,1,0
2025/12/27,tokyo,9.81,9.03,11.16,8.67,tokyo,5.9,-2.6,1.7,0,1,0
2025/12/28,chubu,8.07,6.16,10,3,osaka,5.7,-1.8,2,0,1,0
2025/12/28,chugoku,8.02,6.16,9.89,3,osaka,5.7,-1.8,2,0,1,0
2025/12/28,hokkaido,10.4,8.14,18,6,sapporo,-2.2,-10,-6.1,0,1,0
2025/12/28,hokuriku,8.02,6.16,9.89,3,osaka,5.7,-1.8,2,0,1,0
2025/12/28,kansai,8.02,6.16,9.89,3,osaka,5.7,-1.8,2,0,1,0
2025/12/28,kyushu,7.73,4.82,9.89,0.01,nagasaki,6.3,-1.7,2.3,0,1,0
2025/12/28,shikoku,7.96,6.06,9.89,3,nagasaki,6.3,-1.7,2.3,0,1,0
2025/12/28,system,8.83,6.88,11.26,2.01,tokyo,6.2,-1.3,2.5,0,1,0
2025/12/28,tohoku,10.03,7.63,18,3,tokyo,6.2,-1.3,2.5,0,1,0
2025/12/28,tokyo,10.79,7.63,18.06,3,tokyo,6.2,-1.3,2.5,0,1,0
2025/12/29,chubu,8.54,7.07,9.89,3.5,osaka,6,-2.5,1.8,0,0,0
2025/12/29,chugoku,8.19,7.07,9.86,3.5,osaka,6,-2.5,1.8,0,0,0
2025/12/29,hokkaido,9.76,8.94,14.01,8.24,sapporo,-2.2,-10.8,-6.5,0,0,0
2025/12/29,hokuriku,8.19,7.07,9.86,3.5,osaka,6,-2.5,1.8,0,0,0
2025/12/29,kansai,8.19,7.07,9.86,3.5,osaka,6,-2.5,1.8,0,0,0
2025/12/29,kyushu,8.17,6.92,9.86,3.5,nagasaki,7.6,-1.2,3.2,0,0,0
2025/12/29,shikoku,8.19,7.07,9.86,3.5,nagasaki,7.6,-1.2,3.2,0,0,0
2025/12/29,system,8.98,7.66,10.28,6.05,tokyo,6.5,-2,2.3,0,0,0
2025/12/29,tohoku,9.39,8.21,14.01,5.73,tokyo,6.5,-2,2.3,0,0,0
2025/12/29,tokyo,10.41,8.98,18.04,8.67,tokyo,6.5,-2,2.3,0,0,0
2025/12/30,chubu,8.04,5.15,9.89,3,osaka,5.9,-3.2,1.4,0,0,0
2025/12/30,chugoku,7.34,5.15,9.68,3,osaka,5.9,-3.2,1.4,0,0,0
2025/12/30,hokkaido,9.04,7.87,10.46,6,sapporo,-0.5,-9.2,-4.8,0,0,0
2025/12/30,hokuriku,7.34,5.15,9.68,3,osaka,5.9,-3.2,1.4,0,0,0
2025/12/30,kansai,7.34,5.15,9.68,3,osaka,5.9,-3.2,1.4,0,0,0
2025/12/30,kyushu,7.34,5.15,9.68,3,nagasaki,6.9,-1.4,2.8,0,0,0
2025/12/30,shikoku,6.79,5.15,9,3,nagasaki,6.9,-1.4,2.8,0,0,0
2025/12/30,system,8.21,6.25,9.8,4,tokyo,6.5,-2.5,2,0,0,0
2025/12/30,tohoku,8.71,7.13,10.46,4.28,tokyo,6.5,-2.5,2,0,0,0
2025/12/30,tokyo,8.86,7.13,10.46,4.28,tokyo,6.5,-2.5,2,0,0,0
2025/12/31,chubu,7.22,4.48,9.62,0.01,osaka,6.2,-1.9,2.2,0,0,0
2025/12/31,chugoku,7.17,4.48,9.62,0.01,osaka,6.2,-1.9,2.2,0,0,0
2025/12/31,hokkaido,8.56,7.29,10.02,5,sapporo,-2.3,-11.7,-7,0,0,0
2025/12/31,hokuriku,7.17,4.48,9.62,0.01,osaka,6.2,-1.9,2.2,0,0,0
2025/12/31,kansai,7.17,4.48,9.62,0.01,osaka,6.2,-1.9,2.2,0,0,0
2025/12/31,kyushu,7.06,4.48,9.62,0.01,nagasaki,5.7,-3.3,1.2,0,0,0
2025/12/31,shikoku,7.17,4.48,9.62,0.01,nagasaki,5.7,-3.3,1.2,0,0,0
2025/12/31,system,7.86,5.87,9.56,3,tokyo,4.3,-3.8,0.3,0,0,0
2025/12/31,tohoku,8.65,7.29,10.02,5,tokyo,4.3,-3.8,0.3,0,0,0
2025/12/31,tokyo,8.65,7.29,10.02,5,tokyo,4.3,-3.8,0.3,0,0,0
2026/01/01,chubu,9.04,7.23,10.86,6.07,osaka,6,-2.9,1.6,0,0,0
2026/01/01,chugoku,8.54,7.2,10.5,6.07,osaka,6,-2.9,1.6,0,0,0
2026/01/01,hokkaido,9.06,7.58,10.86,6.07,sapporo,-2.1,-9.7,-5.9,0,0,0
2026/01/01,hokuriku,8.54,7.2,10.5,6.07,osaka,6,-2.9,1.6,0,0,0
2026/01/01,kansai,8.54,7.2,10.5,6.07,osaka,6,-2.9,1.6,0,0,0
2026/01/01,kyushu,8.53,7.09,10.5,6.07,nagasaki,6.4,-2.9,1.8,0,0,0
2026/01/01,shikoku,8.45,7.2,10.5,4.5,nagasaki,6.4,-2.9,1.8,0,0,0
2026/01/01,system,8.91,7.18,10.86,6.07,tokyo,4.1,-4.8,-0.4,0,0,0
2026/01/01,tohoku,9.01,7.35,10.86,6.07,tokyo,4.1,-4.8,-0.4,0,0,0
2026/01/01,tokyo,9.11,7.35,10.86,6.07,tokyo,4.1,-4.8,-0.4,0,0,0
2026/01/02,chubu,9.56,8.56,11.3,4.94,osaka,6.3,-1.6,2.3,0,0,0
2026/01/02,chugoku,9.19,8.15,11.3,4.94,osaka,6.3,-1.6,2.3,0,0,0
2026/01/02,hokkaido,10.3,9.81,18.05,8.24,sapporo,-2.1,-10.5,-6.3,0,0,0
2026/01/02,hokuriku,9.19,8.15,11.3,4.94,osaka,6.3,-1.6,2.3,0,0,0
2026/01/02,kansai,9.19,8.15,11.3,4.94,osaka,6.3,-1.6,2.3,0,0,0
2026/01/02,kyushu,9.06,7.16,11.3,4.94,nagasaki,5.9,-2.1,1.9,0,0,0
2026/01/02,shikoku,9.18,8.15,11.3,4.94,nagasaki,5.9,-2.1,1.9,0,0,0
2026/01/02,system,9.71,8.36,11.91,6.81,tokyo,4.4,-3.5,0.5,0,0,0
2026/01/02,tohoku,10.04,9.81,18.05,6.38,tokyo,4.4,-3.5,0.5,0,0,0
2026/01/02,tokyo,10.46,9.97,18.05,9.25,tokyo,4.4,-3.5,0.5,0,0,0
2026/01/03,chubu,9.51,8.04,11.14,6,osaka,6.6,-2.3,2.1,0,1,0
2026/01/03,chugoku,8.54,6.55,11,6,osaka,6.6,-2.3,2.1,0,1,0
2026/01/03,hokkaido,10.88,8.91,17.88,7.52,sapporo,-1.3,-10.4,-5.9,0,1,0
2026/01/03,hokuriku,8.75,6.55,11,6,osaka,6.6,-2.3,2.1,0,1,0
2026/01/03,kansai,8.54,6.55,11,6,osaka,6.6,-2.3,2.1,0,1,0
2026/01/03,kyushu,7.58,2.42,11,0.01,nagasaki,7.2,-1.5,2.9,0,1,0
2026/01/03,shikoku,8.49,6.55,11,5,nagasaki,7.2,-1.5,2.9,0,1,0
2026/01/03,system,9.27,7.21,11.14,5.9,tokyo,4.7,-4.2,0.3,0,1,0
2026/01/03,tohoku,9.68,8.31,11.24,6.42,tokyo,4.7,-4.2,0.3,0,1,0
2026/01/03,tokyo,9.68,8.31,11.24,6.42,tokyo,4.7,-4.2,0.3,0,1,0
2026/01/04,chubu,9.44,7.32,12.62,6.28,osaka,4.5,-3.4,0.6,0,1,0
2026/01/04,chugoku,8.69,6.97,11.48,6.28,osaka,4.5,-3.4,0.6,0,1,0
2026/01/04,hokkaido,9.72,8.28,14.72,7.52,sapporo,-1.3,-9.1,-5.2,0,1,0
2026/01/04,hokuriku,8.74,6.97,11.48,6.28,osaka,4.5,-3.4,0.6,0,1,0
2026/01/04,kansai,8.69,6.97,11.48,6.28,osaka,4.5,-3.4,0.6,0,1,0
2026/01/04,kyushu,8.69,6.97,11.48,6.28,nagasaki,6.7,-2.7,2,0,1,0
2026/01/04,shikoku,8.69,6.97,11.48,6.28,nagasaki,6.7,-2.7,2,0,1,0
2026/01/04,system,9.43,7.49,12,6.34,tokyo,5,-2.9,1.1,0,1,0
2026/01/04,tohoku,9.61,8.1,14.72,7,tokyo,5,-2.9,1.1,0,1,0
2026/01/04,tokyo,10.66,8.1,17.93,7,tokyo,5,-2.9,1.1,0,1,0
2026/01/05,chubu,10.82,10.49,14.51,9.5,osaka,4.8,-4.2,0.3,0,0,0
2026/01/05,chugoku,9.68,8.73,14.51,7.1,osaka,4.8,-4.2,0.3,0,0,0
2026/01/05,hokkaido,12.74,12.3,20,9.15,sapporo,-3,-11.5,-7.3,0,0,0
2026/01/05,hokuriku,9.9,10.04,14.51,7.1,osaka,4.8,-4.2,0.3,0,0,0
2026/01/05,kansai,9.68,8.73,14.51,7.1,osaka,4.8,-4.2,0.3,0,0,0
2026/01/05,kyushu,9.68,8.73,14.51,7.1,nagasaki,5.5,-2.6,1.4,0,0,0
2026/01/05,shikoku,7.78,5.75,14.51,3,nagasaki,5.5,-2.6,1.4,0,0,0
2026/01/05,system,10.61,9.93,14.51,8.99,tokyo,5.3,-3.6,0.8,0,0,0
2026/01/05,tohoku,11.14,11.08,15,9.15,tokyo,5.3,-3.6,0.8,0,0,0
2026/01/05,tokyo,11.27,11.08,15,9.58,tokyo,5.3,-3.6,0.8,0,0,0
2026/01/06,chubu,11.14,9.6,16.39,8.08,osaka,4.4,-3.7,0.4,0,0,0
2026/01/06,chugoku,10.39,8.35,15,8,osaka,4.4,-3.7,0.4,0,0,0
2026/01/06,hokkaido,17.49,15.9,35.98,9.25,sapporo,-2.2,-11.4,-6.8,0,0,0
2026/01/06,hokuriku,10.84,8.52,15.18,8.08,osaka,4.4,-3.7,0.4,0,0,0
2026/01/06,kansai,10.41,8.52,15,8,osaka,4.4,-3.7,0.4,0,0,0
2026/01/06,kyushu,10.25,8.04,15,7.92,nagasaki,5,-3.8,0.6,0,0,0
2026/01/06,shikoku,6.64,2.07,11.5,0.01,nagasaki,5,-3.8,0.6,0,0,0
2026/01/06,system,10.85,8.85,15,8.08,tokyo,4.9,-3.1,0.9,0,0,0
2026/01/06,tohoku,11.27,10.22,16.39,8.16,tokyo,4.9,-3.1,0.9,0,0,0
2026/01/06,tokyo,11.34,10.22,16.39,9.25,tokyo,4.9,-3.1,0.9,0,0,0
2026/01/07,chubu,12.45,9.31,22,6,osaka,4.7,-4.4,0.1,0,0,0
2026/01/07,chugoku,9.69,7.96,14.63,6,osaka,4.7,-4.4,0.1,0,0,0
2026/01/07,hokkaido,15.05,14.39,20.45,9.04,sapporo,-2.1,-10.1,-6.1,0,0,0
2026/01/07,hokuriku,10.17,7.96,15.03,6,osaka,4.7,-4.4,0.1,0,0,0
2026/01/07,kansai,9.69,7.96,14.63,6,osaka,4.7,-4.4,0.1,0,0,0
2026/01/07,kyushu,9.69,7.96,14.63,6,nagasaki,6.3,-1.2,2.5,0,0,0
2026/01/07,shikoku,7.39,7.37,13.38,5,nagasaki,6.3,-1.2,2.5,0,0,0
2026/01/07,system,11.23,8.73,17.06,8.03,tokyo,5.2,-3.9,0.7,0,0,0
2026/01/07,tohoku,12.28,10.8,18.3,9.04,tokyo,5.2,-3.9,0.7,0,0,0
2026/01/07,tokyo,12.89,10.8,22,9.85,tokyo,5.2,-3.9,0.7,0,0,0
2026/01/08,chubu,12.34,10.77,21.9,8.14,osaka,5,-3.1,0.9,0,0,0
2026/01/08,chugoku,10.89,9.24,17.06,8.08,osaka,5,-3.1,0.9,0,0,0
2026/01/08,hokkaido,12.12,14.38,20,9,sapporo,-1.4,-10.1,-5.8,0,0,0
2026/01/08,hokuriku,11.19,9.24,17.06,8.08,osaka,5,-3.1,0.9,0,0,0
2026/01/08,kansai,10.89,9.24,17.06,8.08,osaka,5,-3.1,0.9,0,0,0
2026/01/08,kyushu,10.67,8.26,17.06,7.92,nagasaki,5.1,-3.2,0.9,0,0,0
2026/01/08,shikoku,6.99,6.92,9.65,0.01,nagasaki,5.1,-3.2,0.9,0,0,0
2026/01/08,system,11.26,9.66,16.36,8.08,tokyo,5.6,-2.5,1.5,0,0,0
2026/01/08,tohoku,11.32,10.77,16.56,8.77,tokyo,5.6,-2.5,1.5,0,0,0
2026/01/08,tokyo,12.37,10.77,21.9,8.77,tokyo,5.6,-2.5,1.5,0,0,0
2026/01/09,chubu,12.22,10.23,17.06,7.47,osaka,5.3,-3.8,0.8,0,0,0
2026/01/09,chugoku,11.28,8.24,17.06,5.5,osaka,5.3,-3.8,0.8,0,0,0
2026/01/09,hokkaido,11.59,10.33,17.06,8.6,sapporo,-1.3,-8.8,-5.1,0,0,0
2026/01/09,hokuriku,11.58,8.39,17.06,7.47,osaka,5.3,-3.8,0.8,0,0,0
2026/01/09,kansai,11.41,8.39,17.06,7.47,osaka,5.3,-3.8,0.8,0,0,0
2026/01/09,kyushu,11.28,8.22,17.06,5.5,nagasaki,7.2,-1.7,2.8,0,0,0
2026/01/09,shikoku,7.01,6.32,10.91,1,nagasaki,7.2,-1.7,2.8,0,0,0
2026/01/09,system,11.51,8.91,16.26,7.61,tokyo,5.9,-3.2,1.4,0,0,0
2026/01/09,tohoku,11.55,10.33,17.06,8.17,tokyo,5.9,-3.2,1.4,0,0,0
2026/01/09,tokyo,12.22,10.33,17.06,9.25,tokyo,5.9,-3.2,1.4,0,0,0
2026/01/10,chubu,10.02,8.76,13.5,6,osaka,6.1,-1.5,2.3,0,1,0
2026/01/10,chugoku,8.34,7.13,11,6,osaka,6.1,-1.5,2.3,0,1,0
2026/01/10,hokkaido,10.5,10.49,15.59,9.06,sapporo,-2.1,-9.7,-5.9,0,1,0
2026/01/10,hokuriku,8.34,7.13,11,6,osaka,6.1,-1.5,2.3,0,1,0
2026/01/10,kansai,8.34,7.13,11,6,osaka,6.1,-1.5,2.3,0,1,0
2026/01/10,kyushu,8.34,7.13,11,6,nagasaki,5.8,-2.7,1.5,0,1,0
2026/01/10,shikoku,5.57,3.21,9,0.01,nagasaki,5.8,-2.7,1.5,0,1,0
2026/01/10,system,9.37,7.91,11.9,6.98,tokyo,4.2,-3.3,0.5,0,1,0
2026/01/10,tohoku,9.87,8.6,13.5,5.01,tokyo,4.2,-3.3,0.5,0,1,0
2026/01/10,tokyo,10.26,9.24,13.5,8.71,tokyo,4.2,-3.3,0.5,0,1,0
2026/01/11,chubu,9.7,8.83,12,6.71,osaka,6.5,-2.1,2.2,0,1,0
2026/01/11,chugoku,8.81,7.67,12,6.71,osaka,6.5,-2.1,2.2,0,1,0
2026/01/11,hokkaido,9.42,8.95,10.95,6.09,sapporo,-1.3,-9.6,-5.5,0,1,0
2026/01/11,hokuriku,8.81,7.67,12,6.71,osaka,6.5,-2.1,2.2,0,1,0
2026/01/11,kansai,8.81,7.67,12,6.71,osaka,6.5,-2.1,2.2,0,1,0
2026/01/11,kyushu,8.81,7.67,12,6.71,nagasaki,7.1,-2.1,2.5,0,1,0
2026/01/11,shikoku,7.7,7.38,11.45,6.37,nagasaki,7.1,-2.1,2.5,0,1,0
2026/01/11,system,9.43,8.31,11.5,7.15,tokyo,4.5,-4.1,0.2,0,1,0
2026/01/11,tohoku,9.42,8.95,10.95,6.09,tokyo,4.5,-4.1,0.2,0,1,0
2026/01/11,tokyo,9.93,9.41,12,8.83,tokyo,4.5,-4.1,0.2,0,1,0
2026/01/12,chubu,11.62,9.9,17.19,8.83,osaka,4.3,-3.3,0.5,0,0,0
2026/01/12,chugoku,9.27,7.77,13.24,6.44,osaka,4.3,-3.3,0.5,0,0,0
2026/01/12,hokkaido,10.36,9.06,13.24,7.22,sapporo,-3,-12,-7.5,0,0,0
2026/01/12,hokuriku,9.44,7.77,13.24,6.44,osaka,4.3,-3.3,0.5,0,0,0
2026/01/12,kansai,9.27,7.77,13.24,6.44,osaka,4.3,-3.3,0.5,0,0,0
2026/01/12,kyushu,9.27,7.77,13.24,6.44,nagasaki,6.7,-1.2,2.8,0,0,0
2026/01/12,shikoku,7.66,7.45,11.34,6.37,nagasaki,6.7,-1.2,2.8,0,0,0
2026/01/12,system,10.56,8.55,13.95,7.69,tokyo,4.9,-2.7,1.1,0,0,0
2026/01/12,tohoku,10.31,9.06,13.24,5.01,tokyo,4.9,-2.7,1.1,0,0,0
2026/01/12,tokyo,11.63,9.9,17.19,8.83,tokyo,4.9,-2.7,1.1,0,0,0
2026/01/13,chubu,12,10.33,20,8.89,osaka,4.7,-3.9,0.4,0,0,0
2026/01/13,chugoku,9.41,8.04,13.88,7.73,osaka,4.7,-3.9,0.4,0,0,0
2026/01/13,hokkaido,12.23,13.24,20,9.07,sapporo,-2.9,-10.7,-6.8,0,0,0
2026/01/13,hokuriku,9.41,8.04,13.88,7.73,osaka,4.7,-3.9,0.4,0,0,0
2026/01/13,kansai,9.41,8.04,13.88,7.73,osaka,4.7,-3.9,0.4,0,0,0
2026/01/13,kyushu,9.36,7.97,13.88,7.73,nagasaki,5.5,-3.1,1.2,0,0,0
2026/01/13,shikoku,6.59,7.19,9,0.01,nagasaki,5.5,-3.1,1.2,0,0,0
2026/01/13,system,10.61,8.88,14,7.93,tokyo,5.2,-3.4,0.9,0,0,0
2026/01/13,tohoku,11.85,10.25,20,8.55,tokyo,5.2,-3.4,0.9,0,0,0
2026/01/13,tokyo,11.99,10.25,20,8.89,tokyo,5.2,-3.4,0.9,0,0,0
2026/01/14,chubu,12.31,11.01,22.35,8.01,osaka,5,-2.6,1.2,0,0,0
2026/01/14,chugoku,10.82,8.16,15.02,5.5,osaka,5,-2.6,1.2,0,0,0
2026/01/14,hokkaido,11.87,11.01,16,9.72,sapporo,-2.1,-10.6,-6.3,0,0,0
2026/01/14,hokuriku,11.19,8.33,15.31,8.01,osaka,5,-2.6,1.2,0,0,0
2026/01/14,kansai,11.13,8.33,15.02,8.01,osaka,5,-2.6,1.2,0,0,0
2026/01/14,kyushu,10.49,7.56,15.02,1,nagasaki,5.1,-4.2,0.4,0,0,0
2026/01/14,shikoku,8.25,6.13,14.21,0.01,nagasaki,5.1,-4.2,0.4,0,0,0
2026/01/14,system,11.55,9.42,15,7.86,tokyo,5.6,-2,1.8,0,0,0
2026/01/14,tohoku,11.87,11.01,16,9.72,tokyo,5.6,-2,1.8,0,0,0
2026/01/14,tokyo,12.17,11.01,16,9.72,tokyo,5.6,-2,1.8,0,0,0
2026/01/15,chubu,12.56,11.27,20,9.57,osaka,5.4,-3.3,1.1,0,0,0
2026/01/15,chugoku,9.86,8.09,17.32,7.93,osaka,5.4,-3.3,1.1,0,0,0
2026/01/15,hokkaido,12.79,11.52,20,9.57,sapporo,-2,-11.3,-6.7,0,0,0
2026/01/15,hokuriku,9.87,8.09,17.32,7.93,osaka,5.4,-3.3,1.1,0,0,0
2026/01/15,kansai,9.87,8.09,17.32,7.93,osaka,5.4,-3.3,1.1,0,0,0
2026/01/15,kyushu,9.83,8.05,17.32,7.93,nagasaki,6.4,-1.6,2.4,0,0,0
2026/01/15,shikoku,8.5,8.09,13.52,2,nagasaki,6.4,-1.6,2.4,0,0,0
2026/01/15,system,11.43,9.9,15.53,8.24,tokyo,3.4,-5.2,-0.9,0,0,0
2026/01/15,tohoku,12.39,11.27,20,9.57,tokyo,3.4,-5.2,-0.9,0,0,0
2026/01/15,tokyo,12.41,11.27,20,9.57,tokyo,3.4,-5.2,-0.9,0,0,0
2026/01/16,chubu,9.44,5.75,13.93,3,osaka,5.7,-2,1.9,0,0,0
2026/01/16,chugoku,7.97,4.78,11.74,0.01,osaka,5.7,-2,1.9,0,0,0
2026/01/16,hokkaido,11.22,14,20,9.1,sapporo,-3.7,-11.7,-7.7,0,0,0
2026/01/16,hokuriku,8.26,4.78,11.74,0.01,osaka,5.7,-2,1.9,0,0,0
2026/01/16,kansai,7.97,4.78,11.74,0.01,osaka,5.7,-2,1.9,0,0,0
2026/01/16,kyushu,7.83,4.11,11.74,0.01,nagasaki,6,-2.7,1.6,0,0,0
2026/01/16,shikoku,6.87,2.6,11.74,0.01,nagasaki,6,-2.7,1.6,0,0,0
2026/01/16,system,9.74,8,12.44,5.5,tokyo,3.8,-3.9,-0.1,0,0,0
2026/01/16,tohoku,10.56,9.52,13.93,8.92,tokyo,3.8,-3.9,-0.1,0,0,0
2026/01/16,tokyo,10.59,9.52,13.93,8.92,tokyo,3.8,-3.9,-0.1,0,0,0
2026/01/17,chubu,8.28,2.94,13.34,0.02,osaka,6.1,-2.6,1.7,0,1,0
2026/01/17,chugoku,6.66,0.59,11,0.01,osaka,6.1,-2.6,1.7,0,1,0
2026/01/17,hokkaido,13.47,10.92,30,8.14,sapporo,-2.8,-11.5,-7.2,0,1,0
2026/01/17,hokuriku,8.28,2.94,13.34,0.02,osaka,6.1,-2.6,1.7,0,1,0
2026/01/17,kansai,6.66,0.59,11,0.01,osaka,6.1,-2.6,1.7,0,1,0
2026/01/17,kyushu,6.57,0.51,11,0.01,nagasaki,4.8,-4.6,0.1,0,1,0
2026/01/17,shikoku,6.43,0.1,11,0.01,nagasaki,4.8,-4.6,0.1,0,1,0
2026/01/17,system,8.63,4.66,12.13,1,tokyo,4.2,-4.5,-0.1,0,1,0
2026/01/17,tohoku,10.01,8.54,13.34,7.57,tokyo,4.2,-4.5,-0.1,0,1,0
2026/01/17,tokyo,10.01,8.54,13.34,7.57,tokyo,4.2,-4.5,-0.1,0,1,0
2026/01/18,chubu,8.82,6.43,12.93,3,osaka,4,-3.7,0.1,0,1,0
2026/01/18,chugoku,6.92,1.62,11.5,0.01,osaka,4,-3.7,0.1,0,1,0
2026/01/18,hokkaido,10.78,8.71,17.35,7.55,sapporo,-2.8,-12.3,-7.6,0,1,0
2026/01/18,hokuriku,7.9,1.62,12.93,0.01,osaka,4,-3.7,0.1,0,1,0
2026/01/18,kansai,6.92,1.62,11.5,0.01,osaka,4,-3.7,0.1,0,1,0
2026/01/18,kyushu,6.92,1.62,11.5,0.01,nagasaki,6.1,-2.1,2,0,1,0
2026/01/18,shikoku,6.68,0.42,11.5,0.01,nagasaki,6.1,-2.1,2,0,1,0
2026/01/18,system,8.33,4.22,12.62,1,tokyo,4.5,-3.2,0.6,0,1,0
2026/01/18,tohoku,10.01,7.53,17.35,5.5,tokyo,4.5,-3.2,0.6,0,1,0
2026/01/18,tokyo,10.21,8.35,17.35,5.5,tokyo,4.5,-3.2,0.6,0,1,0
2026/01/19,chubu,11.75,8.95,28,5.5,osaka,4.4,-4.3,0.1,0,0,0
2026/01/19,chugoku,9.63,8.22,16,5.5,osaka,4.4,-4.3,0.1,0,0,0
2026/01/19,hokkaido,23.92,25.66,50,9.31,sapporo,-1.9,-10.1,-6,0,0,0
2026/01/19,hokuriku,10.12,8.22,17.5,5.5,osaka,4.4,-4.3,0.1,0,0,0
2026/01/19,kansai,9.63,8.22,16,5.5,osaka,4.4,-4.3,0.1,0,0,0
2026/01/19,kyushu,9.62,8.17,16,5.5,nagasaki,5.7,-3.1,1.3,0,0,0
2026/01/19,shikoku,8.29,4.32,14.48,0.01,nagasaki,5.7,-3.1,1.3,0,0,0
2026/01/19,system,11.32,9.28,17.5,8,tokyo,4.9,-3.8,0.6,0,0,0
2026/01/19,tohoku,14,11.15,28,9.31,tokyo,4.9,-3.8,0.6,0,0,0
2026/01/19,tokyo,14,11.15,28,9.31,tokyo,4.9,-3.8,0.6,0,0,0
2026/01/20,chubu,11.95,10.46,19,8.01,osaka,5.2,-4,0.6,0,0,0
2026/01/20,chugoku,10.8,10.06,16.04,7.39,osaka,5.2,-4,0.6,0,0,0
2026/01/20,hokkaido,13.63,12.29,19,9.78,sapporo,-2.6,-10.9,-6.8,0,0,0
2026/01/20,hokuriku,11.09,10.06,16.04,7.39,osaka,5.2,-4,0.6,0,0,0
2026/01/20,kansai,10.8,10.06,16.04,7.39,osaka,5.2,-4,0.6,0,0,0
2026/01/20,kyushu,10.44,8.53,16.04,7.39,nagasaki,6.9,-1.5,2.7,0,0,0
2026/01/20,shikoku,8.14,8.46,13,7.39,nagasaki,6.9,-1.5,2.7,0,0,0
2026/01/20,system,11.49,10.15,17.22,8.89,tokyo,5.7,-3.5,1.1,0,0,0
2026/01/20,tohoku,12.12,10.86,19,8.9,tokyo,5.7,-3.5,1.1,0,0,0
2026/01/20,tokyo,12.19,10.86,19,9.78,tokyo,5.7,-3.5,1.1,0,0,0
2026/01/21,chubu,14.09,10.74,25.12,8.43,osaka,5.5,-2.7,1.4,0,0,0
2026/01/21,chugoku,12.18,9.63,17.31,8.13,osaka,5.5,-2.7,1.4,0,0,0
2026/01/21,hokkaido,15.5,12.03,25.12,9.79,sapporo,-2.5,-11.6,-7,0,0,0
2026/01/21,hokuriku,12.74,9.63,22,8.13,osaka,5.5,-2.7,1.4,0,0,0
2026/01/21,kansai,12.18,9.63,17.31,8.13,osaka,5.5,-2.7,1.4,0,0,0
2026/01/21,kyushu,11.87,8.46,17.31,7.92,nagasaki,5.8,-3.3,1.3,0,0,0
2026/01/21,shikoku,10.93,9.12,15.28,7.51,nagasaki,5.8,-3.3,1.3,0,0,0
2026/01/21,system,13.37,10.2,20,8.97,tokyo,3.6,-4.6,-0.5,0,0,0
2026/01/21,tohoku,14.26,10.93,25.12,9.79,tokyo,3.6,-4.6,-0.5,0,0,0
2026/01/21,tokyo,14.26,10.93,25.12,9.79,tokyo,3.6,-4.6,-0.5,0,0,0
2026/01/22,chubu,13.88,10.76,22.37,8.43,osaka,5.9,-3.3,1.3,0,0,0
2026/01/22,chugoku,13.65,10.76,22.37,8.43,osaka,5.9,-3.3,1.3,0,0,0
2026/01/22,hokkaido,16.33,13.37,30,9.64,sapporo,-1.7,-9.5,-5.6,0,0,0
2026/01/22,hokuriku,13.88,10.76,22.37,8.43,osaka,5.9,-3.3,1.3,0,0,0
2026/01/22,kansai,13.65,10.76,22.37,8.43,osaka,5.9,-3.3,1.3,0,0,0
2026/01/22,kyushu,13.65,10.76,22.37,8.43,nagasaki,5.4,-2.4,1.5,0,0,0
2026/01/22,shikoku,10.82,10.76,15.28,7.55,nagasaki,5.4,-2.4,1.5,0,0,0
2026/01/22,system,14,10.5,26.96,9.2,tokyo,4,-5.2,-0.6,0,0,0
2026/01/22,tohoku,13.85,10.76,22.37,9.49,tokyo,4,-5.2,-0.6,0,0,0
2026/01/22,tokyo,13.85,10.76,22.37,9.49,tokyo,4,-5.2,-0.6,0,0,0
2026/01/23,chubu,13.34,10.76,18.39,8.23,osaka,6.3,-1.9,2.2,0,0,0
2026/01/23,chugoku,13.34,10.76,18.39,8.23,osaka,6.3,-1.9,2.2,0,0,0
2026/01/23,hokkaido,15.18,17.89,30,9.78,sapporo,-3.3,-11.8,-7.6,0,0,0
2026/01/23,hokuriku,13.34,10.76,18.39,8.23,osaka,6.3,-1.9,2.2,0,0,0
2026/01/23,kansai,13.34,10.76,18.39,8.23,osaka,6.3,-1.9,2.2,0,0,0
2026/01/23,kyushu,13.34,10.76,18.39,8.23,nagasaki,6.7,-1.8,2.5,0,0,0
2026/01/23,shikoku,10.23,9.19,16.01,7.4,nagasaki,6.7,-1.8,2.5,0,0,0
2026/01/23,system,13.28,10.69,18.39,8.6,tokyo,4.4,-3.8,0.3,0,0,0
2026/01/23,tohoku,12.93,10.76,18.39,9.33,tokyo,4.4,-3.8,0.3,0,0,0
2026/01/23,tokyo,12.93,10.76,18.39,9.33,tokyo,4.4,-3.8,0.3,0,0,0
2026/01/24,chubu,11.86,8.65,15.5,8,osaka,4.2,-5.1,-0.4,0,1,0
2026/01/24,chugoku,11.5,8.46,15.5,8,osaka,4.2,-5.1,-0.4,0,1,0
2026/01/24,hokkaido,13.65,10.37,20.3,9.92,sapporo,-3.2,-12.4,-7.8,0,1,0
2026/01/24,hokuriku,11.73,8.46,15.5,8,osaka,4.2,-5.1,-0.4,0,1,0
2026/01/24,kansai,11.5,8.46,15.5,8,osaka,4.2,-5.1,-0.4,0,1,0
2026/01/24,kyushu,11.45,8.24,15.5,8,nagasaki,6.3,-2.9,1.7,0,1,0
2026/01/24,shikoku,10.78,5.67,15.5,0.02,nagasaki,6.3,-2.9,1.7,0,1,0
2026/01/24,system,11.93,8.91,15.5,8.09,tokyo,4.8,-4.4,0.2,0,1,0
2026/01/24,tohoku,12.46,10.37,15.5,9.92,tokyo,4.8,-4.4,0.2,0,1,0
2026/01/24,tokyo,12.46,10.37,15.5,9.92,tokyo,4.8,-4.4,0.2,0,1,0
2026/01/25,chubu,11.56,8.7,16.42,7.25,osaka,4.6,-3.7,0.4,0,1,0
2026/01/25,chugoku,10.81,7.99,16.42,7.25,osaka,4.6,-3.7,0.4,0,1,0
2026/01/25,hokkaido,12.89,10.47,17.45,9.03,sapporo,-2.4,-10.3,-6.4,0,1,0
2026/01/25,hokuriku,11.56,8.7,16.42,7.25,osaka,4.6,-3.7,0.4,0,1,0
2026/01/25,kansai,10.81,7.99,16.42,7.25,osaka,4.6,-3.7,0.4,0,1,0
2026/01/25,kyushu,10.42,6.2,16.42,2.01,nagasaki,5.2,-2.7,1.3,0,1,0
2026/01/25,shikoku,9.95,6.06,16.42,1,nagasaki,5.2,-2.7,1.3,0,1,0
2026/01/25,system,11.52,8.58,16.42,7.92,tokyo,5.2,-3.1,1.1,0,1,0
2026/01/25,tohoku,12.2,10.24,16.42,9.03,tokyo,5.2,-3.1,1.1,0,1,0
2026/01/25,tokyo,12.26,10.26,16.42,10.1,tokyo,5.2,-3.1,1.1,0,1,0
2026/01/26,chubu,16.08,11.35,45.01,10.34,osaka,5,-4.3,0.4,0,0,0
2026/01/26,chugoku,14.98,10.45,30,9.23,osaka,5,-4.3,0.4,0,0,0
2026/01/26,hokkaido,16.77,12.41,45.01,10.34,sapporo,-2.2,-10.9,-6.6,0,0,0
2026/01/26,hokuriku,15.23,10.45,30,9.23,osaka,5,-4.3,0.4,0,0,0
2026/01/26,kansai,14.98,10.45,30,9.23,osaka,5,-4.3,0.4,0,0,0
2026/01/26,kyushu,14.74,9.74,30,8.23,nagasaki,4.8,-3.8,0.5,0,0,0
2026/01/26,shikoku,14.28,8.36,30,6.46,nagasaki,4.8,-3.8,0.5,0,0,0
2026/01/26,system,15.04,10.88,34.26,9.57,tokyo,5.6,-3.7,0.9,0,0,0
2026/01/26,tohoku,16.42,12.33,45.01,10.34,tokyo,5.6,-3.7,0.9,0,0,0
2026/01/26,tokyo,16.42,12.33,45.01,10.34,tokyo,5.6,-3.7,0.9,0,0,0
2026/01/27,chubu,13.84,12.09,23.58,8.23,osaka,5.4,-2.9,1.3,0,0,0
2026/01/27,chugoku,12.75,9.67,18.89,8.23,osaka,5.4,-2.9,1.3,0,0,0
2026/01/27,hokkaido,19.92,24.73,44.45,10.5,sapporo,-1.4,-10.8,-6.1,0,0,0
2026/01/27,hokuriku,13.04,9.67,18.89,8.23,osaka,5.4,-2.9,1.3,0,0,0
2026/01/27,kansai,12.75,9.67,18.89,8.23,osaka,5.4,-2.9,1.3,0,0,0
2026/01/27,kyushu,12.75,9.67,18.89,8.23,nagasaki,6.2,-3.1,1.6,0,0,0
2026/01/27,shikoku,11.33,7.04,18.89,6.49,nagasaki,6.2,-3.1,1.6,0,0,0
2026/01/27,system,13.5,11.31,18.89,8.99,tokyo,3.5,-4.8,-0.6,0,0,0
2026/01/27,tohoku,14.09,12.11,25.66,10.38,tokyo,3.5,-4.8,-0.6,0,0,0
2026/01/27,tokyo,14.09,12.11,25.66,10.38,tokyo,3.5,-4.8,-0.6,0,0,0
2026/01/28,chubu,13.13,10.76,19.31,8.75,osaka,5.9,-3.4,1.3,0,0,0
2026/01/28,chugoku,12.66,10.38,17.95,8.75,osaka,5.9,-3.4,1.3,0,0,0
2026/01/28,hokkaido,17.44,18.77,30,10.15,sapporo,-3,-11.1,-7,0,0,0
2026/01/28,hokuriku,13,10.38,17.95,8.75,osaka,5.9,-3.4,1.3,0,0,0
2026/01/28,kansai,12.66,10.38,17.95,8.75,osaka,5.9,-3.4,1.3,0,0,0
2026/01/28,kyushu,12.38,9.06,17.95,8.08,nagasaki,5,-3.1,0.9,0,0,0
2026/01/28,shikoku,10.26,7.7,17,6.85,nagasaki,5,-3.1,0.9,0,0,0
2026/01/28,system,12.99,10.79,17.3,8.74,tokyo,3.9,-5.4,-0.8,0,0,0
2026/01/28,tohoku,13.41,11.33,20,9.99,tokyo,3.9,-5.4,-0.8,0,0,0
2026/01/28,tokyo,13.41,11.33,20,9.99,tokyo,3.9,-5.4,-0.8,0,0,0
2026/01/29,chubu,13.8,11.14,20,9.85,osaka,6.3,-2.1,2.1,0,0,0
2026/01/29,chugoku,12.55,9.27,17.82,8.27,osaka,6.3,-2.1,2.1,0,0,0
2026/01/29,hokkaido,16.98,14.23,30,9.85,sapporo,-2.9,-11.8,-7.4,0,0,0
2026/01/29,hokuriku,13.2,9.27,20,8.27,osaka,6.3,-2.1,2.1,0,0,0
2026/01/29,kansai,12.55,9.27,17.82,8.27,osaka,6.3,-2.1,2.1,0,0,0
2026/01/29,kyushu,12.38,8.69,17.82,8.08,nagasaki,7.2,-1.5,2.9,0,0,0
2026/01/29,shikoku,11.79,7.86,17.82,6.78,nagasaki,7.2,-1.5,2.9,0,0,0
2026/01/29,system,13.3,10.48,18.2,8.23,tokyo,4.3,-4,0.1,0,0,0
2026/01/29,tohoku,13.8,11.14,20,9.85,tokyo,4.3,-4,0.1,0,0,0
2026/01/29,tokyo,13.8,11.14,20,9.85,tokyo,4.3,-4,0.1,0,0,0
2026/01/30,chubu,13.77,11.62,19.9,8.99,osaka,4.6,-4.2,0.2,0,0,0
2026/01/30,chugoku,13.49,11.06,19.9,8.99,osaka,4.6,-4.2,0.2,0,0,0
2026/01/30,hokkaido,15.25,11.62,19.91,10.22,sapporo,-1,-10,-5.5,0,0,0
2026/01/30,hokuriku,13.7,11.06,19.9,8.99,osaka,4.6,-4.2,0.2,0,0,0
2026/01/30,kansai,13.49,11.06,19.9,8.99,osaka,4.6,-4.2,0.2,0,0,0
2026/01/30,kyushu,13.04,8.97,19.9,8.08,nagasaki,5.9,-2.4,1.8,0,0,0
2026/01/30,shikoku,13.19,10.06,19.9,7.59,nagasaki,5.9,-2.4,1.8,0,0,0
2026/01/30,system,13.66,11.17,19.9,9.98,tokyo,5.2,-3.6,0.8,0,0,0
2026/01/30,tohoku,13.8,11.62,19.9,10.22,tokyo,5.2,-3.6,0.8,0,0,0
2026/01/30,tokyo,13.8,11.62,19.9,10.22,tokyo,5.2,-3.6,0.8,0,0,0
2026/01/31,chubu,11.53,8.78,15,7.87,osaka,5.1,-2.7,1.2,0,1,0
2026/01/31,chugoku,11.43,8.58,15,7.87,osaka,5.1,-2.7,1.2,0,1,0
2026/01/31,hokkaido,13.51,10.21,20,9.83,sapporo,-2.7,-10.4,-6.6,0,1,0
2026/01/31,hokuriku,11.53,8.78,15,7.87,osaka,5.1,-2.7,1.2,0,1,0
2026/01/31,kansai,11.43,8.58,15,7.87,osaka,5.1,-2.7,1.2,0,1,0
2026/01/31,kyushu,11.43,8.56,15,7.87,nagasaki,5.5,-3.4,1.1,0,1,0
2026/01/31,shikoku,11.24,7.78,15,7.45,nagasaki,5.5,-3.4,1.1,0,1,0
2026/01/31,system,11.53,8.71,15,7.93,tokyo,5.6,-2.2,1.7,0,1,0
2026/01/31,tohoku,11.66,9.39,15,8.01,tokyo,5.6,-2.2,1.7,0,1,0
2026/01/31,tokyo,11.66,9.39,15,8.01,tokyo,5.6,-2.2,1.7,0,1,0
2026/02/01,chubu,10.67,8.44,13.55,6.86,osaka,4.6,-3,0.8,0,1,0
2026/02/01,chugoku,10.06,7.76,13.55,6.86,osaka,4.6,-3,0.8,0,1,0
2026/02/01,hokkaido,10.93,8.79,15.01,7.85,sapporo,-3.3,-11.7,-7.5,0,1,0
2026/02/01,hokuriku,10.67,8.44,13.55,6.86,osaka,4.6,-3,0.8,0,1,0
2026/02/01,kansai,10.06,7.76,13.55,6.86,osaka,4.6,-3,0.8,0,1,0
2026/02/01,kyushu,10.05,7.73,13.55,6.86,nagasaki,5.4,-2.3,1.6,0,1,0
2026/02/01,shikoku,8.52,6.26,11.64,0.02,nagasaki,5.4,-2.3,1.6,0,1,0
2026/02/01,system,10.48,8.18,13.5,7.75,tokyo,5.1,-2.5,1.3,0,1,0
2026/02/01,tohoku,10.78,8.44,13.55,7.11,tokyo,5.1,-2.5,1.3,0,1,0
2026/02/01,tokyo,10.78,8.44,13.55,7.11,tokyo,5.1,-2.5,1.3,0,1,0
2026/02/02,chubu,12.7,9.95,17.3,8.27,osaka,5,-3.6,0.7,0,0,0
2026/02/02,chugoku,12.59,9.95,17.23,8.27,osaka,5,-3.6,0.7,0,0,0
2026/02/02,hokkaido,12.92,10.62,17.3,9.72,sapporo,-2.4,-11.5,-7,0,0,0
2026/02/02,hokuriku,12.67,9.95,17.3,8.27,osaka,5,-3.6,0.7,0,0,0
2026/02/02,kansai,12.59,9.95,17.23,8.27,osaka,5,-3.6,0.7,0,0,0
2026/02/02,kyushu,12.55,9.79,17.23,7.88,nagasaki,5.1,-3.3,0.9,0,0,0
2026/02/02,shikoku,8.26,5.79,13.89,0.01,nagasaki,5.1,-3.3,0.9,0,0,0
2026/02/02,system,12.49,9.92,17.04,8.04,tokyo,5.6,-3,1.3,0,0,0
2026/02/02,tohoku,12.92,10.62,17.3,9.72,tokyo,5.6,-3,1.3,0,0,0
2026/02/02,tokyo,12.92,10.62,17.3,9.72,tokyo,5.6,-3,1.3,0,0,0
2026/02/03,chubu,13.23,10.44,17.76,8.94,osaka,5.4,-2.3,1.6,0,0,0
2026/02/03,chugoku,13.2,10.22,17.76,8.94,osaka,5.4,-2.3,1.6,0,0,0
2026/02/03,hokkaido,12.91,10.44,17.76,9.26,sapporo,-2.2,-10.1,-6.2,0,0,0
2026/02/03,hokuriku,13.2,10.22,17.76,8.94,osaka,5.4,-2.3,1.6,0,0,0
2026/02/03,kansai,13.2,10.22,17.76,8.94,osaka,5.4,-2.3,1.6,0,0,0
2026/02/03,kyushu,12.61,7.94,17.76,4.01,nagasaki,6.5,-2.6,1.9,0,0,0
2026/02/03,shikoku,7.94,0.85,14.33,0.01,nagasaki,6.5,-2.6,1.9,0,0,0
2026/02/03,system,12.71,9.33,17.49,8.01,tokyo,6,-1.6,2.2,0,0,0
2026/02/03,tohoku,12.78,10.44,17.76,9.26,tokyo,6,-1.6,2.2,0,0,0
2026/02/03,tokyo,12.78,10.44,17.76,9.26,tokyo,6,-1.6,2.2,0,0,0
2026/02/04,chubu,12.68,10.31,16.12,7.88,osaka,5.9,-2.8,1.6,0,0,0
2026/02/04,chugoku,12.49,9.61,16.12,7.88,osaka,5.9,-2.8,1.6,0,0,0
2026/02/04,hokkaido,11.9,10.19,15.54,7.88,sapporo,-1.3,-9.9,-5.6,0,0,0
2026/02/04,hokuriku,12.49,9.61,16.12,7.88,osaka,5.9,-2.8,1.6,0,0,0
2026/02/04,kansai,12.49,9.61,16.12,7.88,osaka,5.9,-2.8,1.6,0,0,0
2026/02/04,kyushu,12.3,8.5,16.12,7.88,nagasaki,6.1,-1.7,2.2,0,0,0
2026/02/04,shikoku,10.4,8.54,14.8,7.29,nagasaki,6.1,-1.7,2.2,0,0,0
2026/02/04,system,11.87,9.4,15.61,7.5,tokyo,3.9,-4.8,-0.4,0,0,0
2026/02/04,tohoku,11.9,10.19,15.54,7.88,tokyo,3.9,-4.8,-0.4,0,0,0
2026/02/04,tokyo,12.01,10.31,15.54,7.88,tokyo,3.9,-4.8,-0.4,0,0,0
2026/02/05,chubu,11.91,10.62,15.61,8.04,osaka,6.3,-1.4,2.5,0,0,0
2026/02/05,chugoku,11.12,8.69,15.5,8.04,osaka,6.3,-1.4,2.5,0,0,0
2026/02/05,hokkaido,11.85,10.62,15.61,8.04,sapporo,-1.2,-10.6,-5.9,0,0,0
2026/02/05,hokuriku,11.22,8.69,15.61,8.04,osaka,6.3,-1.4,2.5,0,0,0
2026/02/05,kansai,11.12,8.69,15.5,8.04,osaka,6.3,-1.4,2.5,0,0,0
2026/02/05,kyushu,11.05,8.43,15.5,8.04,nagasaki,7.5,-1,3.3,0,0,0
2026/02/05,shikoku,8.38,8.46,12,7,nagasaki,7.5,-1,3.3,0,0,0
2026/02/05,system,11.43,9.58,15.02,7.76,tokyo,4.4,-3.3,0.6,0,0,0
2026/02/05,tohoku,11.85,10.62,15.61,8.04,tokyo,4.4,-3.3,0.6,0,0,0
2026/02/05,tokyo,11.85,10.62,15.61,8.04,tokyo,4.4,-3.3,0.6,0,0,0
2026/02/06,chubu,10.39,8.87,12.45,8.04,osaka,6.8,-1.9,2.5,0,0,0
2026/02/06,chugoku,10.13,8.04,12.45,7.84,osaka,6.8,-1.9,2.5,0,0,0
2026/02/06,hokkaido,10.57,9.78,12.42,8.12,sapporo,-2.7,-10.8,-6.8,0,0,0
2026/02/06,hokuriku,10.24,8.04,12.45,7.84,osaka,6.8,-1.9,2.5,0,0,0
2026/02/06,kansai,10.13,8.04,12.45,7.84,osaka,6.8,-1.9,2.5,0,0,0
2026/02/06,kyushu,10.13,8.04,12.45,7.84,nagasaki,6.5,-2.7,1.9,0,0,0
2026/02/06,shikoku,7.76,7.74,10.8,6.74,nagasaki,6.5,-2.7,1.9,0,0,0
2026/02/06,system,10.15,8.14,12.24,7.62,tokyo,4.8,-3.9,0.4,0,0,0
2026/02/06,tohoku,10.53,9.52,12.42,8.12,tokyo,4.8,-3.9,0.4,0,0,0
2026/02/06,tokyo,10.61,9.52,12.45,8.12,tokyo,4.8,-3.9,0.4,0,0,0
2026/02/07,chubu,11.23,8.6,14.5,7.76,osaka,4.7,-3,0.9,0,1,0
2026/02/07,chugoku,9.77,8.28,14.5,7.76,osaka,4.7,-3,0.9,0,1,0
2026/02/07,hokkaido,12.09,10.84,15,9.7,sapporo,-1.8,-10.6,-6.2,0,1,0
2026/02/07,hokuriku,11.16,8.6,17,7.76,osaka,4.7,-3,0.9,0,1,0
2026/02/07,kansai,9.77,8.28,14.5,7.76,osaka,4.7,-3,0.9,0,1,0
2026/02/07,kyushu,9.04,5.7,14.5,1.01,nagasaki,6.1,-1.8,2.1,0,1,0
2026/02/07,shikoku,7.28,3.79,11.92,0.01,nagasaki,6.1,-1.8,2.1,0,1,0
2026/02/07,system,11.01,8.66,14.6,8.07,tokyo,5.3,-2.4,1.4,0,1,0
2026/02/07,tohoku,12.09,10.84,15,9.7,tokyo,5.3,-2.4,1.4,0,1,0
2026/02/07,tokyo,12.28,10.95,15,9.98,tokyo,5.3,-2.4,1.4,0,1,0
2026/02/08,chubu,11.71,8.65,18.12,7.28,osaka,5.2,-3.6,0.8,0,1,0
2026/02/08,chugoku,10.5,7.56,16.97,6.01,osaka,5.2,-3.6,0.8,0,1,0
2026/02/08,hokkaido,13.64,10.76,20,9.62,sapporo,-1.7,-9.2,-5.4,0,1,0
2026/02/08,hokuriku,11.71,8.65,18.12,7.28,osaka,5.2,-3.6,0.8,0,1,0
2026/02/08,kansai,10.5,7.56,16.97,6.01,osaka,5.2,-3.6,0.8,0,1,0
2026/02/08,kyushu,10.43,7.2,16.97,6.01,nagasaki,7.5,-1.1,3.2,0,1,0
2026/02/08,shikoku,7.17,3.66,11.99,0.01,nagasaki,7.5,-1.1,3.2,0,1,0
2026/02/08,system,12.01,8.75,18.1,8.12,tokyo,5.7,-3,1.4,0,1,0
2026/02/08,tohoku,13.42,10.76,20,9.62,tokyo,5.7,-3,1.4,0,1,0
2026/02/08,tokyo,13.73,11.57,20,10.61,tokyo,5.7,-3,1.4,0,1,0
2026/02/09,chubu,14.72,11.53,20.21,10,osaka,5.7,-2.1,1.8,0,0,0
2026/02/09,chugoku,14.28,11.16,20.21,10,osaka,5.7,-2.1,1.8,0,0,0
2026/02/09,hokkaido,13.98,11.27,20.21,9.7,sapporo,-0.7,-8.9,-4.8,0,0,0
2026/02/09,hokuriku,14.6,11.16,20.21,10,osaka,5.7,-2.1,1.8,0,0,0
2026/02/09,kansai,14.28,11.16,20.21,10,osaka,5.7,-2.1,1.8,0,0,0
2026/02/09,kyushu,13.03,7.24,20.21,2.5,nagasaki,7.2,-2.1,2.5,0,0,0
2026/02/09,shikoku,9.94,7.51,15.64,4,nagasaki,7.2,-2.1,2.5,0,0,0
2026/02/09,system,13.65,9.81,18.73,8.47,tokyo,6.2,-1.6,2.3,0,0,0
2026/02/09,tohoku,13.98,11.27,20.21,9.7,tokyo,6.2,-1.6,2.3,0,0,0
2026/02/09,tokyo,14.61,11.53,20.21,10,tokyo,6.2,-1.6,2.3,0,0,0
2026/02/10,chubu,14.51,12.85,22.21,10.5,osaka,6.6,-1.6,2.5,0,0,0
2026/02/10,chugoku,14.35,12.85,22.21,8.59,osaka,6.6,-1.6,2.5,0,0,0
2026/02/10,hokkaido,13.3,11.74,19.5,9.34,sapporo,-1.4,-9.8,-5.6,0,0,0
2026/02/10,hokuriku,14.37,12.85,22.21,8.59,osaka,6.6,-1.6,2.5,0,0,0
2026/02/10,kansai,14.35,12.85,22.21,8.59,osaka,6.6,-1.6,2.5,0,0,0
2026/02/10,kyushu,14.35,12.85,22.21,8.59,nagasaki,6,-2.9,1.6,0,0,0
2026/02/10,shikoku,11.36,9.65,15,7,nagasaki,6,-2.9,1.6,0,0,0
2026/02/10,system,13.83,11.98,19.8,9.96,tokyo,4.6,-3.6,0.5,0,0,0
2026/02/10,tohoku,13.3,11.74,19.5,9.34,tokyo,4.6,-3.6,0.5,0,0,0
2026/02/10,tokyo,13.72,11.74,19.5,10.5,tokyo,4.6,-3.6,0.5,0,0,0
2026/02/11,chubu,12.78,8.95,19.5,7.76,osaka,7,-2.2,2.4,0,0,0
2026/02/11,chugoku,10.33,8.37,14,7.76,osaka,7,-2.2,2.4,0,0,0
2026/02/11,hokkaido,13.24,11.94,19.5,10.38,sapporo,-1.2,-10.3,-5.8,0,0,0
2026/02/11,hokuriku,12.57,8.95,19.5,7.76,osaka,7,-2.2,2.4,0,0,0
2026/02/11,kansai,10.33,8.37,14,7.76,osaka,7,-2.2,2.4,0,0,0
2026/02/11,kyushu,10,7.86,14,7.76,nagasaki,7.4,-0.2,3.6,0,0,0
2026/02/11,shikoku,8.88,8.19,12,6.65,nagasaki,7.4,-0.2,3.6,0,0,0
2026/02/11,system,11.85,9.09,16.02,8.59,tokyo,5.1,-4.1,0.5,0,0,0
2026/02/11,tohoku,13.24,11.94,19.5,10.38,tokyo,5.1,-4.1,0.5,0,0,0
2026/02/11,tokyo,13.28,11.94,19.5,10.38,tokyo,5.1,-4.1,0.5,0,0,0
2026/02/12,chubu,11.41,8.46,15.5,7.49,osaka,7.5,-0.8,3.4,0,0,0
2026/02/12,chugoku,11.22,8.18,15.48,7.49,osaka,7.5,-0.8,3.4,0,0,0
2026/02/12,hokkaido,11.73,9.6,15.5,7.5,sapporo,-0.3,-8.1,-4.2,0,0,0
2026/02/12,hokuriku,11.26,8.18,15.48,7.49,osaka,7.5,-0.8,3.4,0,0,0
2026/02/12,kansai,11.22,8.18,15.48,7.49,osaka,7.5,-0.8,3.4,0,0,0
2026/02/12,kyushu,9.8,2.66,15.48,0.01,nagasaki,7.1,-1.2,2.9,0,0,0
2026/02/12,shikoku,9.13,7.64,15.03,5,nagasaki,7.1,-1.2,2.9,0,0,0
2026/02/12,system,11.18,8.15,15.48,7.55,tokyo,5.5,-2.7,1.4,0,0,0
2026/02/12,tohoku,11.66,9.6,15.5,7.5,tokyo,5.5,-2.7,1.4,0,0,0
2026/02/12,tokyo,12.04,10.16,15.5,9.53,tokyo,5.5,-2.7,1.4,0,0,0
2026/02/13,chubu,11,7.41,16.62,1,osaka,5.5,-3.8,0.9,0,0,0
2026/02/13,chugoku,10.51,6.83,16.62,1,osaka,5.5,-3.8,0.9,0,0,0
2026/02/13,hokkaido,13.1,10.22,35.68,7.5,sapporo,-1.8,-10.3,-6.1,0,0,0
2026/02/13,hokuriku,10.55,6.83,16.62,1,osaka,5.5,-3.8,0.9,0,0,0
2026/02/13,kansai,10.51,6.83,16.62,1,osaka,5.5,-3.8,0.9,0,0,0
2026/02/13,kyushu,9.6,2.65,16.62,0.01,nagasaki,6,-3,1.5,0,0,0
2026/02/13,shikoku,8.08,6.54,12.29,0.01,nagasaki,6,-3,1.5,0,0,0
2026/02/13,system,11.08,8.13,15.8,6.71,tokyo,6,-3.3,1.4,0,0,0
2026/02/13,tohoku,11.84,10.22,16.62,7.5,tokyo,6,-3.3,1.4,0,0,0
2026/02/13,tokyo,12.21,10.54,16.62,10,tokyo,6,-3.3,1.4,0,0,0
2026/02/14,chubu,9.81,7.55,12,5.1,osaka,6,-2.3,1.9,0,1,0
2026/02/14,chugoku,9.64,7.55,12,5.1,osaka,6,-2.3,1.9,0,1,0
2026/02/14,hokkaido,10.32,8.76,12,7.93,sapporo,-1.6,-10.9,-6.3,0,1,0
2026/02/14,hokuriku,9.81,7.55,12,5.1,osaka,6,-2.3,1.9,0,1,0
2026/02/14,kansai,9.64,7.55,12,5.1,osaka,6,-2.3,1.9,0,1,0
2026/02/14,kyushu,9.54,7.48,12,5.1,nagasaki,8.2,0.5,4.3,0,1,0
2026/02/14,shikoku,7.53,3.73,12,0.01,nagasaki,8.2,0.5,4.3,0,1,0
2026/02/14,system,9.87,7.82,12.3,5.1,tokyo,6.5,-1.8,2.4,0,1,0
2026/02/14,tohoku,10.18,8.68,12,5.5,tokyo,6.5,-1.8,2.4,0,1,0
2026/02/14,tokyo,10.23,8.68,12,5.5,tokyo,6.5,-1.8,2.4,0,1,0
2026/02/15,chubu,8.21,2.88,10.89,0.1,osaka,6.4,-2.9,1.8,0,1,0
2026/02/15,chugoku,6.81,2.2,8.89,0.1,osaka,6.4,-2.9,1.8,0,1,0
2026/02/15,hokkaido,9.66,8.2,10.89,7.75,sapporo,-0.7,-8.7,-4.7,0,1,0
2026/02/15,hokuriku,7.56,2.2,10.89,0.1,osaka,6.4,-2.9,1.8,0,1,0
2026/02/15,kansai,6.81,2.2,8.89,0.1,osaka,6.4,-2.9,1.8,0,1,0
2026/02/15,kyushu,6.81,2.2,8.89,0.1,nagasaki,7.2,-1.2,3,0,1,0
2026/02/15,shikoku,5.93,0.03,8.89,0.01,nagasaki,7.2,-1.2,3,0,1,0
2026/02/15,system,7.93,2.81,10.85,0.1,tokyo,7,-2.3,2.4,0,1,0
2026/02/15,tohoku,8.38,3.38,10.89,0.1,tokyo,7,-2.3,2.4,0,1,0
2026/02/15,tokyo,8.4,3.38,10.89,0.1,tokyo,7,-2.3,2.4,0,1,0
2026/02/16,chubu,10.29,9.36,12.54,7.77,osaka,6.9,-1.4,2.8,0,0,0
2026/02/16,chugoku,9.66,9.02,12.54,7.77,osaka,6.9,-1.4,2.8,0,0,0
2026/02/16,hokkaido,10.45,10.37,12.54,7.93,sapporo,-0.5,-9.3,-4.9,0,0,0
2026/02/16,hokuriku,10,9.02,12.54,7.77,osaka,6.9,-1.4,2.8,0,0,0
2026/02/16,kansai,9.66,9.02,12.54,7.77,osaka,6.9,-1.4,2.8,0,0,0
2026/02/16,kyushu,9.43,7.88,12.54,7.7,nagasaki,6.9,-2.2,2.4,0,0,0
2026/02/16,shikoku,6.65,4.27,10.15,0.01,nagasaki,6.9,-2.2,2.4,0,0,0
2026/02/16,system,10.06,9.34,12.38,7.7,tokyo,5,-3.3,0.9,0,0,0
2026/02/16,tohoku,10.44,10.37,12.54,7.77,tokyo,5,-3.3,0.9,0,0,0
2026/02/16,tokyo,10.44,10.4,12.54,7.77,tokyo,5,-3.3,0.9,0,0,0
2026/02/17,chubu,11.02,9.57,15.3,6.5,osaka,7.4,-2,2.7,0,0,0
2026/02/17,chugoku,10.06,7.27,13.66,3,osaka,7.4,-2,2.7,0,0,0
2026/02/17,hokkaido,11.12,9.37,15.3,7,sapporo,-2,-9.5,-5.8,0,0,0
2026/02/17,hokuriku,10.4,8.02,13.66,6.5,osaka,7.4,-2,2.7,0,0,0
2026/02/17,kansai,10.35,8.02,13.66,6.5,osaka,7.4,-2,2.7,0,0,0
2026/02/17,kyushu,8.79,1.51,13.66,0.01,nagasaki,8.3,0.5,4.4,0,0,0
2026/02/17,shikoku,7.89,6.27,12,0.02,nagasaki,8.3,0.5,4.4,0,0,0
2026/02/17,system,10.56,8.3,13.93,6.86,tokyo,5.5,-3.8,0.9,0,0,0
2026/02/17,tohoku,11.12,9.39,15.3,7,tokyo,5.5,-3.8,0.9,0,0,0
2026/02/17,tokyo,11.66,10.39,15.3,9.78,tokyo,5.5,-3.8,0.9,0,0,0
2026/02/18,chubu,10.35,9.09,12.67,5.63,osaka,7.9,-0.5,3.7,0,0,0
2026/02/18,chugoku,10.03,8.2,12.67,3,osaka,7.9,-0.5,3.7,0,0,0
2026/02/18,hokkaido,10.64,9.32,12.83,7.93,sapporo,-1.1,-9.3,-5.2,0,0,0
2026/02/18,hokuriku,10.22,8.31,12.67,5.63,osaka,7.9,-0.5,3.7,0,0,0
2026/02/18,kansai,10.2,8.31,12.67,5.63,osaka,7.9,-0.5,3.7,0,0,0
2026/02/18,kyushu,8.33,1.32,12.67,0.01,nagasaki,7.3,-1.2,3,0,0,0
2026/02/18,shikoku,7.02,2.67,11,0.01,nagasaki,7.3,-1.2,3,0,0,0
2026/02/18,system,10.11,8.03,12.67,5,tokyo,6,-2.4,1.8,0,0,0
2026/02/18,tohoku,10.6,9.21,12.83,7,tokyo,6,-2.4,1.8,0,0,0
2026/02/18,tokyo,10.84,9.61,12.83,8.61,tokyo,6,-2.4,1.8,0,0,0
2026/02/19,chubu,11.04,8.68,14.21,6.5,osaka,8.4,-1,3.7,0,0,0
2026/02/19,chugoku,10.83,8.43,14.21,4.08,osaka,8.4,-1,3.7,0,0,0
2026/02/19,hokkaido,11.18,9.4,14.21,8,sapporo,-0.8,-9.8,-5.3,0,0,0
2026/02/19,hokuriku,11.01,8.56,14.21,6.5,osaka,8.4,-1,3.7,0,0,0
2026/02/19,kansai,11.01,8.56,14.21,6.5,osaka,8.4,-1,3.7,0,0,0
2026/02/19,kyushu,9.93,5.78,14.21,0.01,nagasaki,7,-2.2,2.4,0,0,0
2026/02/19,shikoku,9.52,7.59,13.87,2.01,nagasaki,7,-2.2,2.4,0,0,0
2026/02/19,system,10.81,8.37,14.17,6.98,tokyo,6.5,-2.9,1.8,0,0,0
2026/02/19,tohoku,11.18,9.4,14.21,8,tokyo,6.5,-2.9,1.8,0,0,0
2026/02/19,tokyo,11.2,9.58,14.21,8,tokyo,6.5,-2.9,1.8,0,0,0
2026/02/20,chubu,11.4,10.42,14.01,8,osaka,6.8,-1,2.9,0,0,0
2026/02/20,chugoku,11,8.64,14.01,8,osaka,6.8,-1,2.9,0,0,0
2026/02/20,hokkaido,10.89,9.16,14.01,7,sapporo,-1.4,-10.5,-6,0,0,0
2026/02/20,hokuriku,11.08,8.64,14.01,8,osaka,6.8,-1,2.9,0,0,0
2026/02/20,kansai,11,8.64,14.01,8,osaka,6.8,-1,2.9,0,0,0
2026/02/20,kyushu,9.8,5.46,14.01,0.01,nagasaki,8.3,-0.5,3.9,0,0,0
2026/02/20,shikoku,9.7,8.64,12.54,7.25,nagasaki,8.3,-0.5,3.9,0,0,0
2026/02/20,system,10.78,8.7,13.5,8,tokyo,7.4,-0.4,3.5,0,0,0
2026/02/20,tohoku,10.89,9.22,14.01,7,tokyo,7.4,-0.4,3.5,0,0,0
2026/02/20,tokyo,11.54,10.53,14.01,9.78,tokyo,7.4,-0.4,3.5,0,0,0
2026/02/21,chubu,8.6,3.66,11.49,1,osaka,7.4,-1.5,3,0,1,0
2026/02/21,chugoku,8.41,3.66,11.49,1,osaka,7.4,-1.5,3,0,1,0
2026/02/21,hokkaido,8.97,5.65,11.49,1,sapporo,-0.5,-8.3,-4.4,0,1,0
2026/02/21,hokuriku,8.6,3.66,11.49,1,osaka,7.4,-1.5,3,0,1,0
2026/02/21,kansai,8.44,3.66,11.49,1,osaka,7.4,-1.5,3,0,1,0
2026/02/21,kyushu,7.53,0.42,11.49,0.01,nagasaki,7.3,-0.2,3.5,0,1,0
2026/02/21,shikoku,7.69,1.85,11.49,0.01,nagasaki,7.3,-0.2,3.5,0,1,0
2026/02/21,system,8.26,2.45,11.49,0.01,tokyo,7.9,-0.9,3.5,0,1,0
2026/02/21,tohoku,8.9,5.09,11.49,1,tokyo,7.9,-0.9,3.5,0,1,0
2026/02/21,tokyo,8.9,5.09,11.49,1,tokyo,7.9,-0.9,3.5,0,1,0
2026/02/22,chubu,8.06,4.25,10.57,0.02,osaka,7.9,0,4,0,1,0
2026/02/22,chugoku,6.53,3,8.88,0.02,osaka,7.9,0,4,0,1,0
2026/02/22,hokkaido,8.09,4.19,10.57,0.02,sapporo,-0.3,-8.9,-4.6,0,1,0
2026/02/22,hokuriku,7.85,3,10.57,0.02,osaka,7.9,0,4,0,1,0
2026/02/22,kansai,6.53,3,8.88,0.02,osaka,7.9,0,4,0,1,0
2026/02/22,kyushu,6.35,1.63,8.88,0.01,nagasaki,7,-1.2,2.9,0,1,0
2026/02/22,shikoku,6.24,2.34,8.88,0.02,nagasaki,7,-1.2,2.9,0,1,0
2026/02/22,system,7.34,3.55,10.38,0.01,tokyo,5.9,-2,2,0,1,0
2026/02/22,tohoku,8.14,4.25,10.57,0.02,tokyo,5.9,-2,2,0,1,0
2026/02/22,tokyo,8.14,4.25,10.57,0.02,tokyo,5.9,-2,2,0,1,0
2026/02/23,chubu,7.73,3.19,10.57,0.01,osaka,8.4,-0.5,4,0,0,0
2026/02/23,chugoku,6.86,1.54,10.57,0.01,osaka,8.4,-0.5,4,0,0,0
2026/02/23,hokkaido,7.62,3.19,10.57,0.01,sapporo,0.7,-8.6,-3.9,0,0,0
2026/02/23,hokuriku,7.49,1.54,10.57,0.01,osaka,8.4,-0.5,4,0,0,0
2026/02/23,kansai,6.86,1.54,10.57,0.01,osaka,8.4,-0.5,4,0,0,0
2026/02/23,kyushu,6.39,0.18,10.57,0.01,nagasaki,8.5,-0.4,4,0,0,0
2026/02/23,shikoku,6.03,0.41,8.8,0.01,nagasaki,8.5,-0.4,4,0,0,0
2026/02/23,system,7.17,1.71,10.59,0.01,tokyo,6.4,-2.5,2,0,0,0
2026/02/23,tohoku,7.72,3.19,10.57,0.01,tokyo,6.4,-2.5,2,0,0,0
2026/02/23,tokyo,7.76,3.19,10.57,0.01,tokyo,6.4,-2.5,2,0,0,0
2026/02/24,chubu,9.68,9.28,11.66,6.21,osaka,8.9,1,5,0,0,0
2026/02/24,chugoku,9.32,8.09,11,6.21,osaka,8.9,1,5,0,0,0
2026/02/24,hokkaido,9.59,8.69,11.05,5,sapporo,-0.8,-8.8,-4.8,0,0,0
2026/02/24,hokuriku,9.48,8.09,11.66,6.21,osaka,8.9,1,5,0,0,0
2026/02/24,kansai,9.32,8.09,11,6.21,osaka,8.9,1,5,0,0,0
2026/02/24,kyushu,9.32,8.09,11,6.21,nagasaki,8.2,0.6,4.4,0,0,0
2026/02/24,shikoku,8.02,7.61,10.76,2.5,nagasaki,8.2,0.6,4.4,0,0,0
2026/02/24,system,9.6,8.66,10.77,7.59,tokyo,6.9,-1,3,0,0,0
2026/02/24,tohoku,9.63,8.81,11.05,5,tokyo,6.9,-1,3,0,0,0
2026/02/24,tokyo,10.12,9.67,11.05,9.02,tokyo,6.9,-1,3,0,0,0
2026/02/25,chubu,10.69,11.2,13.45,8.14,osaka,6.9,-2,2.5,0,0,0
2026/02/25,chugoku,9.76,10.73,12.38,8.04,osaka,6.9,-2,2.5,0,0,0
2026/02/25,hokkaido,10.63,10.57,15.43,8.85,sapporo,-0.6,-9.4,-5,0,0,0
2026/02/25,hokuriku,9.98,10.73,12.38,8.04,osaka,6.9,-2,2.5,0,0,0
2026/02/25,kansai,9.76,10.73,12.38,8.04,osaka,6.9,-2,2.5,0,0,0
2026/02/25,kyushu,9.62,9.78,12.38,8.04,nagasaki,9.7,1.4,5.5,0,0,0
2026/02/25,shikoku,7.66,7.26,9.27,7.18,nagasaki,9.7,1.4,5.5,0,0,0
2026/02/25,system,10.53,11.06,13.01,8.81,tokyo,7.5,-1.4,3,0,0,0
2026/02/25,tohoku,10.9,11.2,13.45,9.23,tokyo,7.5,-1.4,3,0,0,0
2026/02/25,tokyo,10.9,11.2,13.45,9.23,tokyo,7.5,-1.4,3,0,0,0
2026/02/26,chubu,8.66,7.3,10.93,0.05,osaka,7.4,-0.6,3.4,0,0,0
2026/02/26,chugoku,7.76,6.33,10.25,0.05,osaka,7.4,-0.6,3.4,0,0,0
2026/02/26,hokkaido,10.31,9.78,12,9.19,sapporo,0.4,-9.1,-4.3,0,0,0
2026/02/26,hokuriku,7.91,6.33,10.77,0.05,osaka,7.4,-0.6,3.4,0,0,0
2026/02/26,kansai,7.76,6.33,10.25,0.05,osaka,7.4,-0.6,3.4,0,0,0
2026/02/26,kyushu,7.76,6.33,10.25,0.05,nagasaki,9.4,0.4,4.9,0,0,0
2026/02/26,shikoku,6.95,6.22,9.27,0.05,nagasaki,9.4,0.4,4.9,0,0,0
2026/02/26,system,9.28,8.13,10.86,6.21,tokyo,8,0.1,4,0,0,0
2026/02/26,tohoku,10.35,9.9,12,9.21,tokyo,8,0.1,4,0,0,0
2026/02/26,tokyo,10.35,9.9,12,9.21,tokyo,8,0.1,4,0,0,0
2026/02/27,chubu,9.4,9.69,10.77,7.52,osaka,7.2,-1.9,2.7,0,0,0
2026/02/27,chugoku,9,9.69,10.5,7.52,osaka,7.2,-1.9,2.7,0,0,0
2026/02/27,hokkaido,10.35,9.75,12.36,9.04,sapporo,0.7,-7.5,-3.4,0,0,0
2026/02/27,hokuriku,9,9.69,10.5,7.52,osaka,7.2,-1.9,2.7,0,0,0
2026/02/27,kansai,9,9.69,10.5,7.52,osaka,7.2,-1.9,2.7,0,0,0
2026/02/27,kyushu,9,9.69,10.5,7.52,nagasaki,8.4,0.7,4.5,0,0,0
2026/02/27,shikoku,8.5,9.69,10.26,7.34,nagasaki,8.4,0.7,4.5,0,0,0
2026/02/27,system,9.48,9.38,11,8.3,tokyo,7.8,-1.2,3.3,0,0,0
2026/02/27,tohoku,10.3,9.75,12.36,9.04,tokyo,7.8,-1.2,3.3,0,0,0
2026/02/27,tokyo,10.3,9.75,12.36,9.04,tokyo,7.8,-1.2,3.3,0,0,0
2026/02/28,chubu,7.35,2.72,11.8,1.76,osaka,7.8,-0.3,3.8,0,1,0
2026/02/28,chugoku,6.31,2.72,9.74,1.76,osaka,7.8,-0.3,3.8,0,1,0
2026/02/28,hokkaido,9.62,6.13,15.02,3,sapporo,1.7,-7.2,-2.8,0,1,0
2026/02/28,hokuriku,6.31,2.72,9.74,1.76,osaka,7.8,-0.3,3.8,0,1,0
2026/02/28,kansai,6.31,2.72,9.74,1.76,osaka,7.8,-0.3,3.8,0,1,0
2026/02/28,kyushu,5.67,0.34,9.74,0.01,nagasaki,9.9,1.5,5.7,0,1,0
2026/02/28,shikoku,5.43,0.01,9.19,0.01,nagasaki,9.9,1.5,5.7,0,1,0
2026/02/28,system,7.19,0.72,10,0.1,tokyo,8.3,0.2,4.3,0,1,0
2026/02/28,tohoku,8.81,2.72,15.02,2,tokyo,8.3,0.2,4.3,0,1,0
2026/02/28,tokyo,9.04,2.72,15.02,2,tokyo,8.3,0.2,4.3,0,1,0
2026/03/01,chubu,6.75,1.14,11.01,0.01,osaka,8.9,0.5,4.7,0,1,0
2026/03/01,chugoku,5.61,0.02,9,0.01,osaka,8.9,0.5,4.7,0,1,0
2026/03/01,hokkaido,7.28,2.34,12.92,0.01,sapporo,1.3,-7.9,-3.3,0,1,0
2026/03/01,hokuriku,5.61,0.02,9,0.01,osaka,8.9,0.5,4.7,0,1,0
2026/03/01,kansai,5.61,0.02,9,0.01,osaka,8.9,0.5,4.7,0,1,0
2026/03/01,kyushu,5.55,0.01,9,0.01,nagasaki,10.3,2.2,6.3,0,1,0
2026/03/01,shikoku,5.54,0.01,9,0.01,nagasaki,10.3,2.2,6.3,0,1,0
2026/03/01,system,6.51,0.27,10.52,0.01,tokyo,7,-1.3,2.9,0,1,0
2026/03/01,tohoku,6.98,0.71,12.92,0.01,tokyo,7,-1.3,2.9,0,1,0
2026/03/01,tokyo,7.47,1.16,12.92,0.01,tokyo,7,-1.3,2.9,0,1,0
2026/03/02,chubu,9.51,9.22,10.68,6.8,osaka,9.5,0.1,4.8,0,0,0
2026/03/02,chugoku,9.01,9.22,10.62,6.8,osaka,9.5,0.1,4.8,0,0,0
2026/03/02,hokkaido,10.58,8.53,17.79,3,sapporo,-0.2,-8.1,-4.1,0,0,0
2026/03/02,hokuriku,9.01,9.22,10.62,6.8,osaka,9.5,0.1,4.8,0,0,0
2026/03/02,kansai,9.01,9.22,10.62,6.8,osaka,9.5,0.1,4.8,0,0,0
2026/03/02,kyushu,9.01,9.22,10.62,6.8,nagasaki,10,1.3,5.7,0,0,0
2026/03/02,shikoku,7.1,6.11,9.5,0.02,nagasaki,10,1.3,5.7,0,0,0
2026/03/02,system,10.05,9.03,12.63,7.62,tokyo,7.5,-1.9,2.8,0,0,0
2026/03/02,tohoku,10.71,8.53,17.79,3,tokyo,7.5,-1.9,2.8,0,0,0
2026/03/02,tokyo,11.62,9.97,17.79,8.53,tokyo,7.5,-1.9,2.8,0,0,0
2026/03/03,chubu,10.66,11.16,12.97,7.88,osaka,10,1.6,5.8,0,0,0
2026/03/03,chugoku,10.24,10.41,12.97,7.88,osaka,10,1.6,5.8,0,0,0
2026/03/03,hokkaido,13.31,14.24,25.84,10.55,sapporo,0.8,-7.8,-3.5,0,0,0
2026/03/03,hokuriku,10.24,10.41,12.97,7.88,osaka,10,1.6,5.8,0,0,0
2026/03/03,kansai,10.24,10.41,12.97,7.88,osaka,10,1.6,5.8,0,0,0
2026/03/03,kyushu,9.41,8.18,12.97,7.88,nagasaki,9,-0.5,4.3,0,0,0
2026/03/03,shikoku,6.51,2.68,8.55,0.02,nagasaki,9,-0.5,4.3,0,0,0
2026/03/03,system,11.49,11.1,15,9.92,tokyo,8.1,-0.3,3.9,0,0,0
2026/03/03,tohoku,13.31,14.24,25.84,10.55,tokyo,8.1,-0.3,3.9,0,0,0
2026/03/03,tokyo,13.31,14.24,25.84,10.55,tokyo,8.1,-0.3,3.9,0,0,0
2026/03/04,chubu,10.24,9.04,14.01,6.8,osaka,8.1,-1.3,3.4,0,0,0
2026/03/04,chugoku,10.14,8.59,14.01,6.8,osaka,8.1,-1.3,3.4,0,0,0
2026/03/04,hokkaido,12.16,10.7,18.01,10.2,sapporo,1.1,-8.3,-3.6,0,0,0
2026/03/04,hokuriku,10.24,9.04,14.01,6.8,osaka,8.1,-1.3,3.4,0,0,0
2026/03/04,kansai,10.24,9.04,14.01,6.8,osaka,8.1,-1.3,3.4,0,0,0
2026/03/04,kyushu,8.77,4.32,14.01,0.01,nagasaki,8.7,0.6,4.6,0,0,0
2026/03/04,shikoku,5.7,4,8.89,0.01,nagasaki,8.7,0.6,4.6,0,0,0
2026/03/04,system,10.76,8.89,13.89,8.08,tokyo,8.6,-0.8,3.9,0,0,0
2026/03/04,tohoku,12.16,10.7,18.01,10.2,tokyo,8.6,-0.8,3.9,0,0,0
2026/03/04,tokyo,12.16,10.7,18.01,10.2,tokyo,8.6,-0.8,3.9,0,0,0
2026/03/05,chubu,9.67,7.88,13.84,4.5,osaka,8.6,0.2,4.4,0,0,0
2026/03/05,chugoku,9.59,7.72,13.84,3.01,osaka,8.6,0.2,4.4,0,0,0
2026/03/05,hokkaido,11.17,9.31,14.5,8.12,sapporo,2.1,-6,-1.9,0,0,0
2026/03/05,hokuriku,9.67,7.88,13.84,4.5,osaka,8.6,0.2,4.4,0,0,0
2026/03/05,kansai,9.67,7.88,13.84,4.5,osaka,8.6,0.2,4.4,0,0,0
2026/03/05,kyushu,8.87,4.42,13.84,0.01,nagasaki,10.3,1.4,5.9,0,0,0
2026/03/05,shikoku,7.53,3.29,11,0.01,nagasaki,10.3,1.4,5.9,0,0,0
2026/03/05,system,10.16,8.24,13.6,5,tokyo,9.2,0.8,5,0,0,0
2026/03/05,tohoku,10.98,9.26,14.5,6,tokyo,9.2,0.8,5,0,0,0
2026/03/05,tokyo,10.98,9.26,14.5,6,tokyo,9.2,0.8,5,0,0,0
2026/03/06,chubu,9.97,10.37,12.97,7.71,osaka,9.2,-0.3,4.4,0,0,0
2026/03/06,chugoku,9.95,10.36,12.97,7.71,osaka,9.2,-0.3,4.4,0,0,0
2026/03/06,hokkaido,11.01,10.84,14,7.99,sapporo,2.4,-6.5,-2,0,0,0
2026/03/06,hokuriku,9.95,10.36,12.97,7.71,osaka,9.2,-0.3,4.4,0,0,0
2026/03/06,kansai,9.95,10.36,12.97,7.71,osaka,9.2,-0.3,4.4,0,0,0
2026/03/06,kyushu,9.95,10.36,12.97,7.71,nagasaki,9.3,1.7,5.5,0,0,0
2026/03/06,shikoku,8.91,10.23,11,7.63,nagasaki,9.3,1.7,5.5,0,0,0
2026/03/06,system,10.47,10.39,12.97,8.12,tokyo,9.7,0.3,5,0,0,0
2026/03/06,tohoku,10.99,10.96,14,7,tokyo,9.7,0.3,5,0,0,0
2026/03/06,tokyo,11.23,11.18,14,9.24,tokyo,9.7,0.3,5,0,0,0
2026/03/07,chubu,8.17,3.04,13,1.21,osaka,9.7,1.2,5.4,0,1,0
2026/03/07,chugoku,8.7,3.96,13,1.21,osaka,9.7,1.2,5.4,0,1,0
2026/03/07,hokkaido,10.04,8.56,13.45,8,sapporo,0.9,-6.7,-2.9,0,1,0
2026/03/07,hokuriku,8.7,3.96,13,1.21,osaka,9.7,1.2,5.4,0,1,0
2026/03/07,kansai,8.7,3.96,13,1.21,osaka,9.7,1.2,5.4,0,1,0
2026/03/07,kyushu,7.76,1.1,13,0.01,nagasaki,9,0.7,4.8,0,1,0
2026/03/07,shikoku,7.27,2.45,10.5,0.02,nagasaki,9,0.7,4.8,0,1,0
2026/03/07,system,8.15,2.52,12.91,0.81,tokyo,7.8,-0.7,3.5,0,1,0
2026/03/07,tohoku,8.01,1.35,13.45,0.01,tokyo,7.8,-0.7,3.5,0,1,0
2026/03/07,tokyo,8.01,1.35,13.45,0.01,tokyo,7.8,-0.7,3.5,0,1,0
2026/03/08,chubu,7.9,1.22,13.17,0.03,osaka,10.3,2.8,6.6,0,1,0
2026/03/08,chugoku,7.9,1.22,13.17,0.03,osaka,10.3,2.8,6.6,0,1,0
2026/03/08,hokkaido,9.02,2.06,15.32,0.01,sapporo,1.9,-6.4,-2.3,0,1,0
2026/03/08,hokuriku,7.9,1.22,13.17,0.03,osaka,10.3,2.8,6.6,0,1,0
2026/03/08,kansai,7.9,1.22,13.17,0.03,osaka,10.3,2.8,6.6,0,1,0
2026/03/08,kyushu,7.62,0.35,13.17,0.01,nagasaki,10.5,1.5,6,0,1,0
2026/03/08,shikoku,7.19,0.01,13,0.01,nagasaki,10.5,1.5,6,0,1,0
2026/03/08,system,7.89,0.59,13.18,0.01,tokyo,8.3,-1.2,3.6,0,1,0
2026/03/08,tohoku,8.43,1.31,15.32,0.01,tokyo,8.3,-1.2,3.6,0,1,0
2026/03/08,tokyo,8.45,1.31,15.32,0.01,tokyo,8.3,-1.2,3.6,0,1,0
2026/03/09,chubu,10.67,7.89,15.9,5.01,osaka,10.8,2.3,6.6,0,0,0
2026/03/09,chugoku,10.6,7.89,15.9,5.01,osaka,10.8,2.3,6.6,0,0,0
2026/03/09,hokkaido,12.44,9.22,19.14,8.01,sapporo,2.2,-6.9,-2.4,0,0,0
2026/03/09,hokuriku,10.63,7.89,15.9,5.01,osaka,10.8,2.3,6.6,0,0,0
2026/03/09,kansai,10.63,7.89,15.9,5.01,osaka,10.8,2.3,6.6,0,0,0
2026/03/09,kyushu,9.54,3.2,15.9,0.01,nagasaki,10.3,2.6,6.5,0,0,0
2026/03/09,shikoku,8.94,7.01,15.9,0.01,nagasaki,10.3,2.6,6.5,0,0,0
2026/03/09,system,11.43,8.51,17,5.55,tokyo,8.9,0.4,4.7,0,0,0
2026/03/09,tohoku,12.5,9.22,19.14,7,tokyo,8.9,0.4,4.7,0,0,0
2026/03/09,tokyo,12.91,9.87,19.14,9.09,tokyo,8.9,0.4,4.7,0,0,0
2026/03/10,chubu,13.34,9.25,25.12,6.58,osaka,9.3,0.3,4.8,0,0,0
2026/03/10,chugoku,13.14,8.51,25.12,4.5,osaka,9.3,0.3,4.8,0,0,0
2026/03/10,hokkaido,15.09,11.21,25.12,10.39,sapporo,1.6,-7.6,-3,0,0,0
2026/03/10,hokuriku,13.34,9.25,25.12,6.58,osaka,9.3,0.3,4.8,0,0,0
2026/03/10,kansai,13.34,9.25,25.12,6.58,osaka,9.3,0.3,4.8,0,0,0
2026/03/10,kyushu,11.36,1.85,25.12,0.01,nagasaki,11.7,2.5,7.1,0,0,0
2026/03/10,shikoku,9.23,6.7,14.53,0.01,nagasaki,11.7,2.5,7.1,0,0,0
2026/03/10,system,13.53,9.02,22.94,8.27,tokyo,9.8,0.9,5.4,0,0,0
2026/03/10,tohoku,15.09,11.21,25.12,10.39,tokyo,9.8,0.9,5.4,0,0,0
2026/03/10,tokyo,15.09,11.21,25.12,10.39,tokyo,9.8,0.9,5.4,0,0,0
2026/03/11,chubu,11.9,8.46,18,3.01,osaka,9.9,1.9,5.9,0,0,0
2026/03/11,chugoku,11.25,6.45,18,1.5,osaka,9.9,1.9,5.9,0,0,0
2026/03/11,hokkaido,12.73,8.95,19.14,7,sapporo,2.7,-5.2,-1.3,0,0,0
2026/03/11,hokuriku,11.9,8.46,18,3.01,osaka,9.9,1.9,5.9,0,0,0
2026/03/11,kansai,11.9,8.46,18,3.01,osaka,9.9,1.9,5.9,0,0,0
2026/03/11,kyushu,10.35,3.01,18,0.01,nagasaki,10.7,2.7,6.7,0,0,0
2026/03/11,shikoku,8.93,2.43,14.53,0.01,nagasaki,10.7,2.7,6.7,0,0,0
2026/03/11,system,11.92,8.1,19.14,3,tokyo,10.4,2.4,6.4,0,0,0
2026/03/11,tohoku,12.72,8.95,19.14,7,tokyo,10.4,2.4,6.4,0,0,0
2026/03/11,tokyo,12.95,9.76,19.14,7,tokyo,10.4,2.4,6.4,0,0,0
2026/03/12,chubu,11.34,6.27,17.51,1.5,osaka,10.4,1.4,5.9,0,0,0
2026/03/12,chugoku,11.2,6.27,17.51,1.5,osaka,10.4,1.4,5.9,0,0,0
2026/03/12,hokkaido,11.85,7.67,17.76,6,sapporo,2.9,-5.8,-1.4,0,0,0
2026/03/12,hokuriku,11.34,6.27,17.51,1.5,osaka,10.4,1.4,5.9,0,0,0
2026/03/12,kansai,11.34,6.27,17.51,1.5,osaka,10.4,1.4,5.9,0,0,0
2026/03/12,kyushu,10.81,4.87,17.51,0.01,nagasaki,10.5,1.9,6.2,0,0,0
2026/03/12,shikoku,8.87,0.01,17.02,0.01,nagasaki,10.5,1.9,6.2,0,0,0
2026/03/12,system,11.47,6.36,17.51,2,tokyo,11,2,6.5,0,0,0
2026/03/12,tohoku,9.61,0.84,17.76,0.01,tokyo,11,2,6.5,0,0,0
2026/03/12,tokyo,12.79,9.96,19.14,8.08,tokyo,11,2,6.5,0,0,0
2026/03/13,chubu,13.56,11.5,19.62,8.5,osaka,11,3,7,0,0,0
2026/03/13,chugoku,13.24,11.03,19.62,2.33,osaka,11,3,7,0,0,0
2026/03/13,hokkaido,11.9,8.36,19.62,3,sapporo,4,-5.4,-0.7,0,0,0
2026/03/13,hokuriku,13.56,11.5,19.62,8.5,osaka,11,3,7,0,0,0
2026/03/13,kansai,13.56,11.5,19.62,8.5,osaka,11,3,7,0,0,0
2026/03/13,kyushu,11.12,5.68,19.62,0.01,nagasaki,12,2.6,7.3,0,0,0
2026/03/13,shikoku,9.54,2.87,18.13,0.01,nagasaki,12,2.6,7.3,0,0,0
2026/03/13,system,13.49,10.35,20.97,8.4,tokyo,9,1,5,0,0,0
2026/03/13,tohoku,10.78,6.14,19.62,0.01,tokyo,9,1,5,0,0,0
2026/03/13,tokyo,14.2,13.23,19.91,10.79,tokyo,9,1,5,0,0,0
2026/03/14,chubu,12.78,2.71,20.81,0.1,osaka,11.6,2.6,7.1,0,1,0
2026/03/14,chugoku,14.17,3.03,35,1,osaka,11.6,2.6,7.1,0,1,0
2026/03/14,hokkaido,14.24,8.19,20.81,3,sapporo,2.5,-5.6,-1.5,0,1,0
2026/03/14,hokuriku,14.17,3.03,35,1,osaka,11.6,2.6,7.1,0,1,0
2026/03/14,kansai,14.17,3.03,35,1,osaka,11.6,2.6,7.1,0,1,0
2026/03/14,kyushu,12.29,0.01,35,0.01,nagasaki,11.8,3.8,7.8,0,1,0
2026/03/14,shikoku,8.08,0.43,16.42,0.01,nagasaki,11.8,3.8,7.8,0,1,0
2026/03/14,system,12.67,1.37,20.21,0.01,tokyo,9.6,0.6,5.1,0,1,0
2026/03/14,tohoku,12.59,3.48,20.81,0.1,tokyo,9.6,0.6,5.1,0,1,0
2026/03/14,tokyo,14.24,4.24,20.81,0.1,tokyo,9.6,0.6,5.1,0,1,0
2026/03/15,chubu,14.04,7.73,20.2,3,osaka,12.1,4,8.1,0,1,0
2026/03/15,chugoku,13.43,6.57,20.2,1,osaka,12.1,4,8.1,0,1,0
2026/03/15,hokkaido,13.53,6.08,19.86,2.5,sapporo,2.8,-6,-1.6,0,1,0
2026/03/15,hokuriku,14.25,7.73,20.2,3,osaka,12.1,4,8.1,0,1,0
2026/03/15,kansai,14.25,7.73,20.2,3,osaka,12.1,4,8.1,0,1,0
2026/03/15,kyushu,10.44,0.01,18.37,0.01,nagasaki,10.8,2,6.4,0,1,0
2026/03/15,shikoku,7.51,0.18,14.04,0.01,nagasaki,10.8,2,6.4,0,1,0
2026/03/15,system,12.39,2.83,19.72,0.6,tokyo,10.2,2.2,6.2,0,1,0
2026/03/15,tohoku,12.04,1.63,19.86,0.01,tokyo,10.2,2.2,6.2,0,1,0
2026/03/15,tokyo,14.96,9,20.2,3,tokyo,10.2,2.2,6.2,0,1,0
2026/03/16,chubu,14.91,8.36,21.21,6.35,osaka,10.2,1.1,5.6,0,0,0
2026/03/16,chugoku,16.03,8.36,30.77,6.35,osaka,10.2,1.1,5.6,0,0,0
2026/03/16,hokkaido,13.18,6.33,19.77,2,sapporo,3.8,-3.7,0,0,0,0
2026/03/16,hokuriku,16.03,8.36,30.77,6.35,osaka,10.2,1.1,5.6,0,0,0
2026/03/16,kansai,16.03,8.36,30.77,6.35,osaka,10.2,1.1,5.6,0,0,0
2026/03/16,kyushu,11.21,4.14,19.77,0.01,nagasaki,12.4,4.9,8.7,0,0,0
2026/03/16,shikoku,11.06,0.01,21.21,0.01,nagasaki,12.4,4.9,8.7,0,0,0
2026/03/16,system,14.57,8.12,19.86,6.05,tokyo,10.8,1.7,6.3,0,0,0
2026/03/16,tohoku,11.91,2.39,19.77,0.01,tokyo,10.8,1.7,6.3,0,0,0
2026/03/16,tokyo,18.89,17.1,24,15.3,tokyo,10.8,1.7,6.3,0,0,0
2026/03/17,chubu,15.94,8.48,24.11,4.88,osaka,10.8,2.7,6.8,0,0,0
2026/03/17,chugoku,15.61,7.4,24.11,2.47,osaka,10.8,2.7,6.8,0,0,0
2026/03/17,hokkaido,13.57,6.4,21.08,2,sapporo,4.1,-4.2,-0.1,0,0,0
2026/03/17,hokuriku,16.3,8.48,30.77,4.88,osaka,10.8,2.7,6.8,0,0,0
2026/03/17,kansai,16.3,8.48,30.77,4.88,osaka,10.8,2.7,6.8,0,0,0
2026/03/17,kyushu,12.75,1.77,24.11,0.01,nagasaki,12.2,4,8.1,0,0,0
2026/03/17,shikoku,10,0.01,19.99,0.01,nagasaki,12.2,4,8.1,0,0,0
2026/03/17,system,14.93,7.04,23.31,2.5,tokyo,11.3,3.2,7.3,0,0,0
2026/03/17,tohoku,12.04,1.42,21.08,0.01,tokyo,11.3,3.2,7.3,0,0,0
2026/03/17,tokyo,17.73,14.62,24.11,8,tokyo,11.3,3.2,7.3,0,0,0
2026/03/18,chubu,17.2,19.19,21.25,9.5,osaka,11.4,2.3,6.8,0,0,0
2026/03/18,chugoku,17.21,19.19,21.25,9.5,osaka,11.4,2.3,6.8,0,0,0
2026/03/18,hokkaido,14.74,10.69,21.07,3.02,sapporo,5.2,-3.8,0.7,0,0,0
2026/03/18,hokuriku,17.21,19.19,21.25,9.5,osaka,11.4,2.3,6.8,0,0,0
2026/03/18,kansai,17.21,19.19,21.25,9.5,osaka,11.4,2.3,6.8,0,0,0
2026/03/18,kyushu,15.47,14.52,20.7,8.71,nagasaki,11.2,2.3,6.8,0,0,0
2026/03/18,shikoku,12.05,9.28,18.74,7.61,nagasaki,11.2,2.3,6.8,0,0,0
2026/03/18,system,16.79,18.15,21.25,11.48,tokyo,11.9,2.8,7.3,0,0,0
2026/03/18,tohoku,14.67,11.29,21.07,3.02,tokyo,11.9,2.8,7.3,0,0,0
2026/03/18,tokyo,18.72,19.19,21.25,13.77,tokyo,11.9,2.8,7.3,0,0,0
2026/03/19,chubu,12.68,6.93,17.2,2.03,osaka,12,3.9,8,0,0,0
2026/03/19,chugoku,11.24,5.64,17.2,2.03,osaka,12,3.9,8,0,0,0
2026/03/19,hokkaido,14.01,10.73,19.56,8.5,sapporo,3.7,-4,-0.1,0,0,0
2026/03/19,hokuriku,11.64,6.93,17.2,2.03,osaka,12,3.9,8,0,0,0
2026/03/19,kansai,11.64,6.93,17.2,2.03,osaka,12,3.9,8,0,0,0
2026/03/19,kyushu,10.11,1.44,17.2,0.01,nagasaki,13.5,5.9,9.7,0,0,0
2026/03/19,shikoku,8.3,0.01,17.2,0.01,nagasaki,13.5,5.9,9.7,0,0,0
2026/03/19,system,12.8,6.77,18.14,4.37,tokyo,10,1.9,6,0,0,0
2026/03/19,tohoku,12.86,6.08,19.56,3,tokyo,10,1.9,6,0,0,0
2026/03/19,tokyo,17.26,14.38,20.28,9.7,tokyo,10,1.9,6,0,0,0
2026/03/20,chubu,13.56,7.46,20,2.6,osaka,13,4.4,8.7,0,0,0
2026/03/20,chugoku,12.16,4.32,18.43,0.2,osaka,13,4.4,8.7,0,0,0
2026/03/20,hokkaido,10.55,3.33,18.94,0.01,sapporo,3.2,-4.6,-0.7,0,0,0
2026/03/20,hokuriku,12.4,5.44,18.43,0.2,osaka,13,4.4,8.7,0,0,0
2026/03/20,kansai,12.4,5.44,18.43,0.2,osaka,13,4.4,8.7,0,0,0
2026/03/20,kyushu,10.06,0.01,18.43,0.01,nagasaki,12.4,3.3,7.8,0,0,0
2026/03/20,shikoku,7.46,0.18,17.88,0.01,nagasaki,12.4,3.3,7.8,0,0,0
2026/03/20,system,11.84,4.02,18.74,1,tokyo,11,2.4,6.7,0,0,0
2026/03/20,tohoku,10.46,3.33,18.99,0.01,tokyo,11,2.4,6.7,0,0,0
2026/03/20,tokyo,18.67,17.41,20.93,16.17,tokyo,11,2.4,6.7,0,0,0
2026/03/21,chubu,10.84,0.19,18.41,0.01,osaka,11,3.4,7.2,0,1,0
2026/03/21,chugoku,10.3,0.06,18,0.01,osaka,11,3.4,7.2,0,1,0
2026/03/21,hokkaido,11.73,6.69,16.7,3,sapporo,3.5,-5.1,-0.8,0,1,0
2026/03/21,hokuriku,10.49,0.14,18,0.01,osaka,11,3.4,7.2,0,1,0
2026/03/21,kansai,10.49,0.14,18,0.01,osaka,11,3.4,7.2,0,1,0
2026/03/21,kyushu,9.96,0.01,18,0.01,nagasaki,13.9,6,9.9,0,1,0
2026/03/21,shikoku,8.59,0.06,17.86,0.01,nagasaki,13.9,6,9.9,0,1,0
2026/03/21,system,10.84,0.01,17.74,0.01,tokyo,11.6,4,7.8,0,1,0
2026/03/21,tohoku,7.7,0.01,16.7,0.01,tokyo,11.6,4,7.8,0,1,0
2026/03/21,tokyo,12.69,1.44,19.63,0.02,tokyo,11.6,4,7.8,0,1,0
2026/03/22,chubu,10.48,6.54,15.39,0.1,osaka,11.6,3,7.3,0,1,0
2026/03/22,chugoku,10.97,6.58,15.39,2.5,osaka,11.6,3,7.3,0,1,0
2026/03/22,hokkaido,11.98,2.85,21.98,0.01,sapporo,4.5,-4.8,-0.1,0,1,0
2026/03/22,hokuriku,10.97,6.58,15.39,2.5,osaka,11.6,3,7.3,0,1,0
2026/03/22,kansai,10.97,6.58,15.39,2.5,osaka,11.6,3,7.3,0,1,0
2026/03/22,kyushu,10.97,6.58,15.39,2.5,nagasaki,13.7,5.2,9.4,0,1,0
2026/03/22,shikoku,8.23,6.58,14.86,2.5,nagasaki,13.7,5.2,9.4,0,1,0
2026/03/22,system,10.66,4.02,17.55,0.04,tokyo,12.2,3.6,7.9,0,1,0
2026/03/22,tohoku,11.87,2.85,21.98,0.01,tokyo,12.2,3.6,7.9,0,1,0
2026/03/22,tokyo,13.01,5.33,21.98,0.05,tokyo,12.2,3.6,7.9,0,1,0
2026/03/23,chubu,15.68,11.8,19.63,8.17,osaka,12.2,4.6,8.4,0,0,0
2026/03/23,chugoku,14.12,8.97,19.48,4.27,osaka,12.2,4.6,8.4,0,0,0
2026/03/23,hokkaido,14.91,12.14,22.1,3,sapporo,4.8,-3.3,0.8,0,0,0
2026/03/23,hokuriku,14.72,10.33,19.48,6.91,osaka,12.2,4.6,8.4,0,0,0
2026/03/23,kansai,14.72,10.33,19.48,6.91,osaka,12.2,4.6,8.4,0,0,0
2026/03/23,kyushu,10.87,0.51,19.48,0.01,nagasaki,12.8,3.5,8.2,0,0,0
2026/03/23,shikoku,6.89,0.01,16.36,0.01,nagasaki,12.8,3.5,8.2,0,0,0
2026/03/23,system,14.49,8.5,19.27,7.8,tokyo,12.8,5.2,9,0,0,0
2026/03/23,tohoku,14.33,10.17,22.1,3,tokyo,12.8,5.2,9,0,0,0
2026/03/23,tokyo,18.29,17.14,22.1,16.3,tokyo,12.8,5.2,9,0,0,0
2026/03/24,chubu,14.05,9.64,21,0.1,osaka,12.8,4.1,8.4,0,0,0
2026/03/24,chugoku,13.78,9.26,21,0.1,osaka,12.8,4.1,8.4,0,0,0
2026/03/24,hokkaido,12.68,3.17,21,0.01,sapporo,5.9,-2.9,1.5,0,0,0
2026/03/24,hokuriku,13.88,10.03,21,0.1,osaka,12.8,4.1,8.4,0,0,0
2026/03/24,kansai,13.88,10.03,21,0.1,osaka,12.8,4.1,8.4,0,0,0
2026/03/24,kyushu,13.13,8.2,21,0.1,nagasaki,12.6,4.7,8.7,0,0,0
2026/03/24,shikoku,8.95,7.43,19.5,0.1,nagasaki,12.6,4.7,8.7,0,0,0
2026/03/24,system,13.43,7.47,21,0.01,tokyo,13.4,4.8,9.1,0,0,0
2026/03/24,tohoku,12.21,2.78,21,0.01,tokyo,13.4,4.8,9.1,0,0,0
2026/03/24,tokyo,14.71,9.96,21,0.1,tokyo,13.4,4.8,9.1,0,0,0
2026/03/25,chubu,17.68,19.46,21.39,13.88,osaka,13.4,5.7,9.6,0,0,0
2026/03/25,chugoku,17.29,19.46,21.39,10.25,osaka,13.4,5.7,9.6,0,0,0
2026/03/25,hokkaido,13.62,7,24.22,1,sapporo,4.4,-3.1,0.7,0,0,0
2026/03/25,hokuriku,17.29,19.46,21.39,10.25,osaka,13.4,5.7,9.6,0,0,0
2026/03/25,kansai,17.29,19.46,21.39,10.25,osaka,13.4,5.7,9.6,0,0,0
2026/03/25,kyushu,15.42,19.46,21.39,8.46,nagasaki,14.1,5.4,9.8,0,0,0
2026/03/25,shikoku,8.15,7.92,12.27,5.5,nagasaki,14.1,5.4,9.8,0,0,0
2026/03/25,system,17.49,17.95,19.35,14,tokyo,11.5,3.8,7.7,0,0,0
2026/03/25,tohoku,13.66,6.75,24.22,1,tokyo,11.5,3.8,7.7,0,0,0
2026/03/25,tokyo,18.94,19.46,24.22,16.82,tokyo,11.5,3.8,7.7,0,0,0
2026/03/26,chubu,18.37,16.52,24.6,9.88,osaka,14,5.3,9.7,0,0,0
2026/03/26,chugoku,14.62,8.36,21,1,osaka,14,5.3,9.7,0,0,0
2026/03/26,hokkaido,16.69,14.09,21,8.27,sapporo,4.8,-3.5,0.6,0,0,0
2026/03/26,hokuriku,17.05,14.79,24.6,9.74,osaka,14,5.3,9.7,0,0,0
2026/03/26,kansai,17.05,14.79,24.6,9.74,osaka,14,5.3,9.7,0,0,0
2026/03/26,kyushu,10.88,0.09,20.7,0.01,nagasaki,13.9,4.6,9.3,0,0,0
2026/03/26,shikoku,5.17,0.01,12.19,0.01,nagasaki,13.9,4.6,9.3,0,0,0
2026/03/26,system,15.37,9.6,20.25,7.93,tokyo,12.1,3.4,7.8,0,0,0
2026/03/26,tohoku,16.74,14.09,21,8.27,tokyo,12.1,3.4,7.8,0,0,0
2026/03/26,tokyo,19.2,18.82,24.6,16.85,tokyo,12.1,3.4,7.8,0,0,0
2026/03/27,chubu,15.26,9.99,20.4,1,osaka,14.6,6.9,10.8,0,0,0
2026/03/27,chugoku,11.33,3.09,18.1,0.01,osaka,14.6,6.9,10.8,0,0,0
2026/03/27,hokkaido,17.47,16.68,20.69,10.17,sapporo,5.8,-3.2,1.3,0,0,0
2026/03/27,hokuriku,11.55,4.1,18.1,0.02,osaka,14.6,6.9,10.8,0,0,0
2026/03/27,kansai,11.55,4.1,18.1,0.02,osaka,14.6,6.9,10.8,0,0,0
2026/03/27,kyushu,10.58,2.65,18.1,0.01,nagasaki,13,4.9,8.9,0,0,0
2026/03/27,shikoku,4.95,1.04,10,0.01,nagasaki,13,4.9,8.9,0,0,0
2026/03/27,system,14.08,7.85,20.04,3,tokyo,12.7,5,8.8,0,0,0
2026/03/27,tohoku,15.01,5.57,20.69,3.01,tokyo,12.7,5,8.8,0,0,0
2026/03/27,tokyo,16.98,13.75,20.69,10.62,tokyo,12.7,5,8.8,0,0,0
2026/03/28,chubu,10.28,0.13,19.62,0.01,osaka,12.7,4,8.3,0,1,0
2026/03/28,chugoku,9.31,0.11,17.67,0.01,osaka,12.7,4,8.3,0,1,0
2026/03/28,hokkaido,15.17,10.23,21.11,9.12,sapporo,6.1,-1.7,2.2,0,1,0
2026/03/28,hokuriku,9.31,0.11,17.67,0.01,osaka,12.7,4,8.3,0,1,0
2026/03/28,kansai,9.31,0.11,17.67,0.01,osaka,12.7,4,8.3,0,1,0
2026/03/28,kyushu,8.53,0.01,16.2,0.01,nagasaki,14.6,5.8,10.2,0,1,0
2026/03/28,shikoku,5.43,0.11,12,0.01,nagasaki,14.6,5.8,10.2,0,1,0
2026/03/28,system,10.57,0.03,18.56,0.01,tokyo,13.3,4.6,8.9,0,1,0
2026/03/28,tohoku,11.62,0.28,21.11,0.01,tokyo,13.3,4.6,8.9,0,1,0
2026/03/28,tokyo,12.12,0.28,21.11,0.01,tokyo,13.3,4.6,8.9,0,1,0
2026/03/29,chubu,9.01,0.03,18.5,0.01,osaka,13.3,5.5,9.4,0,1,0
2026/03/29,chugoku,7.16,0.01,15.07,0.01,osaka,13.3,5.5,9.4,0,1,0
2026/03/29,hokkaido,11.61,2.61,18.92,0.01,sapporo,7.2,-1.3,3,0,1,0
2026/03/29,hokuriku,7.16,0.01,15.07,0.01,osaka,13.3,5.5,9.4,0,1,0
2026/03/29,kansai,7.16,0.01,15.07,0.01,osaka,13.3,5.5,9.4,0,1,0
2026/03/29,kyushu,6.96,0.01,15.07,0.01,nagasaki,14.4,4.9,9.7,0,1,0
2026/03/29,shikoku,4.79,0.01,8.66,0.01,nagasaki,14.4,4.9,9.7,0,1,0
2026/03/29,system,7.98,0.01,15.58,0.01,tokyo,13.9,6.2,10.1,0,1,0
2026/03/29,tohoku,10.75,0.03,18.92,0.01,tokyo,13.9,6.2,10.1,0,1,0
2026/03/29,tokyo,11.03,0.03,18.92,0.01,tokyo,13.9,6.2,10.1,0,1,0
2026/03/30,chubu,15.38,11.06,20.63,6.25,osaka,14.3,6.1,10.2,0,0,0
2026/03/30,chugoku,11.97,9.6,17.91,6.25,osaka,14.3,6.1,10.2,0,0,0
2026/03/30,hokkaido,14.65,9.12,21.53,3.82,sapporo,6.7,-1.9,2.4,0,0,0
2026/03/30,hokuriku,12.51,10.84,17.91,6.25,osaka,14.3,6.1,10.2,0,0,0
2026/03/30,kansai,12.51,10.84,17.91,6.25,osaka,14.3,6.1,10.2,0,0,0
2026/03/30,kyushu,10.97,9.12,17.91,6.25,nagasaki,15.8,6.8,11.3,0,0,0
2026/03/30,shikoku,7.46,7.64,8.74,6.25,nagasaki,15.8,6.8,11.3,0,0,0
2026/03/30,system,12.71,9.73,20,6.16,tokyo,12.4,4.2,8.3,0,0,0
2026/03/30,tohoku,12.87,5.91,21.53,0.01,tokyo,12.4,4.2,8.3,0,0,0
2026/03/30,tokyo,17.29,13.48,21.53,6.84,tokyo,12.4,4.2,8.3,0,0,0
2026/03/31,chubu,18.88,18.02,22.24,15.58,osaka,14.9,5.7,10.3,0,0,0
2026/03/31,chugoku,12.21,14.88,17.49,8.08,osaka,14.9,5.7,10.3,0,0,0
2026/03/31,hokkaido,17.41,16.77,22.55,13.54,sapporo,7.7,-1.6,3,0,0,0
2026/03/31,hokuriku,13.5,16.86,22.18,8.46,osaka,14.9,5.7,10.3,0,0,0
2026/03/31,kansai,13.5,16.86,22.18,8.46,osaka,14.9,5.7,10.3,0,0,0
2026/03/31,kyushu,10.29,8.11,15.07,8.08,nagasaki,14.9,7.1,11,0,0,0
2026/03/31,shikoku,8.48,7.16,15.07,6.66,nagasaki,14.9,7.1,11,0,0,0
2026/03/31,system,14.79,15.77,18.33,8.5,tokyo,13,3.8,8.4,0,0,0
2026/03/31,tohoku,17.41,16.77,22.55,13.54,tokyo,13,3.8,8.4,0,0,0
2026/03/31,tokyo,19.93,21.61,22.55,17.57,tokyo,13,3.8,8.4,0,0,0
2026/04/01,chubu,26.97,41.6,44.7,14.83,osaka,14.6,5.6,10.1,0,0,0
2026/04/01,chugoku,19.2,21.64,25.5,8.58,osaka,14.6,5.6,10.1,0,0,0
2026/04/01,hokkaido,18.89,20.38,38.54,7.83,sapporo,7.3,-0.7,3.3,0,0,0
2026/04/01,hokuriku,22.96,41.6,44.7,8.58,osaka,14.6,5.6,10.1,0,0,0
2026/04/01,kansai,19.77,26.17,34.6,8.58,osaka,14.6,5.6,10.1,0,0,0
2026/04/01,kyushu,14.64,14.34,24,8.58,nagasaki,15.7,7.2,11.4,0,0,0
2026/04/01,shikoku,16.24,15.31,25.5,7.93,nagasaki,15.7,7.2,11.4,0,0,0
2026/04/01,system,23.15,29.36,34.6,12.7,tokyo,15.2,6.2,10.7,0,0,0
2026/04/01,tohoku,18.97,20.38,38.54,7.83,tokyo,15.2,6.2,10.7,0,0,0
2026/04/01,tokyo,26.96,41.6,44.7,14.83,tokyo,15.2,6.2,10.7,0,0,0
2026/04/02,chubu,25.9,14.9,42.17,1.87,osaka,15.2,7.2,11.2,0,0,0
2026/04/02,chugoku,12.49,8.27,19.66,1.87,osaka,15.2,7.2,11.2,0,0,0
2026/04/02,hokkaido,22.39,21.52,32,16.27,sapporo,7.6,-1.1,3.3,0,0,0
2026/04/02,hokuriku,13.53,13.2,19.66,1.87,osaka,15.2,7.2,11.2,0,0,0
2026/04/02,kansai,13.43,13.2,19.66,1.87,osaka,15.2,7.2,11.2,0,0,0
2026/04/02,kyushu,10.53,0.42,19.66,0.01,nagasaki,15.5,6.4,10.9,0,0,0
2026/04/02,shikoku,9.09,1.95,19.29,0.01,nagasaki,15.5,6.4,10.9,0,0,0
2026/04/02,system,17.46,10.42,22.78,6.95,tokyo,13.3,5.3,9.3,0,0,0
2026/04/02,tohoku,22.51,21.52,32,16.27,tokyo,13.3,5.3,9.3,0,0,0
2026/04/02,tokyo,25.62,22.41,50,17.93,tokyo,13.3,5.3,9.3,0,0,0
2026/04/03,chubu,22.18,12.59,41.19,2.5,osaka,15.9,6.8,11.3,0,0,0
2026/04/03,chugoku,11.95,5.8,24.27,0.01,osaka,15.9,6.8,11.3,0,0,0
2026/04/03,hokkaido,18.68,1.68,50,0.01,sapporo,8.7,-0.7,4,0,0,0
2026/04/03,hokuriku,13.94,11.16,24.27,2.5,osaka,15.9,6.8,11.3,0,0,0
2026/04/03,kansai,13.94,11.16,24.27,2.5,osaka,15.9,6.8,11.3,0,0,0
2026/04/03,kyushu,11.13,2.22,19.66,0.01,nagasaki,14.6,6.7,10.7,0,0,0
2026/04/03,shikoku,4,0.01,6.95,0.01,nagasaki,14.6,6.7,10.7,0,0,0
2026/04/03,system,14.68,3.57,30,0.01,tokyo,13.9,4.9,9.4,0,0,0
2026/04/03,tohoku,19.06,1.68,50,0.01,tokyo,13.9,4.9,9.4,0,0,0
2026/04/03,tokyo,22.26,11.73,50.01,2.5,tokyo,13.9,4.9,9.4,0,0,0
2026/04/04,chubu,24.29,29.37,34.57,15.78,osaka,16.5,8.4,12.4,0,1,0
2026/04/04,chugoku,13.2,10.9,18.73,8.61,osaka,16.5,8.4,12.4,0,1,0
2026/04/04,hokkaido,15.22,15.14,21.4,3.05,sapporo,7.3,-0.8,3.3,0,1,0
2026/04/04,hokuriku,13.2,10.9,18.73,8.61,osaka,16.5,8.4,12.4,0,1,0
2026/04/04,kansai,13.2,10.9,18.73,8.61,osaka,16.5,8.4,12.4,0,1,0
2026/04/04,kyushu,12.12,8.83,18.73,8.61,nagasaki,16.9,8.4,12.6,0,1,0
2026/04/04,shikoku,5.93,1.38,6.95,0.02,nagasaki,16.9,8.4,12.6,0,1,0
2026/04/04,system,16.82,17.12,18.82,11,tokyo,14.5,6.4,10.4,0,1,0
2026/04/04,tohoku,15.39,15.66,21.4,3.05,tokyo,14.5,6.4,10.4,0,1,0
2026/04/04,tokyo,22.95,29.58,35.83,15.78,tokyo,14.5,6.4,10.4,0,1,0
2026/04/05,chubu,12.28,0.95,28.52,0.01,osaka,14.6,5.5,10.1,0,1,0
2026/04/05,chugoku,6.86,0.09,14.57,0.01,osaka,14.6,5.5,10.1,0,1,0
2026/04/05,hokkaido,12.67,2.99,21.79,0.01,sapporo,7.6,-1.3,3.1,0,1,0
2026/04/05,hokuriku,6.92,0.09,14.57,0.01,osaka,14.6,5.5,10.1,0,1,0
2026/04/05,kansai,6.86,0.09,14.57,0.01,osaka,14.6,5.5,10.1,0,1,0
2026/04/05,kyushu,6.84,0.01,14.57,0.01,nagasaki,15.9,6.6,11.3,0,1,0
2026/04/05,shikoku,4.41,0.01,8,0.01,nagasaki,15.9,6.6,11.3,0,1,0
2026/04/05,system,10.11,0.52,19.66,0.01,tokyo,15.1,6,10.6,0,1,0
2026/04/05,tohoku,12.65,2.99,21.79,0.01,tokyo,15.1,6,10.6,0,1,0
2026/04/05,tokyo,19.16,10.66,35,6.59,tokyo,15.1,6,10.6,0,1,0
2026/04/06,chubu,18.75,15.7,38.72,1.95,osaka,15.2,7.1,11.1,0,0,0
2026/04/06,chugoku,9.56,9.1,16,1.95,osaka,15.2,7.1,11.1,0,0,0
2026/04/06,hokkaido,15.22,6.66,35,0.01,sapporo,8.7,1.1,4.9,0,0,0
2026/04/06,hokuriku,9.79,10.87,16,1.95,osaka,15.2,7.1,11.1,0,0,0
2026/04/06,kansai,9.79,10.87,16,1.95,osaka,15.2,7.1,11.1,0,0,0
2026/04/06,kyushu,9.47,8.97,16,1.95,nagasaki,17.5,9.5,13.5,0,0,0
2026/04/06,shikoku,5.27,0.49,8.65,0.01,nagasaki,17.5,9.5,13.5,0,0,0
2026/04/06,system,12.68,9.41,23.5,0.02,tokyo,15.7,7.6,11.6,0,0,0
2026/04/06,tohoku,15.99,7.23,37.97,0.01,tokyo,15.7,7.6,11.6,0,0,0
2026/04/06,tokyo,19.59,18.85,38.72,1.5,tokyo,15.7,7.6,11.6,0,0,0
2026/04/07,chubu,24.24,26.07,37.54,17.15,osaka,15.8,6.7,11.3,0,0,0
2026/04/07,chugoku,15.47,3.9,37.54,0.01,osaka,15.8,6.7,11.3,0,0,0
2026/04/07,hokkaido,17.9,16.66,20,12.39,sapporo,9,0.6,4.8,0,0,0
2026/04/07,hokuriku,22.5,26.07,37.54,8.84,osaka,15.8,6.7,11.3,0,0,0
2026/04/07,kansai,22.5,26.07,37.54,8.84,osaka,15.8,6.7,11.3,0,0,0
2026/04/07,kyushu,10.95,0.35,23.5,0.01,nagasaki,17.3,8.6,12.9,0,0,0
2026/04/07,shikoku,7.15,1.47,15,0.01,nagasaki,17.3,8.6,12.9,0,0,0
2026/04/07,system,20.07,17.69,35,14.43,tokyo,16.3,7.2,11.8,0,0,0
2026/04/07,tohoku,18.76,17.55,21.79,12.39,tokyo,16.3,7.2,11.8,0,0,0
2026/04/07,tokyo,23.67,28.82,35,17.15,tokyo,16.3,7.2,11.8,0,0,0
2026/04/08,chubu,19.98,9.14,39.94,1,osaka,16.4,8.2,12.3,0,0,0
2026/04/08,chugoku,14.12,1.79,35,0.01,osaka,16.4,8.2,12.3,0,0,0
2026/04/08,hokkaido,11.33,0.67,19.89,0.01,sapporo,7.6,-1.5,3,0,0,0
2026/04/08,hokuriku,17.92,9.02,35.68,1,osaka,16.4,8.2,12.3,0,0,0
2026/04/08,kansai,17.92,9.02,35.68,1,osaka,16.4,8.2,12.3,0,0,0
2026/04/08,kyushu,12.82,0.01,35,0.01,nagasaki,16.4,7,11.7,0,0,0
2026/04/08,shikoku,5.41,0.18,9.13,0.01,nagasaki,16.4,7,11.7,0,0,0
2026/04/08,system,14.75,1.57,30,0.01,tokyo,14.5,6.4,10.4,0,0,0
2026/04/08,tohoku,15.83,0.67,39.94,0.01,tokyo,14.5,6.4,10.4,0,0,0
2026/04/08,tokyo,20.09,9.19,40,0.01,tokyo,14.5,6.4,10.4,0,0,0
2026/04/09,chubu,21.59,22.11,31,9.3,osaka,17,7.8,12.4,0,0,0
2026/04/09,chugoku,19.92,22.11,27,8.61,osaka,17,7.8,12.4,0,0,0
2026/04/09,hokkaido,11.76,3.02,20.01,0.01,sapporo,8.7,0.9,4.8,0,0,0
2026/04/09,hokuriku,20.84,22.11,30,9.3,osaka,17,7.8,12.4,0,0,0
2026/04/09,kansai,20.84,22.11,30,9.3,osaka,17,7.8,12.4,0,0,0
2026/04/09,kyushu,14,8.57,19.99,5,nagasaki,16.2,8.1,12.1,0,0,0
2026/04/09,shikoku,10.6,11.12,23.5,6.93,nagasaki,16.2,8.1,12.1,0,0,0
2026/04/09,system,17.93,14.27,27,6.85,tokyo,15.1,5.9,10.5,0,0,0
2026/04/09,tohoku,14.11,3.02,27,0.01,tokyo,15.1,5.9,10.5,0,0,0
2026/04/09,tokyo,22.17,17.21,50,11.07,tokyo,15.1,5.9,10.5,0,0,0
2026/04/10,chubu,23.97,28.36,32.24,18.78,osaka,15.6,8,11.8,0,0,0
2026/04/10,chugoku,21.5,21.8,32.24,13.23,osaka,15.6,8,11.8,0,0,0
2026/04/10,hokkaido,19.99,19.59,27.5,14.21,sapporo,8.2,0.3,4.3,0,0,0
2026/04/10,hokuriku,23.06,28.36,32.24,13.23,osaka,15.6,8,11.8,0,0,0
2026/04/10,kansai,23.06,28.36,32.24,13.23,osaka,15.6,8,11.8,0,0,0
2026/04/10,kyushu,15.51,10.6,27,9.03,nagasaki,17.7,10.1,13.9,0,0,0
2026/04/10,shikoku,12.44,7.2,31.03,6.91,nagasaki,17.7,10.1,13.9,0,0,0
2026/04/10,system,22.39,25.02,29.88,17.39,tokyo,16.1,8.5,12.3,0,0,0
2026/04/10,tohoku,21.44,22.53,27.5,14.21,tokyo,16.1,8.5,12.3,0,0,0
2026/04/10,tokyo,23.96,28.36,32.24,18,tokyo,16.1,8.5,12.3,0,0,0
2026/04/11,chubu,11.84,3.31,20,0.01,osaka,16.2,7.6,11.9,0,1,0
2026/04/11,chugoku,10.03,3.31,18.42,0.01,osaka,16.2,7.6,11.9,0,1,0
2026/04/11,hokkaido,5.87,0.06,17.06,0.01,sapporo,8.5,-0.2,4.2,0,1,0
2026/04/11,hokuriku,10.03,3.31,18.42,0.01,osaka,16.2,7.6,11.9,0,1,0
2026/04/11,kansai,10.03,3.31,18.42,0.01,osaka,16.2,7.6,11.9,0,1,0
2026/04/11,kyushu,8.63,0.01,17.09,0.01,nagasaki,16.7,8.3,12.5,0,1,0
2026/04/11,shikoku,8.04,0.01,17.09,0.01,nagasaki,16.7,8.3,12.5,0,1,0
2026/04/11,system,10.03,0.51,17.89,0.01,tokyo,16.7,8.1,12.4,0,1,0
2026/04/11,tohoku,5.87,0.06,17.06,0.01,tokyo,16.7,8.1,12.4,0,1,0
2026/04/11,tokyo,14.16,12.16,20,0.01,tokyo,16.7,8.1,12.4,0,1,0
2026/04/12,chubu,10.3,1.66,18,0.01,osaka,16.8,9.1,12.9,0,1,0
2026/04/12,chugoku,9.86,1.66,18,0.01,osaka,16.8,9.1,12.9,0,1,0
2026/04/12,hokkaido,6.76,0.01,17.41,0.01,sapporo,9.6,0.2,4.9,0,1,0
2026/04/12,hokuriku,9.86,1.66,18,0.01,osaka,16.8,9.1,12.9,0,1,0
2026/04/12,kansai,9.86,1.66,18,0.01,osaka,16.8,9.1,12.9,0,1,0
2026/04/12,kyushu,8.78,1.49,18,0.01,nagasaki,19.1,10.1,14.6,0,1,0
2026/04/12,shikoku,6.25,0.01,14.02,0.01,nagasaki,19.1,10.1,14.6,0,1,0
2026/04/12,system,9.6,0.68,18.42,0.01,tokyo,17.3,9.7,13.5,0,1,0
2026/04/12,tohoku,6.83,0.01,17.41,0.01,tokyo,17.3,9.7,13.5,0,1,0
2026/04/12,tokyo,13.08,3.04,25.84,0.01,tokyo,17.3,9.7,13.5,0,1,0
2026/04/13,chubu,17.4,12.25,32.05,7,osaka,17.4,8.7,13,0,0,0
2026/04/13,chugoku,13.45,9.39,18.42,7,osaka,17.4,8.7,13,0,0,0
2026/04/13,hokkaido,13.98,2.96,30,0.01,sapporo,9.9,1.7,5.8,0,0,0
2026/04/13,hokuriku,13.99,10.89,18.42,7,osaka,17.4,8.7,13,0,0,0
2026/04/13,kansai,13.99,10.89,18.42,7,osaka,17.4,8.7,13,0,0,0
2026/04/13,kyushu,13.45,9.39,18.42,7.07,nagasaki,18.1,10.3,14.2,0,0,0
2026/04/13,shikoku,6.36,0.34,15.09,0.01,nagasaki,18.1,10.3,14.2,0,0,0
2026/04/13,system,14.95,9.42,26.69,2.95,tokyo,18,9.3,13.7,0,0,0
2026/04/13,tohoku,14.16,2.96,30,0.01,tokyo,18,9.3,13.7,0,0,0
2026/04/13,tokyo,20,13.91,46,8.09,tokyo,18,9.3,13.7,0,0,0
2026/04/14,chubu,18.8,18.52,27.07,8.25,osaka,18,10.3,14.2,0,0,0
2026/04/14,chugoku,14.48,15.8,20.7,8.25,osaka,18,10.3,14.2,0,0,0
2026/04/14,hokkaido,15.12,5.96,30,0.01,sapporo,11,2.1,6.5,0,0,0
2026/04/14,hokuriku,15.15,18.52,25.23,8.25,osaka,18,10.3,14.2,0,0,0
2026/04/14,kansai,15.15,18.52,25.23,8.25,osaka,18,10.3,14.2,0,0,0
2026/04/14,kyushu,13.61,10.9,20.69,8.25,nagasaki,18,9.6,13.8,0,0,0
2026/04/14,shikoku,9.72,10.84,20.7,5,nagasaki,18,9.6,13.8,0,0,0
2026/04/14,system,17.09,15.1,26.69,6.82,tokyo,16.1,8.4,12.3,0,0,0
2026/04/14,tohoku,15.57,5.96,30,0.01,tokyo,16.1,8.4,12.3,0,0,0
2026/04/14,tokyo,21.19,18.55,44.9,13.3,tokyo,16.1,8.4,12.3,0,0,0
2026/04/15,chubu,21.26,23.63,26.97,17.7,osaka,18.6,9.9,14.3,0,0,0
2026/04/15,chugoku,18.97,23.63,26,10.9,osaka,18.6,9.9,14.3,0,0,0
2026/04/15,hokkaido,19.12,19.12,26.97,9.17,sapporo,9.6,2,5.8,0,0,0
2026/04/15,hokuriku,19.07,23.63,26,10.9,osaka,18.6,9.9,14.3,0,0,0
2026/04/15,kansai,19.07,23.63,26,10.9,osaka,18.6,9.9,14.3,0,0,0
2026/04/15,kyushu,14.77,9.4,26,8.84,nagasaki,19.6,10.4,15,0,0,0
2026/04/15,shikoku,6.96,8.41,8.54,2.95,nagasaki,19.6,10.4,15,0,0,0
2026/04/15,system,19.82,19.94,25.22,16.41,tokyo,16.7,8,12.3,0,0,0
2026/04/15,tohoku,19.3,20.21,26.97,9.17,tokyo,16.7,8,12.3,0,0,0
2026/04/15,tokyo,21.4,23.35,26.97,17.24,tokyo,16.7,8,12.3,0,0,0
2026/04/16,chubu,15.61,6.94,26.19,0.01,osaka,19.3,11.6,15.4,0,0,0
2026/04/16,chugoku,8.32,0.01,18.42,0.01,osaka,19.3,11.6,15.4,0,0,0
2026/04/16,hokkaido,17.74,6.98,50,0.01,sapporo,9.9,1.5,5.7,0,0,0
2026/04/16,hokuriku,10.29,6.29,18.42,0.01,osaka,19.3,11.6,15.4,0,0,0
2026/04/16,kansai,10.29,6.29,18.42,0.01,osaka,19.3,11.6,15.4,0,0,0
2026/04/16,kyushu,8.32,0.01,18.42,0.01,nagasaki,18.6,10.7,14.7,0,0,0
2026/04/16,shikoku,4.53,0.01,8.44,0.01,nagasaki,18.6,10.7,14.7,0,0,0
2026/04/16,system,13.61,2.21,26.69,0.01,tokyo,17.3,9.6,13.4,0,0,0
2026/04/16,tohoku,20.34,7.05,50,0.01,tokyo,17.3,9.6,13.4,0,0,0
2026/04/16,tokyo,20.73,7.79,57.88,0.01,tokyo,17.3,9.6,13.4,0,0,0
2026/04/17,chubu,16.74,13.4,27.28,3,osaka,17.4,8.6,13,0,0,0
2026/04/17,chugoku,10.72,10.26,16.35,3,osaka,17.4,8.6,13,0,0,0
2026/04/17,hokkaido,14.47,6.73,30,0.01,sapporo,11,1.9,6.5,0,0,0
2026/04/17,hokuriku,10.85,10.62,16.35,3,osaka,17.4,8.6,13,0,0,0
2026/04/17,kansai,10.85,10.62,16.35,3,osaka,17.4,8.6,13,0,0,0
2026/04/17,kyushu,10.72,10.26,16.35,3,nagasaki,18.5,9.9,14.2,0,0,0
2026/04/17,shikoku,7.37,8.01,9.03,1,nagasaki,18.5,9.9,14.2,0,0,0
2026/04/17,system,14.43,10.47,24.37,1,tokyo,17.9,9.2,13.5,0,0,0
2026/04/17,tohoku,16.85,7.43,41,0.01,tokyo,17.9,9.2,13.5,0,0,0
2026/04/17,tokyo,20.91,16.48,46.97,1.5,tokyo,17.9,9.2,13.5,0,0,0
2026/04/18,chubu,14.3,7.3,26.11,3,osaka,18,10.2,14.1,0,1,0
2026/04/18,chugoku,8.58,7.3,11.01,3,osaka,18,10.2,14.1,0,1,0
2026/04/18,hokkaido,13.35,7.32,24.63,3,sapporo,11.3,3.5,7.4,0,1,0
2026/04/18,hokuriku,8.58,7.3,11.01,3,osaka,18,10.2,14.1,0,1,0
2026/04/18,kansai,8.58,7.3,11.01,3,osaka,18,10.2,14.1,0,1,0
2026/04/18,kyushu,8.58,7.28,11.01,3,nagasaki,20,10.7,15.3,0,1,0
2026/04/18,shikoku,7.85,7.23,8.63,3,nagasaki,20,10.7,15.3,0,1,0
2026/04/18,system,12.19,7.27,16.53,3,tokyo,18.6,10.8,14.7,0,1,0
2026/04/18,tohoku,14.13,7.32,24.63,3,tokyo,18.6,10.8,14.7,0,1,0
2026/04/18,tokyo,18.46,10.18,35.83,3,tokyo,18.6,10.8,14.7,0,1,0
2026/04/19,chubu,10.47,3.4,25.79,0.01,osaka,18.6,9.8,14.2,0,1,0
2026/04/19,chugoku,6.28,3.4,11,0.01,osaka,18.6,9.8,14.2,0,1,0
2026/04/19,hokkaido,11.28,0.01,23,0.01,sapporo,12.4,3.9,8.2,0,1,0
2026/04/19,hokuriku,6.28,3.4,11,0.01,osaka,18.6,9.8,14.2,0,1,0
2026/04/19,kansai,6.28,3.4,11,0.01,osaka,18.6,9.8,14.2,0,1,0
2026/04/19,kyushu,6.28,3.4,11,0.01,nagasaki,19.9,11.9,15.9,0,1,0
2026/04/19,shikoku,5.84,3.4,8.65,0.01,nagasaki,19.9,11.9,15.9,0,1,0
2026/04/19,system,9.82,1.34,18.76,0.01,tokyo,19.2,10.4,14.8,0,1,0
2026/04/19,tohoku,11.4,0.01,23,0.01,tokyo,19.2,10.4,14.8,0,1,0
2026/04/19,tokyo,15.78,0.76,50,0.01,tokyo,19.2,10.4,14.8,0,1,0
2026/04/20,chubu,18.23,16.71,27.19,9.82,osaka,18.9,9.6,14.3,0,0,0
2026/04/20,chugoku,9.49,8.93,14.36,2.5,osaka,18.9,9.6,14.3,0,0,0
2026/04/20,hokkaido,11.78,5.91,21.89,0.01,sapporo,11.9,3.2,7.6,0,0,0
2026/04/20,hokuriku,10.97,13.5,14.54,7.79,osaka,18.9,9.6,14.3,0,0,0
2026/04/20,kansai,10.97,13.5,14.54,7.79,osaka,18.9,9.6,14.3,0,0,0
2026/04/20,kyushu,8.01,3.71,14.36,0.01,nagasaki,18.8,11.3,15.1,0,0,0
2026/04/20,shikoku,7.76,8.93,14.33,1,nagasaki,18.8,11.3,15.1,0,0,0
2026/04/20,system,13.56,10.78,23.77,6.91,tokyo,19.5,10.2,14.8,0,0,0
2026/04/20,tohoku,11.93,5.91,21.89,0.01,tokyo,19.5,10.2,14.8,0,0,0
2026/04/20,tokyo,20.32,16.71,49.9,9.82,tokyo,19.5,10.2,14.8,0,0,0
2026/04/21,chubu,18.4,8.86,27.09,0.02,osaka,19.5,11.2,15.3,0,0,0
2026/04/21,chugoku,9.3,5.2,15.99,0.02,osaka,19.5,11.2,15.3,0,0,0
2026/04/21,hokkaido,10.33,0.01,16.7,0.01,sapporo,13,3.6,8.3,0,0,0
2026/04/21,hokuriku,10.29,6.3,15.99,0.02,osaka,19.5,11.2,15.3,0,0,0
2026/04/21,kansai,10.29,6.3,15.99,0.02,osaka,19.5,11.2,15.3,0,0,0
2026/04/21,kyushu,7.74,0.01,15.99,0.01,nagasaki,20.4,12.1,16.3,0,0,0
2026/04/21,shikoku,6.2,1.16,14.03,0.01,nagasaki,20.4,12.1,16.3,0,0,0
2026/04/21,system,12.86,2.69,23,0.01,tokyo,17.6,9.3,13.5,0,0,0
2026/04/21,tohoku,10.71,0.01,20.01,0.01,tokyo,17.6,9.3,13.5,0,0,0
2026/04/21,tokyo,19.41,8.15,50,0.01,tokyo,17.6,9.3,13.5,0,0,0
2026/04/22,chubu,20.03,18.68,32.5,6.54,osaka,20.2,10.8,15.5,0,0,0
2026/04/22,chugoku,13.04,17.95,24.67,6.54,osaka,20.2,10.8,15.5,0,0,0
2026/04/22,hokkaido,10.52,2.83,25,0.01,sapporo,10.8,2.7,6.8,0,0,0
2026/04/22,hokuriku,13.23,18.28,25.86,6.54,osaka,20.2,10.8,15.5,0,0,0
2026/04/22,kansai,13.23,18.28,25.86,6.54,osaka,20.2,10.8,15.5,0,0,0
2026/04/22,kyushu,11.87,9.34,20,6.54,nagasaki,20.2,11.3,15.8,0,0,0
2026/04/22,shikoku,8.98,9.52,14.26,3.24,nagasaki,20.2,11.3,15.8,0,0,0
2026/04/22,system,14.96,13.21,25.86,2.9,tokyo,18.2,8.9,13.6,0,0,0
2026/04/22,tohoku,10.55,2.83,25,0.01,tokyo,18.2,8.9,13.6,0,0,0
2026/04/22,tokyo,20.57,18.78,45,0.04,tokyo,18.2,8.9,13.6,0,0,0
2026/04/23,chubu,20.08,26.16,27.17,15.13,osaka,20.8,12.4,16.6,0,0,0
2026/04/23,chugoku,17.94,25.16,26.31,8.61,osaka,20.8,12.4,16.6,0,0,0
2026/04/23,hokkaido,15.25,14.73,30.55,3,sapporo,11.9,3.1,7.5,0,0,0
2026/04/23,hokuriku,17.94,25.16,26.31,8.61,osaka,20.8,12.4,16.6,0,0,0
2026/04/23,kansai,17.94,25.16,26.31,8.61,osaka,20.8,12.4,16.6,0,0,0
2026/04/23,kyushu,15.18,14.65,26.31,8.61,nagasaki,19.3,11.6,15.4,0,0,0
2026/04/23,shikoku,8.37,8.52,8.65,6.92,nagasaki,19.3,11.6,15.4,0,0,0
2026/04/23,system,19.64,24.57,30,14.46,tokyo,18.8,10.4,14.6,0,0,0
2026/04/23,tohoku,15.25,14.73,30.55,3,tokyo,18.8,10.4,14.6,0,0,0
2026/04/23,tokyo,21.87,31.66,60,15.13,tokyo,18.8,10.4,14.6,0,0,0
2026/04/24,chubu,15.74,13.41,27.03,9.44,osaka,21.4,12,16.7,0,0,0
2026/04/24,chugoku,10.58,7.88,14.86,3.01,osaka,21.4,12,16.7,0,0,0
2026/04/24,hokkaido,13.78,4.67,27,0.01,sapporo,12.2,4.6,8.4,0,0,0
2026/04/24,hokuriku,11.49,11.87,14.86,3.01,osaka,21.4,12,16.7,0,0,0
2026/04/24,kansai,11.49,11.87,14.86,3.01,osaka,21.4,12,16.7,0,0,0
2026/04/24,kyushu,8.87,2.74,14.86,0.01,nagasaki,21.6,13.3,17.5,0,0,0
2026/04/24,shikoku,8.65,7.73,14.41,3.01,nagasaki,21.6,13.3,17.5,0,0,0
2026/04/24,system,13.51,9.8,18.86,3.05,tokyo,19.4,10,14.7,0,0,0
2026/04/24,tohoku,13.72,4.67,27,0.01,tokyo,19.4,10,14.7,0,0,0
2026/04/24,tokyo,20.24,17.21,41,12.1,tokyo,19.4,10,14.7,0,0,0
2026/04/25,chubu,8.83,0.18,16.98,0.01,osaka,19.5,11.1,15.3,0,1,0
2026/04/25,chugoku,6.13,0.18,14.32,0.01,osaka,19.5,11.1,15.3,0,1,0
2026/04/25,hokkaido,11.01,0.43,22.23,0.01,sapporo,13.3,5,9.2,0,1,0
2026/04/25,hokuriku,6.13,0.18,14.32,0.01,osaka,19.5,11.1,15.3,0,1,0
2026/04/25,kansai,6.13,0.18,14.32,0.01,osaka,19.5,11.1,15.3,0,1,0
2026/04/25,kyushu,6.11,0.09,14.32,0.01,nagasaki,20.7,11.6,16.1,0,1,0
2026/04/25,shikoku,5.71,0.18,14.32,0.01,nagasaki,20.7,11.6,16.1,0,1,0
2026/04/25,system,9.52,0.92,17.27,0.01,tokyo,20.1,11.7,15.9,0,1,0
2026/04/25,tohoku,11.01,0.43,22.23,0.01,tokyo,20.1,11.7,15.9,0,1,0
2026/04/25,tokyo,16.27,14.13,45,0.1,tokyo,20.1,11.7,15.9,0,1,0
2026/04/26,chubu,11.59,6.88,25,0.5,osaka,20.1,10.7,15.4,0,1,0
2026/04/26,chugoku,7.54,6.51,13.77,0.5,osaka,20.1,10.7,15.4,0,1,0
2026/04/26,hokkaido,7.82,0.01,15.7,0.01,sapporo,11.9,2.9,7.4,0,1,0
2026/04/26,hokuriku,7.52,6.51,13.77,0.5,osaka,20.1,10.7,15.4,0,1,0
2026/04/26,kansai,7.54,6.51,13.77,0.5,osaka,20.1,10.7,15.4,0,1,0
2026/04/26,kyushu,7.54,6.48,13.77,0.5,nagasaki,20.5,12.8,16.6,0,1,0
2026/04/26,shikoku,7.52,6.5,13.77,0.5,nagasaki,20.5,12.8,16.6,0,1,0
2026/04/26,system,10.2,3.19,21.78,0.01,tokyo,20.7,11.3,16,0,1,0
2026/04/26,tohoku,7.95,0.01,16.34,0.01,tokyo,20.7,11.3,16,0,1,0
2026/04/26,tokyo,15.02,7.38,41,0.13,tokyo,20.7,11.3,16,0,1,0
2026/04/27,chubu,17,12.91,27.12,8.39,osaka,20.8,12.3,16.6,0,0,0
2026/04/27,chugoku,10.2,8.15,16.35,2.4,osaka,20.8,12.3,16.6,0,0,0
2026/04/27,hokkaido,15.61,15.8,22.5,9.81,sapporo,12.2,4.4,8.3,0,0,0
2026/04/27,hokuriku,11.36,8.15,22.78,2.9,osaka,20.8,12.3,16.6,0,0,0
2026/04/27,kansai,11.35,8.15,22.78,2.4,osaka,20.8,12.3,16.6,0,0,0
2026/04/27,kyushu,7.08,0.01,16.35,0.01,nagasaki,22.1,13.6,17.9,0,0,0
2026/04/27,shikoku,7.1,1.34,13.57,0.01,nagasaki,22.1,13.6,17.9,0,0,0
2026/04/27,system,13.96,8.9,18.69,4.5,tokyo,21.3,12.9,17.1,0,0,0
2026/04/27,tohoku,16.24,15.92,22.5,9.81,tokyo,21.3,12.9,17.1,0,0,0
2026/04/27,tokyo,19.68,20.04,50,14.53,tokyo,21.3,12.9,17.1,0,0,0
2026/04/28,chubu,16.13,13.52,27.16,5.82,osaka,21.4,11.9,16.6,0,0,0
2026/04/28,chugoku,12.82,13.46,17.7,2.63,osaka,21.4,11.9,16.6,0,0,0
2026/04/28,hokkaido,15.17,12.23,23.66,4,sapporo,13.3,4.8,9.1,0,0,0
2026/04/28,hokuriku,13.49,13.46,20,5.82,osaka,21.4,11.9,16.6,0,0,0
2026/04/28,kansai,13.49,13.46,20,5.82,osaka,21.4,11.9,16.6,0,0,0
2026/04/28,kyushu,10.51,4.51,17.22,0.01,nagasaki,21.2,12,16.6,0,0,0
2026/04/28,shikoku,7.83,4.08,15.96,0.01,nagasaki,21.2,12,16.6,0,0,0
2026/04/28,system,13.9,10.81,22.5,4.5,tokyo,19.4,9.9,14.6,0,0,0
2026/04/28,tohoku,15.17,12.23,23.66,4,tokyo,19.4,9.9,14.6,0,0,0
2026/04/28,tokyo,19.51,13,64.28,4.5,tokyo,19.4,9.9,14.6,0,0,0
2026/04/29,chubu,16.03,11.03,26.15,8.63,osaka,22,13.5,17.8,0,0,0
2026/04/29,chugoku,12.36,9.88,16.43,8.61,osaka,22,13.5,17.8,0,0,0
2026/04/29,hokkaido,13.75,6.13,27.18,3.01,sapporo,13.6,4.3,8.9,0,0,0
2026/04/29,hokuriku,12.36,9.88,16.43,8.61,osaka,22,13.5,17.8,0,0,0
2026/04/29,kansai,12.36,9.88,16.43,8.61,osaka,22,13.5,17.8,0,0,0
2026/04/29,kyushu,11.91,8.76,16.43,8.4,nagasaki,21,13.1,17.1,0,0,0
2026/04/29,shikoku,10.78,7.76,16.43,0.02,nagasaki,21,13.1,17.1,0,0,0
2026/04/29,system,13.87,8.63,21.5,8.09,tokyo,20,11.5,15.8,0,0,0
2026/04/29,tohoku,13.29,6.13,20.07,3.01,tokyo,20,11.5,15.8,0,0,0
2026/04/29,tokyo,17.72,11.46,40,8.63,tokyo,20,11.5,15.8,0,0,0
2026/04/30,chubu,16.47,18.58,20,14.72,osaka,20.5,11.6,16.1,0,0,0
2026/04/30,chugoku,13.32,17.48,18.67,8.4,osaka,20.5,11.6,16.1,0,0,0
2026/04/30,hokkaido,12.11,4.31,27.2,0.01,sapporo,13.1,3.7,8.4,0,0,0
2026/04/30,hokuriku,13.32,17.48,18.67,8.4,osaka,20.5,11.6,16.1,0,0,0
2026/04/30,kansai,13.32,17.48,18.67,8.4,osaka,20.5,11.6,16.1,0,0,0
2026/04/30,kyushu,12.5,16.08,17.78,8.4,nagasaki,22.4,13,17.7,0,0,0
2026/04/30,shikoku,9.46,11.34,17.78,8.17,nagasaki,22.4,13,17.7,0,0,0
2026/04/30,system,15.39,15.21,19.2,13.77,tokyo,21.1,12.2,16.6,0,0,0
2026/04/30,tohoku,12.11,4.31,27.2,0.01,tokyo,21.1,12.2,16.6,0,0,0
2026/04/30,tokyo,19.16,19.16,40,14.94,tokyo,21.1,12.2,16.6,0,0,0
2026/05/01,chubu,14.66,11.63,16.52,9.94,osaka,20.6,12.8,16.7,0,0,0
2026/05/01,chugoku,10.39,7.64,15.96,3,osaka,20.6,12.8,16.7,0,0,0
2026/05/01,hokkaido,16.41,16.01,26.36,9.72,sapporo,13.5,4.7,9.1,0,0,0
2026/05/01,hokuriku,11.62,7.99,16.29,7,osaka,20.6,12.8,16.7,0,0,0
2026/05/01,kansai,11.58,7.64,16.29,7,osaka,20.6,12.8,16.7,0,0,0
2026/05/01,kyushu,7.13,0.01,15.96,0.01,nagasaki,22.1,13.3,17.7,0,0,0
2026/05/01,shikoku,9.57,4.31,15.96,0.01,nagasaki,22.1,13.3,17.7,0,0,0
2026/05/01,system,15.03,10.21,22,8.13,tokyo,21.2,13.5,17.4,0,0,0
2026/05/01,tohoku,18.67,16.14,30.27,14.8,tokyo,21.2,13.5,17.4,0,0,0
2026/05/01,tokyo,18.74,16.14,30.27,14.8,tokyo,21.2,13.5,17.4,0,0,0
2026/05/02,chubu,8.91,0.01,19,0.01,osaka,21.2,12.4,16.8,0,1,0
2026/05/02,chugoku,7.3,0.01,16,0.01,osaka,21.2,12.4,16.8,0,1,0
2026/05/02,hokkaido,9.86,0.01,21.32,0.01,sapporo,14.6,5.1,9.8,0,1,0
2026/05/02,hokuriku,7.3,0.01,16,0.01,osaka,21.2,12.4,16.8,0,1,0
2026/05/02,kansai,7.3,0.01,16,0.01,osaka,21.2,12.4,16.8,0,1,0
2026/05/02,kyushu,7.28,0.01,16,0.01,nagasaki,21.9,14.4,18.1,0,1,0
2026/05/02,shikoku,7.2,0.01,16,0.01,nagasaki,21.9,14.4,18.1,0,1,0
2026/05/02,system,8.87,0.01,17.59,0.01,tokyo,21.8,13,17.4,0,1,0
2026/05/02,tohoku,9.86,0.01,21.32,0.01,tokyo,21.8,13,17.4,0,1,0
2026/05/02,tokyo,10.7,4.22,26.39,0.01,tokyo,21.8,13,17.4,0,1,0
2026/05/03,chubu,12.76,10.77,18.41,5.55,osaka,21.8,14,17.9,0,1,0
2026/05/03,chugoku,10.26,8.95,14.19,5.55,osaka,21.8,14,17.9,0,1,0
2026/05/03,hokkaido,13.44,12.44,18.69,5,sapporo,15,6.7,10.8,0,1,0
2026/05/03,hokuriku,10.26,8.95,14.19,5.55,osaka,21.8,14,17.9,0,1,0
2026/05/03,kansai,10.26,8.95,14.19,5.55,osaka,21.8,14,17.9,0,1,0
2026/05/03,kyushu,10.26,8.95,14.19,5.55,nagasaki,23.5,15.3,19.4,0,1,0
2026/05/03,shikoku,10.24,8.95,14.19,5.55,nagasaki,23.5,15.3,19.4,0,1,0
2026/05/03,system,12.3,10.35,15.75,7.44,tokyo,22.4,14.6,18.5,0,1,0
2026/05/03,tohoku,13.58,12.92,18.69,6.37,tokyo,22.4,14.6,18.5,0,1,0
2026/05/03,tokyo,14.28,14.62,18.69,8.49,tokyo,22.4,14.6,18.5,0,1,0
2026/05/04,chubu,10.01,1.86,16.63,0.01,osaka,22.5,13.7,18.1,0,0,0
2026/05/04,chugoku,5.31,0.01,12,0.01,osaka,22.5,13.7,18.1,0,0,0
2026/05/04,hokkaido,11.6,5.97,16,1.15,sapporo,16,7,11.5,0,0,0
2026/05/04,hokuriku,5.31,0.01,12,0.01,osaka,22.5,13.7,18.1,0,0,0
2026/05/04,kansai,5.31,0.01,12,0.01,osaka,22.5,13.7,18.1,0,0,0
2026/05/04,kyushu,5.06,0.01,12,0.01,nagasaki,23.3,14.4,18.9,0,0,0
2026/05/04,shikoku,5.29,0.01,12,0.01,nagasaki,23.3,14.4,18.9,0,0,0
2026/05/04,system,7.94,0.03,15,0.01,tokyo,23,14.2,18.6,0,0,0
2026/05/04,tohoku,11.61,5.97,16,1.15,tokyo,23,14.2,18.6,0,0,0
2026/05/04,tokyo,11.94,7.68,16.63,1.15,tokyo,23,14.2,18.6,0,0,0
2026/05/05,chubu,7.28,0.01,15.79,0.01,osaka,23.1,15.3,19.2,0,0,0
2026/05/05,chugoku,5.94,0.01,14.09,0.01,osaka,23.1,15.3,19.2,0,0,0
2026/05/05,hokkaido,7.41,0.01,15.79,0.01,sapporo,14.6,6.9,10.8,0,0,0
2026/05/05,hokuriku,5.94,0.01,14.09,0.01,osaka,23.1,15.3,19.2,0,0,0
2026/05/05,kansai,5.94,0.01,14.09,0.01,osaka,23.1,15.3,19.2,0,0,0
2026/05/05,kyushu,5.94,0.01,14.09,0.01,nagasaki,22.4,14.8,18.6,0,0,0
2026/05/05,shikoku,5.94,0.01,14.09,0.01,nagasaki,22.4,14.8,18.6,0,0,0
2026/05/05,system,6.88,0.01,14.85,0.01,tokyo,21.1,13.3,17.2,0,0,0
2026/05/05,tohoku,7.47,0.01,15.79,0.01,tokyo,21.1,13.3,17.2,0,0,0
2026/05/05,tokyo,7.48,0.01,15.79,0.01,tokyo,21.1,13.3,17.2,0,0,0
2026/05/06,chubu,12.55,13.59,20,1.02,osaka,23.7,14.8,19.3,0,0,0
2026/05/06,chugoku,6.58,0.84,14.18,0.01,osaka,23.7,14.8,19.3,0,0,0
2026/05/06,hokkaido,9.52,0.84,20,0.01,sapporo,14.9,6.5,10.7,0,0,0
2026/05/06,hokuriku,6.59,0.85,14.18,0.02,osaka,23.7,14.8,19.3,0,0,0
2026/05/06,kansai,6.59,0.84,14.18,0.01,osaka,23.7,14.8,19.3,0,0,0
2026/05/06,kyushu,5.58,0.01,14.18,0.01,nagasaki,24,15.6,19.8,0,0,0
2026/05/06,shikoku,6.58,0.84,14.18,0.01,nagasaki,24,15.6,19.8,0,0,0
2026/05/06,system,9.1,4.58,15.81,0.01,tokyo,21.7,12.9,17.3,0,0,0
2026/05/06,tohoku,9.97,4.2,20,0.01,tokyo,21.7,12.9,17.3,0,0,0
2026/05/06,tokyo,12.75,13.88,20,0.01,tokyo,21.7,12.9,17.3,0,0,0
2026/05/07,chubu,15.42,14.59,22,9.71,osaka,24.3,16.4,20.4,0,0,0
2026/05/07,chugoku,9.09,0.18,18.4,0.01,osaka,24.3,16.4,20.4,0,0,0
2026/05/07,hokkaido,13.54,9.73,28.64,0.02,sapporo,16,6.9,11.4,0,0,0
2026/05/07,hokuriku,13.69,14.59,19.16,3.74,osaka,24.3,16.4,20.4,0,0,0
2026/05/07,kansai,13.69,14.59,19.16,3.74,osaka,24.3,16.4,20.4,0,0,0
2026/05/07,kyushu,9.04,0.01,18.4,0.01,nagasaki,23.8,14.8,19.3,0,0,0
2026/05/07,shikoku,8.25,0.01,16.17,0.01,nagasaki,23.8,14.8,19.3,0,0,0
2026/05/07,system,12.48,9.55,19.26,1,tokyo,22.3,14.4,18.4,0,0,0
2026/05/07,tohoku,13.38,9.73,30,0.02,tokyo,22.3,14.4,18.4,0,0,0
2026/05/07,tokyo,16.94,19.3,35.83,10.27,tokyo,22.3,14.4,18.4,0,0,0
2026/05/08,chubu,19.82,26.64,32.38,14.82,osaka,22.4,13.5,17.9,0,0,0
2026/05/08,chugoku,10.61,1.9,15.68,0.01,osaka,22.4,13.5,17.9,0,0,0
2026/05/08,hokkaido,19.99,26.22,30,15.04,sapporo,16.3,8.4,12.4,0,0,0
2026/05/08,hokuriku,14.49,17.22,18.63,8.87,osaka,22.4,13.5,17.9,0,0,0
2026/05/08,kansai,14.49,17.22,18.63,8.87,osaka,22.4,13.5,17.9,0,0,0
2026/05/08,kyushu,9.63,0.09,15.68,0.01,nagasaki,22.9,15.1,19,0,0,0
2026/05/08,shikoku,6.9,1.9,10.5,0.01,nagasaki,22.9,15.1,19,0,0,0
2026/05/08,system,16.14,16.82,20.01,9.94,tokyo,22.9,14,18.4,0,0,0
2026/05/08,tohoku,20.08,26.91,32.4,15.04,tokyo,22.9,14,18.4,0,0,0
2026/05/08,tokyo,20.08,26.91,32.4,15.04,tokyo,22.9,14,18.4,0,0,0
2026/05/09,chubu,9.77,0.01,22,0.01,osaka,23,15.1,19.1,0,1,0
2026/05/09,chugoku,8.18,0.01,17.56,0.01,osaka,23,15.1,19.1,0,1,0
2026/05/09,hokkaido,10.09,0.76,22,0.01,sapporo,14.9,6.3,10.6,0,1,0
2026/05/09,hokuriku,8.18,0.01,17.56,0.01,osaka,23,15.1,19.1,0,1,0
2026/05/09,kansai,8.18,0.01,17.56,0.01,osaka,23,15.1,19.1,0,1,0
2026/05/09,kyushu,7.67,0.01,17.56,0.01,nagasaki,25.2,16.8,21,0,1,0
2026/05/09,shikoku,6.13,0.01,15.5,0.01,nagasaki,25.2,16.8,21,0,1,0
2026/05/09,system,9.02,0.01,17.47,0.01,tokyo,23.5,15.6,19.6,0,1,0
2026/05/09,tohoku,9.94,0.76,22,0.01,tokyo,23.5,15.6,19.6,0,1,0
2026/05/09,tokyo,10.24,3.19,22,0.01,tokyo,23.5,15.6,19.6,0,1,0
2026/05/10,chubu,9.6,0.01,17.5,0.01,osaka,24,15.6,19.8,0,1,0
2026/05/10,chugoku,7.66,0.01,16.11,0.01,osaka,24,15.6,19.8,0,1,0
2026/05/10,hokkaido,9.94,0.01,22.9,0.01,sapporo,16.9,8.2,12.5,0,1,0
2026/05/10,hokuriku,7.66,0.01,16.11,0.01,osaka,24,15.6,19.8,0,1,0
2026/05/10,kansai,7.66,0.01,16.11,0.01,osaka,24,15.6,19.8,0,1,0
2026/05/10,kyushu,7.66,0.01,16.11,0.01,nagasaki,24.1,16.1,20.1,0,1,0
2026/05/10,shikoku,6.19,0.01,15.99,0.01,nagasaki,24.1,16.1,20.1,0,1,0
2026/05/10,system,8.97,0.01,18.56,0.01,tokyo,22.1,13.8,18,0,1,0
2026/05/10,tohoku,9.96,0.01,22.9,0.01,tokyo,22.1,13.8,18,0,1,0
2026/05/10,tokyo,10.33,2.13,22.9,0.01,tokyo,22.1,13.8,18,0,1,0
2026/05/11,chubu,17.63,15.71,27.27,5.66,osaka,24.6,15.2,19.9,0,0,0
2026/05/11,chugoku,8.07,0.01,17.49,0.01,osaka,24.6,15.2,19.9,0,0,0
2026/05/11,hokkaido,14.32,7.33,27.27,0.01,sapporo,15.4,6,10.7,0,0,0
2026/05/11,hokuriku,12.52,12.17,17.49,0.01,osaka,24.6,15.2,19.9,0,0,0
2026/05/11,kansai,12.52,12.17,17.49,0.01,osaka,24.6,15.2,19.9,0,0,0
2026/05/11,kyushu,8.07,0.01,17.49,0.01,nagasaki,25.7,17,21.4,0,0,0
2026/05/11,shikoku,6.53,0.01,15.93,0.01,nagasaki,25.7,17,21.4,0,0,0
2026/05/11,system,12.06,6.95,27.15,0.01,tokyo,22.7,13.3,18,0,0,0
2026/05/11,tohoku,14.33,7.33,27.27,0.01,tokyo,22.7,13.3,18,0,0,0
2026/05/11,tokyo,17.72,16.36,27.27,5.66,tokyo,22.7,13.3,18,0,0,0
2026/05/12,chubu,19.24,19.25,30,6.77,osaka,25.2,16.8,21,0,0,0
2026/05/12,chugoku,12.67,7.36,19.4,1.69,osaka,25.2,16.8,21,0,0,0
2026/05/12,hokkaido,14.67,8.49,28.98,0.01,sapporo,15.8,7.6,11.7,0,0,0
2026/05/12,hokuriku,13.88,12.13,19.4,5,osaka,25.2,16.8,21,0,0,0
2026/05/12,kansai,13.88,12.13,19.4,5,osaka,25.2,16.8,21,0,0,0
2026/05/12,kyushu,9.85,0.18,19.4,0.01,nagasaki,25.5,16.1,20.8,0,0,0
2026/05/12,shikoku,9.66,6.47,16.99,0.02,nagasaki,25.5,16.1,20.8,0,0,0
2026/05/12,system,15.24,11.8,29.5,2.05,tokyo,23.3,14.9,19.1,0,0,0
2026/05/12,tohoku,15.25,8.49,28.98,0.01,tokyo,23.3,14.9,19.1,0,0,0
2026/05/12,tokyo,20.69,25.32,36,14.26,tokyo,23.3,14.9,19.1,0,0,0
2026/05/13,chubu,19.47,21.43,27.07,11.36,osaka,25.8,16.4,21.1,0,0,0
2026/05/13,chugoku,13.73,8.61,20,3,osaka,25.8,16.4,21.1,0,0,0
2026/05/13,hokkaido,16.65,13.09,28.99,3,sapporo,16.8,7.9,12.4,0,0,0
2026/05/13,hokuriku,15.66,15.29,24.67,8.58,osaka,25.8,16.4,21.1,0,0,0
2026/05/13,kansai,15.66,15.29,24.67,8.58,osaka,25.8,16.4,21.1,0,0,0
2026/05/13,kyushu,9.77,0.01,20,0.01,nagasaki,24.5,16.4,20.4,0,0,0
2026/05/13,shikoku,11.59,7.86,18.25,0.02,nagasaki,24.5,16.4,20.4,0,0,0
2026/05/13,system,16.19,14.25,25.73,3.55,tokyo,23.9,14.5,19.2,0,0,0
2026/05/13,tohoku,16.68,13.09,28.99,3,tokyo,23.9,14.5,19.2,0,0,0
2026/05/13,tokyo,20.74,23.81,34.5,15.5,tokyo,23.9,14.5,19.2,0,0,0
2026/05/14,chubu,20.61,18.16,35.32,11.12,osaka,23.9,15.5,19.7,0,0,0
2026/05/14,chugoku,16.5,11.53,28.41,2.5,osaka,23.9,15.5,19.7,0,0,0
2026/05/14,hokkaido,16.6,8.92,30.01,1,sapporo,17.1,9.4,13.3,0,0,0
2026/05/14,hokuriku,18.26,17.12,28.41,8.72,osaka,23.9,15.5,19.7,0,0,0
2026/05/14,kansai,18.26,17.12,28.41,8.72,osaka,23.9,15.5,19.7,0,0,0
2026/05/14,kyushu,10.78,0.01,28.41,0.01,nagasaki,24.3,15.5,19.9,0,0,0
2026/05/14,shikoku,4.17,1.1,24.5,0.01,nagasaki,24.3,15.5,19.9,0,0,0
2026/05/14,system,16.97,11.75,31.25,3.55,tokyo,24.5,16.1,20.3,0,0,0
2026/05/14,tohoku,16.58,8.92,30.01,1,tokyo,24.5,16.1,20.3,0,0,0
2026/05/14,tokyo,21.59,21.66,35.32,12.54,tokyo,24.5,16.1,20.3,0,0,0
2026/05/15,chubu,17.29,14.69,28.41,8,osaka,24.5,15,19.8,0,0,0
2026/05/15,chugoku,12.79,5.25,28.41,0.61,osaka,24.5,15,19.8,0,0,0
2026/05/15,hokkaido,12.14,1.89,28.41,0.01,sapporo,18.2,9.8,14,0,0,0
2026/05/15,hokuriku,16.05,14.63,28.41,5,osaka,24.5,15,19.8,0,0,0
2026/05/15,kansai,16.05,14.63,28.41,5,osaka,24.5,15,19.8,0,0,0
2026/05/15,kyushu,10.27,0.01,28.41,0.01,nagasaki,25.9,18.4,22.1,0,0,0
2026/05/15,shikoku,0.49,0.19,5,0.01,nagasaki,25.9,18.4,22.1,0,0,0
2026/05/15,system,13.67,6.62,29.5,0.01,tokyo,25.1,15.7,20.4,0,0,0
2026/05/15,tohoku,12.14,1.89,28.41,0.01,tokyo,25.1,15.7,20.4,0,0,0
2026/05/15,tokyo,17.46,14.84,28.41,8,tokyo,25.1,15.7,20.4,0,0,0
2026/05/16,chubu,13.65,1.74,35.83,0.01,osaka,25.1,16.6,20.9,0,1,0
2026/05/16,chugoku,10.91,1.74,25.9,0.01,osaka,25.1,16.6,20.9,0,1,0
2026/05/16,hokkaido,9.35,0.03,22.33,0.01,sapporo,16.8,7.7,12.3,0,1,0
2026/05/16,hokuriku,10.91,1.74,25.9,0.01,osaka,25.1,16.6,20.9,0,1,0
2026/05/16,kansai,10.91,1.74,25.9,0.01,osaka,25.1,16.6,20.9,0,1,0
2026/05/16,kyushu,8.72,0.01,20,0.01,nagasaki,25,16.7,20.9,0,1,0
2026/05/16,shikoku,10.1,0.01,25.9,0.01,nagasaki,25,16.7,20.9,0,1,0
2026/05/16,system,10.39,0.67,22.49,0.01,tokyo,25.7,17.2,21.4,0,1,0
2026/05/16,tohoku,8.41,0.03,22.33,0.01,tokyo,25.7,17.2,21.4,0,1,0
2026/05/16,tokyo,15.27,9.19,35.83,0.01,tokyo,25.7,17.2,21.4,0,1,0
2026/05/17,chubu,10.8,0.01,26.12,0.01,osaka,25.7,18.2,21.9,0,1,0
2026/05/17,chugoku,8.84,0.01,20,0.01,osaka,25.7,18.2,21.9,0,1,0
2026/05/17,hokkaido,10.12,0.67,20.68,0.01,sapporo,17.1,9.2,13.2,0,1,0
2026/05/17,hokuriku,8.84,0.01,20,0.01,osaka,25.7,18.2,21.9,0,1,0
2026/05/17,kansai,8.84,0.01,20,0.01,osaka,25.7,18.2,21.9,0,1,0
2026/05/17,kyushu,7.02,0.01,14.96,0.01,nagasaki,27.3,18.4,22.9,0,1,0
2026/05/17,shikoku,8.82,0.01,20,0.01,nagasaki,27.3,18.4,22.9,0,1,0
2026/05/17,system,9.3,0.01,17.81,0.01,tokyo,23.8,14.3,19.1,0,1,0
2026/05/17,tohoku,10.04,0.67,20.68,0.01,tokyo,23.8,14.3,19.1,0,1,0
2026/05/17,tokyo,13.42,7.44,50.01,0.01,tokyo,23.8,14.3,19.1,0,1,0
2026/05/18,chubu,18.58,17.35,35.83,10,osaka,26.3,17.8,22.1,0,0,0
2026/05/18,chugoku,10.72,0.01,28.18,0.01,osaka,26.3,17.8,22.1,0,0,0
2026/05/18,hokkaido,14.02,4.62,35.83,0.01,sapporo,18.1,9.5,13.8,0,0,0
2026/05/18,hokuriku,15.95,17.35,28.18,2.9,osaka,26.3,17.8,22.1,0,0,0
2026/05/18,kansai,15.95,17.35,28.18,2.9,osaka,26.3,17.8,22.1,0,0,0
2026/05/18,kyushu,8.35,0.01,22,0.01,nagasaki,26.3,18.6,22.5,0,0,0
2026/05/18,shikoku,10.72,0.01,28.18,0.01,nagasaki,26.3,18.6,22.5,0,0,0
2026/05/18,system,12.99,8.04,30,0.01,tokyo,24.4,15.9,20.1,0,0,0
2026/05/18,tohoku,13.52,1.97,35.83,0.01,tokyo,24.4,15.9,20.1,0,0,0
2026/05/18,tokyo,19.16,19.66,35.83,10,tokyo,24.4,15.9,20.1,0,0,0
2026/05/19,chubu,19.55,17.41,35.83,9.07,osaka,26.9,19.4,23.1,0,0,0
2026/05/19,chugoku,13.12,1.15,27.97,0.01,osaka,26.9,19.4,23.1,0,0,0
2026/05/19,hokkaido,19.37,15.92,35.83,2.9,sapporo,18.4,9,13.7,0,0,0
2026/05/19,hokuriku,18.05,17.41,27.97,9.07,osaka,26.9,19.4,23.1,0,0,0
2026/05/19,kansai,18.05,17.41,27.97,9.07,osaka,26.9,19.4,23.1,0,0,0
2026/05/19,kyushu,9.04,1.15,20,0.01,nagasaki,26.1,17.8,22,0,0,0
2026/05/19,shikoku,12.85,1.15,27.97,0.01,nagasaki,26.1,17.8,22,0,0,0
2026/05/19,system,14.57,10.52,30.01,0.7,tokyo,25,17.5,21.3,0,0,0
2026/05/19,tohoku,15.44,7.52,35.83,0.01,tokyo,25,17.5,21.3,0,0,0
2026/05/19,tokyo,19.77,19.19,35.83,7.15,tokyo,25,17.5,21.3,0,0,0
2026/05/20,chubu,20.33,36.46,40.41,10.9,osaka,25.4,17.4,21.4,0,0,0
2026/05/20,chugoku,18.03,19.84,33.07,10.9,osaka,25.4,17.4,21.4,0,0,0
2026/05/20,hokkaido,16.82,17.47,33.07,7.33,sapporo,17.9,8.4,13.1,0,0,0
2026/05/20,hokuriku,20.33,36.46,40.41,10.9,osaka,25.4,17.4,21.4,0,0,0
2026/05/20,kansai,20.4,36.46,40.41,10.9,osaka,25.4,17.4,21.4,0,0,0
2026/05/20,kyushu,12.92,7.03,27.97,0.01,nagasaki,27.5,19.6,23.6,0,0,0
2026/05/20,shikoku,10.69,19.84,21.5,3,nagasaki,27.5,19.6,23.6,0,0,0
2026/05/20,system,19.52,26.91,36,10.91,tokyo,26,18,22,0,0,0
2026/05/20,tohoku,16.6,17.47,33.07,7.33,tokyo,26,18,22,0,0,0
2026/05/20,tokyo,20.86,42,50.01,8.57,tokyo,26,18,22,0,0,0
2026/05/21,chubu,22.59,31.99,40.39,13.58,osaka,26,17,21.5,0,0,0
2026/05/21,chugoku,16.3,13.77,27.97,9.49,osaka,26,17,21.5,0,0,0
2026/05/21,hokkaido,15.18,13.85,27.25,6,sapporo,19,10.8,14.9,0,0,0
2026/05/21,hokuriku,22.59,31.99,40.39,13.58,osaka,26,17,21.5,0,0,0
2026/05/21,kansai,22.59,31.99,40.39,13.58,osaka,26,17,21.5,0,0,0
2026/05/21,kyushu,12.15,9.54,20,9.49,nagasaki,26.6,18,22.3,0,0,0
2026/05/21,shikoku,9.87,13.34,21.11,0.02,nagasaki,26.6,18,22.3,0,0,0
2026/05/21,system,20.42,27.64,30,11.56,tokyo,26.6,17.6,22.1,0,0,0
2026/05/21,tohoku,20.06,30.77,32.99,8,tokyo,26.6,17.6,22.1,0,0,0
2026/05/21,tokyo,22.47,31.99,40.39,8,tokyo,26.6,17.6,22.1,0,0,0
2026/05/22,chubu,19.46,23.63,33.05,14.25,osaka,26.6,18.6,22.6,0,0,0
2026/05/22,chugoku,13.6,3.63,26.5,0.01,osaka,26.6,18.6,22.6,0,0,0
2026/05/22,hokkaido,15.63,12.84,26.5,6,sapporo,20,11.1,15.6,0,0,0
2026/05/22,hokuriku,19.44,23.63,33.05,14.25,osaka,26.6,18.6,22.6,0,0,0
2026/05/22,kansai,19.44,23.63,33.05,14.25,osaka,26.6,18.6,22.6,0,0,0
2026/05/22,kyushu,10.83,1.17,26.5,0.01,nagasaki,26.4,17.1,21.8,0,0,0
2026/05/22,shikoku,4.54,1.75,13,0.01,nagasaki,26.4,17.1,21.8,0,0,0
2026/05/22,system,16.9,14.54,27.97,9.03,tokyo,24.6,16.6,20.6,0,0,0
2026/05/22,tohoku,17.78,12.84,26.5,9.92,tokyo,24.6,16.6,20.6,0,0,0
2026/05/22,tokyo,20.73,29.43,50,15.07,tokyo,24.6,16.6,20.6,0,0,0
2026/05/23,chubu,15.85,14.8,19.57,9.71,osaka,27.2,18.2,22.7,0,1,0
2026/05/23,chugoku,13.86,10.96,17.39,8.08,osaka,27.2,18.2,22.7,0,1,0
2026/05/23,hokkaido,9.87,0.85,19.18,0.01,sapporo,17.8,10.1,13.9,0,1,0
2026/05/23,hokuriku,14.54,14.8,17.39,8.08,osaka,27.2,18.2,22.7,0,1,0
2026/05/23,kansai,14.54,14.8,17.39,8.08,osaka,27.2,18.2,22.7,0,1,0
2026/05/23,kyushu,9.41,1.31,17.39,0.01,nagasaki,27.9,19.9,23.9,0,1,0
2026/05/23,shikoku,7.2,7.54,11,3,nagasaki,27.9,19.9,23.9,0,1,0
2026/05/23,system,13,9.29,17.39,6.5,tokyo,25.2,16.2,20.7,0,1,0
2026/05/23,tohoku,9.91,0.84,19.18,0.01,tokyo,25.2,16.2,20.7,0,1,0
2026/05/23,tokyo,15.98,14.8,19.57,9.71,tokyo,25.2,16.2,20.7,0,1,0
2026/05/24,chubu,14,6.04,29.23,1,osaka,27.8,19.7,23.8,0,1,0
2026/05/24,chugoku,11.29,4.75,22.1,1,osaka,27.8,19.7,23.8,0,1,0
2026/05/24,hokkaido,13.75,7.96,26.57,4,sapporo,18.8,10.4,14.6,0,1,0
2026/05/24,hokuriku,11.58,6.04,28.1,1,osaka,27.8,19.7,23.8,0,1,0
2026/05/24,kansai,11.58,6.04,28.1,1,osaka,27.8,19.7,23.8,0,1,0
2026/05/24,kyushu,9.22,1.36,22.1,0.01,nagasaki,27.7,19,23.4,0,1,0
2026/05/24,shikoku,7.69,3.81,17.53,0.02,nagasaki,27.7,19,23.4,0,1,0
2026/05/24,system,13.67,8.74,28.1,6.97,tokyo,25.8,17.8,21.8,0,1,0
2026/05/24,tohoku,13.75,7.96,26.57,4,tokyo,25.8,17.8,21.8,0,1,0
2026/05/24,tokyo,21.77,31.82,50,11.39,tokyo,25.8,17.8,21.8,0,1,0
2026/05/25,chubu,20.11,16.79,40.41,11.31,osaka,28.3,19.2,23.8,0,0,0
2026/05/25,chugoku,14.65,9.18,40.41,2.5,osaka,28.3,19.2,23.8,0,0,0
2026/05/25,hokkaido,14.58,7.71,35.83,0.01,sapporo,19.1,10,14.6,0,0,0
2026/05/25,hokuriku,16.85,14.44,40.41,5,osaka,28.3,19.2,23.8,0,0,0
2026/05/25,kansai,16.85,14.44,40.41,5,osaka,28.3,19.2,23.8,0,0,0
2026/05/25,kyushu,12.6,6.31,40.41,0.01,nagasaki,26.7,17.3,22,0,0,0
2026/05/25,shikoku,1.48,0.01,9.07,0.01,nagasaki,26.7,17.3,22,0,0,0
2026/05/25,system,17.27,12.85,40.41,6,tokyo,26.4,17.3,21.9,0,0,0
2026/05/25,tohoku,17.14,7.88,50,0.01,tokyo,26.4,17.3,21.9,0,0,0
2026/05/25,tokyo,21.59,22.95,50,11.45,tokyo,26.4,17.3,21.9,0,0,0
2026/05/26,chubu,21.45,21.95,30.85,15,osaka,26.4,18.3,22.4,0,0,0
2026/05/26,chugoku,20.9,20.82,30.85,9.36,osaka,26.4,18.3,22.4,0,0,0
2026/05/26,hokkaido,18.43,16.36,32,8,sapporo,20.2,12.4,16.3,0,0,0
2026/05/26,hokuriku,21.37,21.67,30.85,15,osaka,26.4,18.3,22.4,0,0,0
2026/05/26,kansai,21.37,21.67,30.85,15,osaka,26.4,18.3,22.4,0,0,0
2026/05/26,kyushu,13.11,9.84,24,9.28,nagasaki,28.3,20.1,24.2,0,0,0
2026/05/26,shikoku,18.08,16.43,30.85,0.01,nagasaki,28.3,20.1,24.2,0,0,0
2026/05/26,system,21.2,21.58,35,11.9,tokyo,27,18.9,22.9,0,0,0
2026/05/26,tohoku,19.25,16.36,32,8,tokyo,27,18.9,22.9,0,0,0
2026/05/26,tokyo,22.36,26.75,34,16.02,tokyo,27,18.9,22.9,0,0,0
2026/05/27,chubu,22.37,29.73,32.02,16.72,osaka,27,17.9,22.4,0,0,0
2026/05/27,chugoku,21.94,29.06,31.97,16.72,osaka,27,17.9,22.4,0,0,0
2026/05/27,hokkaido,16.65,14.67,40,7.34,sapporo,18.7,10.2,14.4,0,0,0
2026/05/27,hokuriku,22.37,29.73,32.02,16.72,osaka,27,17.9,22.4,0,0,0
2026/05/27,kansai,22.37,29.73,32.02,16.72,osaka,27,17.9,22.4,0,0,0
2026/05/27,kyushu,17.29,22.4,31.97,9.28,nagasaki,28,19.2,23.6,0,0,0
2026/05/27,shikoku,18.16,27.55,31.96,3,nagasaki,28,19.2,23.6,0,0,0
2026/05/27,system,21.84,28.09,35,16.13,tokyo,27.5,18.4,22.9,0,0,0
2026/05/27,tohoku,20.61,23.14,40,7.34,tokyo,27.5,18.4,22.9,0,0,0
2026/05/27,tokyo,23.64,36.44,50,16.72,tokyo,27.5,18.4,22.9,0,0,0
2026/05/28,chubu,21.97,30.37,36,16.89,osaka,27.5,19.4,23.4,0,0,0
2026/05/28,chugoku,18.21,18.27,24.99,14.2,osaka,27.5,19.4,23.4,0,0,0
2026/05/28,hokkaido,21.48,27.77,40,14.66,sapporo,19,9.7,14.3,0,0,0
2026/05/28,hokuriku,21.97,30.37,36,16.89,osaka,27.5,19.4,23.4,0,0,0
2026/05/28,kansai,21.97,30.37,36,16.89,osaka,27.5,19.4,23.4,0,0,0
2026/05/28,kyushu,14.25,10.06,24.99,9.49,nagasaki,27.1,19.5,23.3,0,0,0
2026/05/28,shikoku,6.46,3.68,20,0.01,nagasaki,27.1,19.5,23.3,0,0,0
2026/05/28,system,22.36,28.93,31,16.96,tokyo,28.1,20,24.1,0,0,0
2026/05/28,tohoku,23.29,27.77,50,16.83,tokyo,28.1,20,24.1,0,0,0
2026/05/28,tokyo,24.39,31.55,50,16.89,tokyo,28.1,20,24.1,0,0,0
2026/05/29,chubu,19.37,17.04,30.59,14.15,osaka,28.1,18.9,23.5,0,0,0
2026/05/29,chugoku,10.84,1.95,19.89,0.01,osaka,28.1,18.9,23.5,0,0,0
2026/05/29,hokkaido,10.54,1.38,19.92,0.01,sapporo,20,12,16,0,0,0
2026/05/29,hokuriku,19.01,17.04,30.59,14.15,osaka,28.1,18.9,23.5,0,0,0
2026/05/29,kansai,19.01,17.04,30.59,14.15,osaka,28.1,18.9,23.5,0,0,0
2026/05/29,kyushu,9.44,1.53,19.89,0.01,nagasaki,29.4,21.2,25.3,0,0,0
2026/05/29,shikoku,0.95,0.01,5,0.01,nagasaki,29.4,21.2,25.3,0,0,0
2026/05/29,system,18.32,13.88,31.04,8.01,tokyo,26.2,17.1,21.6,0,0,0
2026/05/29,tohoku,13.37,1.38,36,0.01,tokyo,26.2,17.1,21.6,0,0,0
2026/05/29,tokyo,23.03,37,50.01,16.27,tokyo,26.2,17.1,21.6,0,0,0
2026/05/30,chubu,12.92,4.5,27,0.01,osaka,29.1,21.5,25.3,0,1,0
2026/05/30,chugoku,8.69,0.01,18.8,0.01,osaka,29.1,21.5,25.3,0,1,0
2026/05/30,hokkaido,9.72,0.01,21,0.01,sapporo,19.5,11.4,15.4,0,1,0
2026/05/30,hokuriku,10.26,4.5,18.8,0.01,osaka,29.1,21.5,25.3,0,1,0
2026/05/30,kansai,10.26,4.5,18.8,0.01,osaka,29.1,21.5,25.3,0,1,0
2026/05/30,kyushu,8.38,0.01,18.8,0.01,nagasaki,28.2,20.4,24.3,0,1,0
2026/05/30,shikoku,0.48,0.01,3,0.01,nagasaki,28.2,20.4,24.3,0,1,0
2026/05/30,system,11.08,2.15,21.09,0.01,tokyo,27.2,19.6,23.4,0,1,0
2026/05/30,tohoku,12.42,0.01,25.06,0.01,tokyo,27.2,19.6,23.4,0,1,0
2026/05/30,tokyo,20.55,18.89,45,8,tokyo,27.2,19.6,23.4,0,1,0
2026/05/31,chubu,15.25,11.77,20.14,7.39,osaka,27.2,18.6,22.9,0,1,0
2026/05/31,chugoku,7.66,0.01,17.24,0.01,osaka,27.2,18.6,22.9,0,1,0
2026/05/31,hokkaido,11.38,2.21,34.5,0.01,sapporo,19.8,10.9,15.4,0,1,0
2026/05/31,hokuriku,10.56,8.54,17.24,2.9,osaka,27.2,18.6,22.9,0,1,0
2026/05/31,kansai,10.56,8.54,17.24,2.9,osaka,27.2,18.6,22.9,0,1,0
2026/05/31,kyushu,7.2,0.01,17.24,0.01,nagasaki,29.8,21.3,25.6,0,1,0
2026/05/31,shikoku,1.74,0.01,6.82,0.01,nagasaki,29.8,21.3,25.6,0,1,0
2026/05/31,system,12.1,5.49,21.18,1.04,tokyo,27.7,19.1,23.4,0,1,0
2026/05/31,tohoku,14.64,2.21,35.83,0.01,tokyo,27.7,19.1,23.4,0,1,0
2026/05/31,tokyo,21.65,25.22,49.99,11.49,tokyo,27.7,19.1,23.4,0,1,0
2026/06/01,chubu,20.74,21.82,32.18,12.06,osaka,29.3,20.9,25.1,0,0,0
2026/06/01,chugoku,11.08,9.2,20,1,osaka,29.3,20.9,25.1,0,0,0
2026/06/01,hokkaido,14.2,9.29,30.79,0.01,sapporo,20,12.5,16.3,0,0,0
2026/06/01,hokuriku,18.07,19.7,28.45,6,osaka,29.3,20.9,25.1,0,0,0
2026/06/01,kansai,18.07,19.7,28.45,6,osaka,29.3,20.9,25.1,0,0,0
2026/06/01,kyushu,11.08,9.2,20,1,nagasaki,28,18.8,23.4,0,0,0
2026/06/01,shikoku,2.57,0.01,17.67,0.01,nagasaki,28,18.8,23.4,0,0,0
2026/06/01,system,18.25,18.42,32.17,8.04,tokyo,27.4,19,23.2,0,0,0
2026/06/01,tohoku,18.69,23.2,46,2,tokyo,27.4,19,23.2,0,0,0
2026/06/01,tokyo,23.55,37.7,50,12.06,tokyo,27.4,19,23.2,0,0,0
2026/06/02,chubu,22.81,32.7,40.14,13.66,osaka,29.9,20.5,25.2,0,0,0
2026/06/02,chugoku,16.74,22.31,28,9.57,osaka,29.9,20.5,25.2,0,0,0
2026/06/02,hokkaido,14.13,10.06,27.03,6,sapporo,20.3,12,16.1,0,0,0
2026/06/02,hokuriku,22.65,32.7,40.14,13.66,osaka,29.9,20.5,25.2,0,0,0
2026/06/02,kansai,22.65,32.7,40.14,13.66,osaka,29.9,20.5,25.2,0,0,0
2026/06/02,kyushu,16.55,22.31,28,9.57,nagasaki,30.3,22.4,26.4,0.4,0,0
2026/06/02,shikoku,8.76,17.84,18.88,0.01,nagasaki,30.3,22.4,26.4,0.4,0,0
2026/06/02,system,22.08,30.94,32.09,14.17,tokyo,27.9,18.5,23.2,0,0,0
2026/06/02,tohoku,21.12,28.14,32.03,15.65,tokyo,27.9,18.5,23.2,0,0,0
2026/06/02,tokyo,23.5,35.59,45,15.65,tokyo,27.9,18.5,23.2,0,0,0
2026/06/03,chubu,21.84,18.61,40.24,11.53,osaka,27.9,19.4,23.6,0,0,0
2026/06/03,chugoku,12.56,9.65,20.49,0.5,osaka,27.9,19.4,23.6,0,0,0
2026/06/03,hokkaido,17.13,17.64,25.5,9,sapporo,21.3,12.3,16.8,0,0,0
2026/06/03,hokuriku,17.31,14.17,31.03,7.59,osaka,27.9,19.4,23.6,0,0,0
2026/06/03,kansai,17.31,14.17,31.03,7.59,osaka,27.9,19.4,23.6,0,0,0
2026/06/03,kyushu,11.6,9.65,20.49,0.5,nagasaki,29.3,20.7,25,0,0,0
2026/06/03,shikoku,10.83,6.55,18.07,0.01,nagasaki,29.3,20.7,25,0,0,0
2026/06/03,system,21.4,19.27,32.01,16.11,tokyo,28.5,20.1,24.3,0,0,0
2026/06/03,tohoku,23.9,28.33,45.72,12.06,tokyo,28.5,20.1,24.3,0,0,0
2026/06/03,tokyo,23.9,28.33,45.72,12.06,tokyo,28.5,20.1,24.3,0,0,0
2026/06/04,chubu,21.32,22.63,40,16.58,osaka,28.5,19,23.8,0,0,0
2026/06/04,chugoku,13.14,15.65,19.36,9.15,osaka,28.5,19,23.8,0,0,0
2026/06/04,hokkaido,19.42,15.44,40,8.87,sapporo,21.6,13.8,17.7,0,0,0
2026/06/04,hokuriku,19.02,22.63,40,9.15,osaka,28.5,19,23.8,0,0,0
2026/06/04,kansai,19.02,22.63,40,9.15,osaka,28.5,19,23.8,0,0,0
2026/06/04,kyushu,12.86,15.65,19.36,9.15,nagasaki,29.1,19.8,24.5,0,0,0
2026/06/04,shikoku,12.17,15.65,19.36,2,nagasaki,29.1,19.8,24.5,0,0,0
2026/06/04,system,19.45,19.37,32.02,11.59,tokyo,29,19.5,24.3,0,0,0
2026/06/04,tohoku,20.26,18.08,40,9.3,tokyo,29,19.5,24.3,0,0,0
2026/06/04,tokyo,21.22,22.63,40,16.58,tokyo,29,19.5,24.3,0,0,0
2026/06/05,chubu,20.29,19.79,30,15.9,osaka,29,20.5,24.8,0,0,0
2026/06/05,chugoku,11.02,9.43,17.12,4.52,osaka,29,20.5,24.8,0,0,0
2026/06/05,hokkaido,17.49,13.2,30,7.68,sapporo,22.6,14.1,18.4,0,0,0
2026/06/05,hokuriku,17.35,17.59,30,9.57,osaka,29,20.5,24.8,0,0,0
2026/06/05,kansai,17.35,17.59,30,9.57,osaka,29,20.5,24.8,0,0,0
2026/06/05,kyushu,10.23,9.43,17.12,4.52,nagasaki,30.6,22.6,26.6,0.6,0,0
2026/06/05,shikoku,9.33,9.43,17,0.02,nagasaki,30.6,22.6,26.6,0.6,0,0
2026/06/05,system,16.43,14.92,27,8.46,tokyo,29.6,21.1,25.4,0,0,0
2026/06/05,tohoku,18.27,15.25,30,7.68,tokyo,29.6,21.1,25.4,0,0,0
2026/06/05,tokyo,20.19,19.79,30,15.9,tokyo,29.6,21.1,25.4,0,0,0
2026/06/06,chubu,16.85,13.81,26.97,9.77,osaka,29.6,22.1,25.9,0,1,0
2026/06/06,chugoku,9.83,9.17,15.93,2.03,osaka,29.6,22.1,25.9,0,1,0
2026/06/06,hokkaido,14.24,10.13,29.81,8,sapporo,21.1,11.9,16.5,0,1,0
2026/06/06,hokuriku,15.27,13.81,26.97,9.18,osaka,29.6,22.1,25.9,0,1,0
2026/06/06,kansai,15.27,13.81,26.97,9.18,osaka,29.6,22.1,25.9,0,1,0
2026/06/06,kyushu,9.4,9.17,13.86,2.03,nagasaki,29.6,20.8,25.2,0,1,0
2026/06/06,shikoku,7.97,5.49,15.93,0.01,nagasaki,29.6,20.8,25.2,0,1,0
2026/06/06,system,13.49,9.9,18.48,7.06,tokyo,27.6,20.1,23.9,0,1,0
2026/06/06,tohoku,16.52,10.13,29.81,8,tokyo,27.6,20.1,23.9,0,1,0
2026/06/06,tokyo,17,13.3,29.81,9.77,tokyo,27.6,20.1,23.9,0,1,0
2026/06/07,chubu,17.82,18.44,22.95,11.98,osaka,30.1,21.6,25.9,0,1,0
2026/06/07,chugoku,10.05,8.33,16.01,8,osaka,30.1,21.6,25.9,0,1,0
2026/06/07,hokkaido,17.4,12.52,35.83,7.63,sapporo,21.4,13.4,17.4,0,1,0
2026/06/07,hokuriku,16.45,18.44,22.95,9,osaka,30.1,21.6,25.9,0,1,0
2026/06/07,kansai,16.45,18.44,22.95,9,osaka,30.1,21.6,25.9,0,1,0
2026/06/07,kyushu,10.05,8.33,16.01,8,nagasaki,29.3,19.9,24.6,0,1,0
2026/06/07,shikoku,9.17,8.33,16.01,0.01,nagasaki,29.3,19.9,24.6,0,1,0
2026/06/07,system,14.87,14.8,22.95,9.33,tokyo,28.2,19.7,23.9,0,1,0
2026/06/07,tohoku,17.35,12.52,35.83,7.63,tokyo,28.2,19.7,23.9,0,1,0
2026/06/07,tokyo,20.7,24.05,35.83,16.83,tokyo,28.2,19.7,23.9,0,1,0
2026/06/08,chubu,20.48,28.98,35.83,13.25,osaka,30.7,23.1,26.9,0.9,0,0
2026/06/08,chugoku,11.65,10.13,16.01,9.01,osaka,30.7,23.1,26.9,0.9,0,0
2026/06/08,hokkaido,19.73,24.1,30,15.48,sapporo,22.4,13.7,18,0,0,0
2026/06/08,hokuriku,16.69,28.98,35.83,9.56,osaka,30.7,23.1,26.9,0.9,0,0
2026/06/08,kansai,16.65,28.98,35.83,9.56,osaka,30.7,23.1,26.9,0.9,0,0
2026/06/08,kyushu,11.28,10.13,16.01,9.01,nagasaki,30.8,22.6,26.7,0.7,0,0
2026/06/08,shikoku,10.23,10.13,15.41,2.5,nagasaki,30.8,22.6,26.7,0.7,0,0
2026/06/08,system,16.62,19.78,25.01,11.8,tokyo,28.7,21.2,24.9,0,0,0
2026/06/08,tohoku,20.21,24.1,30,15.69,tokyo,28.7,21.2,24.9,0,0,0
2026/06/08,tokyo,21.51,28.98,35.83,15.69,tokyo,28.7,21.2,24.9,0,0,0
2026/06/09,chubu,21.69,28.26,30.61,17.48,osaka,28.7,20.1,24.4,0,0,0
2026/06/09,chugoku,10.69,9.57,14.76,9.36,osaka,28.7,20.1,24.4,0,0,0
2026/06/09,hokkaido,13.22,8.83,17.53,6.07,sapporo,22.6,13.2,17.9,0,0,0
2026/06/09,hokuriku,18.41,25.33,27.69,9.36,osaka,28.7,20.1,24.4,0,0,0
2026/06/09,kansai,18.41,25.33,27.69,9.36,osaka,28.7,20.1,24.4,0,0,0
2026/06/09,kyushu,10.69,9.57,14.76,9.36,nagasaki,30.6,21.8,26.2,0.2,0,0
2026/06/09,shikoku,2.98,0.01,10.22,0.01,nagasaki,30.6,21.8,26.2,0.2,0,0
2026/06/09,system,18.22,17.8,27.69,11.46,tokyo,29.2,20.6,24.9,0,0,0
2026/06/09,tohoku,12.75,1.95,28,0.01,tokyo,29.2,20.6,24.9,0,0,0
2026/06/09,tokyo,21.69,28.26,30.61,17.48,tokyo,29.2,20.6,24.9,0,0,0
2026/06/10,chubu,19.38,17.82,30,10,osaka,28.9,19.8,24.4,0,0,0
2026/06/10,chugoku,6.08,0.01,14.45,0.01,osaka,28.9,19.8,24.4,0,0,0
2026/06/10,hokkaido,13.89,8.48,30,1,sapporo,22,14.4,18.2,0,0,0
2026/06/10,hokuriku,12.29,12.97,18.01,1,osaka,28.9,19.8,24.4,0,0,0
2026/06/10,kansai,12.29,12.97,18.01,1,osaka,28.9,19.8,24.4,0,0,0
2026/06/10,kyushu,6.08,0.01,14.45,0.01,nagasaki,29.4,21,25.2,0,0,0
2026/06/10,shikoku,1.74,0.01,11.52,0.01,nagasaki,29.4,21,25.2,0,0,0
2026/06/10,system,14.68,10.22,20.32,7.78,tokyo,29.5,20.4,24.9,0,0,0
2026/06/10,tohoku,14.42,7.54,30,0.01,tokyo,29.5,20.4,24.9,0,0,0
2026/06/10,tokyo,21.89,21.28,35.83,18.07,tokyo,29.5,20.4,24.9,0,0,0
2026/06/11,chubu,18.18,16.62,30.05,11.23,osaka,29.5,21.4,25.4,0,0,0
2026/06/11,chugoku,5.75,0.01,13.82,0.01,osaka,29.5,21.4,25.4,0,0,0
2026/06/11,hokkaido,12.77,6.87,27.24,0.01,sapporo,23,14.7,18.9,0,0,0
2026/06/11,hokuriku,11.99,15.11,19,2.6,osaka,29.5,21.4,25.4,0,0,0
2026/06/11,kansai,11.99,15.11,19,2.6,osaka,29.5,21.4,25.4,0,0,0
2026/06/11,kyushu,5.75,0.01,13.82,0.01,nagasaki,30.9,21.8,26.4,0.4,0,0
2026/06/11,shikoku,2.85,0.01,11.52,0.01,nagasaki,30.9,21.8,26.4,0.4,0,0
2026/06/11,system,13.79,9.99,20,2.9,tokyo,30,21.9,25.9,0,0,0
2026/06/11,tohoku,14.59,6.87,30.05,0.01,tokyo,30,21.9,25.9,0,0,0
2026/06/11,tokyo,20.32,20.37,30.05,16.21,tokyo,30,21.9,25.9,0,0,0
2026/06/12,chubu,17.92,16.46,30.19,11.43,osaka,30,20.9,25.4,0,0,0
2026/06/12,chugoku,7.01,0.01,14.45,0.01,osaka,30,20.9,25.4,0,0,0
2026/06/12,hokkaido,13.09,8.51,30.19,0.01,sapporo,21.5,12.5,17,0,0,0
2026/06/12,hokuriku,12.28,14.96,16.64,7.49,osaka,30,20.9,25.4,0,0,0
2026/06/12,kansai,12.28,14.96,16.64,7.49,osaka,30,20.9,25.4,0,0,0
2026/06/12,kyushu,7.01,0.01,14.45,0.01,nagasaki,30.7,22.9,26.8,0.8,0,0
2026/06/12,shikoku,5.65,0.01,14.45,0.01,nagasaki,30.7,22.9,26.8,0.8,0,0
2026/06/12,system,13.45,9.97,18.87,2.5,tokyo,30.5,21.4,25.9,0,0,0
2026/06/12,tohoku,14.72,8.51,30.19,0.01,tokyo,30.5,21.4,25.9,0,0,0
2026/06/12,tokyo,20.16,21.04,35.83,16.21,tokyo,30.5,21.4,25.9,0,0,0
2026/06/13,chubu,11.78,6.93,19.59,0.02,osaka,30.5,22.3,26.4,0.4,1,0
2026/06/13,chugoku,8.4,6.31,14.28,0.02,osaka,30.5,22.3,26.4,0.4,1,0
2026/06/13,hokkaido,11.76,0.9,23.82,0.01,sapporo,21.7,14,17.9,0,1,0
2026/06/13,hokuriku,8.42,6.42,14.28,0.02,osaka,30.5,22.3,26.4,0.4,1,0
2026/06/13,kansai,8.41,6.42,14.28,0.02,osaka,30.5,22.3,26.4,0.4,1,0
2026/06/13,kyushu,7.06,1.26,14.06,0.01,nagasaki,32.1,23.6,27.9,1.9,1,0
2026/06/13,shikoku,5.95,0.18,14.28,0.01,nagasaki,32.1,23.6,27.9,1.9,1,0
2026/06/13,system,11.2,6.29,18.06,0.01,tokyo,28.5,20.4,24.4,0,1,0
2026/06/13,tohoku,11.95,0.9,23.82,0.01,tokyo,28.5,20.4,24.4,0,1,0
2026/06/13,tokyo,17.46,14.87,23.82,10.62,tokyo,28.5,20.4,24.4,0,1,0
2026/06/14,chubu,11.72,10.4,19.98,2.05,osaka,31,21.8,26.4,0.4,1,0
2026/06/14,chugoku,9.37,10.14,13.82,2.05,osaka,31,21.8,26.4,0.4,1,0
2026/06/14,hokkaido,11.77,0.84,25.29,0.01,sapporo,22.7,14.3,18.5,0,1,0
2026/06/14,hokuriku,9.37,10.16,13.82,2.05,osaka,31,21.8,26.4,0.4,1,0
2026/06/14,kansai,9.37,10.16,13.82,2.05,osaka,31,21.8,26.4,0.4,1,0
2026/06/14,kyushu,9.37,10.14,13.82,2.05,nagasaki,31.9,22.7,27.3,1.3,1,0
2026/06/14,shikoku,7.88,10.14,13.44,1,nagasaki,31.9,22.7,27.3,1.3,1,0
2026/06/14,system,11.97,10.21,19.33,1.01,tokyo,29.1,19.9,24.5,0,1,0
2026/06/14,tohoku,11.91,0.84,25.29,0.01,tokyo,29.1,19.9,24.5,0,1,0
2026/06/14,tokyo,20.11,18.2,45,15.11,tokyo,29.1,19.9,24.5,0,1,0
2026/06/15,chubu,20.23,20.41,30,15,osaka,31.5,23.3,27.4,1.4,0,0
2026/06/15,chugoku,10.78,9.56,15.06,2.5,osaka,31.5,23.3,27.4,1.4,0,0
2026/06/15,hokkaido,17.34,9.35,30,8.46,sapporo,23,13.8,18.4,0,0,0
2026/06/15,hokuriku,13.04,15.63,20,8.33,osaka,31.5,23.3,27.4,1.4,0,0
2026/06/15,kansai,13.04,15.63,20,8.33,osaka,31.5,23.3,27.4,1.4,0,0
2026/06/15,kyushu,10.13,8.67,15.06,0.01,nagasaki,30.9,23,26.9,0.9,0,0
2026/06/15,shikoku,8.43,8.04,15.06,0.01,nagasaki,30.9,23,26.9,0.9,0,0
2026/06/15,system,15.94,15.45,18.67,8.94,tokyo,29.6,21.4,25.5,0,0,0
2026/06/15,tohoku,17.32,9.19,30,8.46,tokyo,29.6,21.4,25.5,0,0,0
2026/06/15,tokyo,23.14,27.91,43.5,18.15,tokyo,29.6,21.4,25.5,0,0,0
2026/06/16,chubu,20.18,21.81,32,12.56,osaka,32.1,22.9,27.5,1.5,0,0
2026/06/16,chugoku,12.06,10.38,18.5,2.5,osaka,32.1,22.9,27.5,1.5,0,0
2026/06/16,hokkaido,15.53,7.46,26.4,1,sapporo,23.9,16,19.9,0,0,0
2026/06/16,hokuriku,14.47,18.42,21.13,9.42,osaka,32.1,22.9,27.5,1.5,0,0
2026/06/16,kansai,14.47,18.42,21.13,9.42,osaka,32.1,22.9,27.5,1.5,0,0
2026/06/16,kyushu,11.78,10.38,16.19,2.5,nagasaki,32.3,23.6,27.9,1.9,0,0
2026/06/16,shikoku,9.7,10.38,18.5,0.02,nagasaki,32.3,23.6,27.9,1.9,0,0
2026/06/16,system,15.23,14.5,20.6,5.41,tokyo,30.1,20.9,25.5,0,0,0
2026/06/16,tohoku,13.43,3.37,26.4,0.01,tokyo,30.1,20.9,25.5,0,0,0
2026/06/16,tokyo,20.18,21.81,32,12.56,tokyo,30.1,20.9,25.5,0,0,0
2026/06/17,chubu,21.86,29.64,31.53,17.63,osaka,30.1,21.9,26,0,0,0
2026/06/17,chugoku,13.54,12.7,18,9.66,osaka,30.1,21.9,26,0,0,0
2026/06/17,hokkaido,14.77,7.14,30,0.01,sapporo,22.4,13.8,18.1,0,0,0
2026/06/17,hokuriku,15.39,17.54,19.59,9.76,osaka,30.1,21.9,26,0,0,0
2026/06/17,kansai,15.17,17.54,19.5,9.76,osaka,30.1,21.9,26,0,0,0
2026/06/17,kyushu,12.37,12.41,16.24,9.66,nagasaki,32,22.7,27.4,1.4,0,0
2026/06/17,shikoku,11.2,12.7,18,2,nagasaki,32,22.7,27.4,1.4,0,0
2026/06/17,system,17.16,18.31,21.15,11.93,tokyo,30.6,22.4,26.5,0.5,0,0
2026/06/17,tohoku,14.49,7.14,30,0.01,tokyo,30.6,22.4,26.5,0.5,0,0
2026/06/17,tokyo,22.57,35.26,50,17.63,tokyo,30.6,22.4,26.5,0.5,0,0
2026/06/18,chubu,20.02,21.6,30,17.17,osaka,30.6,21.3,26,0,0,0
2026/06/18,chugoku,13.48,11.42,18.5,9.5,osaka,30.6,21.3,26,0,0,0
2026/06/18,hokkaido,15.9,12.83,29.28,8,sapporo,22.6,13.2,17.9,0,0,0
2026/06/18,hokuriku,16.38,20.91,28.04,9.5,osaka,30.6,21.3,26,0,0,0
2026/06/18,kansai,16.38,20.91,28.04,9.5,osaka,30.6,21.3,26,0,0,0
2026/06/18,kyushu,12.78,11.42,18,9.5,nagasaki,31,22.9,26.9,0.9,0,0
2026/06/18,shikoku,5.42,9.69,12.51,0.01,nagasaki,31,22.9,26.9,0.9,0,0
2026/06/18,system,18,17.98,28.04,12.12,tokyo,31.1,21.9,26.5,0.5,0,0
2026/06/18,tohoku,15.93,13.15,30,3,tokyo,31.1,21.9,26.5,0.5,0,0
2026/06/18,tokyo,22.85,25.24,50,17.17,tokyo,31.1,21.9,26.5,0.5,0,0
2026/06/19,chubu,20.4,19.84,30,15.97,osaka,31.1,22.8,27,1,0,0
2026/06/19,chugoku,15.06,12.08,19.17,10.08,osaka,31.1,22.8,27,1,0,0
2026/06/19,hokkaido,17.94,14.52,30,9.2,sapporo,23.6,15.5,19.6,0,0,0
2026/06/19,hokuriku,18.62,19.84,30,10.08,osaka,31.1,22.8,27,1,0,0
2026/06/19,kansai,18.17,19.84,28.04,10.08,osaka,31.1,22.8,27,1,0,0
2026/06/19,kyushu,12.33,12.08,19.17,9.7,nagasaki,30.7,22,26.4,0.4,0,0
2026/06/19,shikoku,12.73,6.88,19,3.5,nagasaki,30.7,22,26.4,0.4,0,0
2026/06/19,system,17.92,18.87,26.36,11.88,tokyo,31.6,23.3,27.5,1.5,0,0
2026/06/19,tohoku,16.41,10.96,30,3.01,tokyo,31.6,23.3,27.5,1.5,0,0
2026/06/19,tokyo,22.45,34.36,50.01,17.03,tokyo,31.6,23.3,27.5,1.5,0,0
2026/06/20,chubu,18.66,21.41,25.8,16.41,osaka,32,23.3,27.6,1.6,1,0
2026/06/20,chugoku,14.08,14.02,16.37,10.01,osaka,32,23.3,27.6,1.6,1,0
2026/06/20,hokkaido,14.29,11.85,17.75,9.69,sapporo,23,14.8,18.9,0,1,0
2026/06/20,hokuriku,14.08,14.02,16.37,10.01,osaka,32,23.3,27.6,1.6,1,0
2026/06/20,kansai,14.08,14.02,16.37,10.01,osaka,32,23.3,27.6,1.6,1,0
2026/06/20,kyushu,11.12,10.8,14.45,9.64,nagasaki,32,23.7,27.9,1.9,1,0
2026/06/20,shikoku,12.24,4.46,16.37,1,nagasaki,32,23.7,27.9,1.9,1,0
2026/06/20,system,15.47,16.48,17.54,11.74,tokyo,30,21.3,25.6,0,1,0
2026/06/20,tohoku,14.29,11.85,17.9,8.9,tokyo,30,21.3,25.6,0,1,0
2026/06/20,tokyo,21.23,25.85,30,16.41,tokyo,30,21.3,25.6,0,1,0
2026/06/21,chubu,11.79,6.51,21.02,0.01,osaka,32.5,24.8,28.6,2.6,1,0
2026/06/21,chugoku,9.89,5.6,20.95,0.01,osaka,32.5,24.8,28.6,2.6,1,0
2026/06/21,hokkaido,11.49,9.44,17,0.01,sapporo,23.2,14.2,18.7,0,1,0
2026/06/21,hokuriku,10.04,6.51,20.95,0.01,osaka,32.5,24.8,28.6,2.6,1,0
2026/06/21,kansai,10.04,6.51,20.95,0.01,osaka,32.5,24.8,28.6,2.6,1,0
2026/06/21,kyushu,6.74,0.49,12.51,0.01,nagasaki,31,22,26.5,0.5,1,0
2026/06/21,shikoku,9.26,1.59,20.95,0.01,nagasaki,31,22,26.5,0.5,1,0
2026/06/21,system,11.93,9.88,17.46,6.93,tokyo,30.5,22.8,26.6,0.6,1,0
2026/06/21,tohoku,12.34,9.63,17,8.87,tokyo,30.5,22.8,26.6,0.6,1,0
2026/06/21,tokyo,18.51,18.11,45,14.37,tokyo,30.5,22.8,26.6,0.6,1,0
2026/06/22,chubu,16.88,17.94,26.12,11.77,osaka,30.5,21.7,26.1,0.1,0,0
2026/06/22,chugoku,10.86,10.29,15.76,9.27,osaka,30.5,21.7,26.1,0.1,0,0
2026/06/22,hokkaido,15.92,15.83,20,12,sapporo,24.2,16.5,20.4,0,0,0
2026/06/22,hokuriku,13.77,17.6,26.12,9.27,osaka,30.5,21.7,26.1,0.1,0,0
2026/06/22,kansai,13.77,17.6,26.12,9.27,osaka,30.5,21.7,26.1,0.1,0,0
2026/06/22,kyushu,10.57,10.29,15.76,9.27,nagasaki,33.2,25.5,29.4,3.4,0,0
2026/06/22,shikoku,8.19,1.34,15.75,0.01,nagasaki,33.2,25.5,29.4,3.4,0,0
2026/06/22,system,14.1,17.02,18.02,10.01,tokyo,31,22.3,26.6,0.6,0,0
2026/06/22,tohoku,16.69,15.83,21,12.24,tokyo,31,22.3,26.6,0.6,0,0
2026/06/22,tokyo,18.49,24.79,29,12.74,tokyo,31,22.3,26.6,0.6,0,0
2026/06/23,chubu,16.49,16.41,21.23,11.5,osaka,31,23.2,27.1,1.1,0,0
2026/06/23,chugoku,10.48,9.84,14,9.27,osaka,31,23.2,27.1,1.1,0,0
2026/06/23,hokkaido,15.6,10.51,25,9.69,sapporo,25.1,16.7,20.9,0,0,0
2026/06/23,hokuriku,12.46,15.23,18.57,9.38,osaka,31,23.2,27.1,1.1,0,0
2026/06/23,kansai,12.46,15.23,18.57,9.38,osaka,31,23.2,27.1,1.1,0,0
2026/06/23,kyushu,10.09,9.84,12.51,9.27,nagasaki,32.2,23.8,28,2,0,0
2026/06/23,shikoku,5.67,9.4,10.08,0.02,nagasaki,32.2,23.8,28,2,0,0
2026/06/23,system,14.12,15.05,18.41,9.97,tokyo,31.5,23.7,27.6,1.6,0,0
2026/06/23,tohoku,15.73,10.51,25,9.69,tokyo,31.5,23.7,27.6,1.6,0,0
2026/06/23,tokyo,18.48,19.51,25,15.37,tokyo,31.5,23.7,27.6,1.6,0,0
2026/06/24,chubu,17.82,21.08,25.01,13,osaka,31.5,22.7,27.1,1.1,0,0
2026/06/24,chugoku,11.93,14.71,15.75,9.27,osaka,31.5,22.7,27.1,1.1,0,0
2026/06/24,hokkaido,11.55,6.85,23.13,0.01,sapporo,25.3,16.1,20.7,0,0,0
2026/06/24,hokuriku,11.93,14.71,15.75,9.27,osaka,31.5,22.7,27.1,1.1,0,0
2026/06/24,kansai,11.93,14.71,15.75,9.27,osaka,31.5,22.7,27.1,1.1,0,0
2026/06/24,kyushu,11.03,12.51,14.32,9.27,nagasaki,31.8,22.7,27.3,1.3,0,0
2026/06/24,shikoku,7.08,12.1,15.5,2.9,nagasaki,31.8,22.7,27.3,1.3,0,0
2026/06/24,system,13.73,15.91,17.45,10.08,tokyo,32,23.2,27.6,1.6,0,0
2026/06/24,tohoku,11.65,5.04,24.26,0.01,tokyo,32,23.2,27.6,1.6,0,0
2026/06/24,tokyo,17.82,21.08,25.01,13,tokyo,32,23.2,27.6,1.6,0,0
2026/06/25,chubu,18.78,22.72,23.58,15,osaka,31.9,24.1,28,2,0,0
2026/06/25,chugoku,13.74,14.72,18.51,9.27,osaka,31.9,24.1,28,2,0,0
2026/06/25,hokkaido,12.31,10.39,19.13,3,sapporo,23.7,15.8,19.8,0,0,0
2026/06/25,hokuriku,13.74,14.72,18.51,9.27,osaka,31.9,24.1,28,2,0,0
2026/06/25,kansai,13.74,14.72,18.51,9.27,osaka,31.9,24.1,28,2,0,0
2026/06/25,kyushu,11.25,11.72,16.36,9.27,nagasaki,33.3,25.5,29.4,3.4,0,0
2026/06/25,shikoku,11.84,2.86,18.51,0.01,nagasaki,33.3,25.5,29.4,3.4,0,0
2026/06/25,system,15.28,17.32,18.83,10.16,tokyo,30,22.2,26.1,0.1,0,0
2026/06/25,tohoku,14.62,11.8,20,8.69,tokyo,30,22.2,26.1,0.1,0,0
2026/06/25,tokyo,20.14,22.72,35.83,15,tokyo,30,22.2,26.1,0.1,0,0
2026/06/26,chubu,18.85,23.45,25.12,15,osaka,32.4,23.6,28,2,0,0
2026/06/26,chugoku,11.82,13.2,14.5,9.35,osaka,32.4,23.6,28,2,0,0
2026/06/26,hokkaido,17.3,19.18,20.39,13.01,sapporo,23.9,15.2,19.5,0,0,0
2026/06/26,hokuriku,11.82,13.2,14.5,9.35,osaka,32.4,23.6,28,2,0,0
2026/06/26,kansai,11.82,13.2,14.5,9.35,osaka,32.4,23.6,28,2,0,0
2026/06/26,kyushu,11.44,12.99,14.5,9.35,nagasaki,32.2,23.6,27.9,1.9,0,0
2026/06/26,shikoku,9.67,0.01,14.5,0.01,nagasaki,32.2,23.6,27.9,1.9,0,0
2026/06/26,system,15.03,18.17,19,9.99,tokyo,30.5,21.7,26.1,0.1,0,0
2026/06/26,tohoku,17.39,19.18,20.39,13.01,tokyo,30.5,21.7,26.1,0.1,0,0
2026/06/26,tokyo,19.09,24.97,29.01,15,tokyo,30.5,21.7,26.1,0.1,0,0
2026/06/27,chubu,13.98,12.19,17.03,10.56,osaka,32.9,25,28.9,2.9,1,0
2026/06/27,chugoku,8.26,4.59,12.51,0.02,osaka,32.9,25,28.9,2.9,1,0
2026/06/27,hokkaido,11.43,6.55,21,1,sapporo,24.9,15.5,20.2,0,1,0
2026/06/27,hokuriku,9.35,8.8,12.51,6,osaka,32.9,25,28.9,2.9,1,0
2026/06/27,kansai,8.62,4.72,12.51,0.02,osaka,32.9,25,28.9,2.9,1,0
2026/06/27,kyushu,6.52,0.58,12.51,0.01,nagasaki,31.9,22.7,27.3,1.3,1,0
2026/06/27,shikoku,7.7,3.36,12.51,0.01,nagasaki,31.9,22.7,27.3,1.3,1,0
2026/06/27,system,10.93,8.86,15.5,8,tokyo,30.9,23.1,27,1,1,0
2026/06/27,tohoku,11.33,6.55,21,1,tokyo,30.9,23.1,27,1,1,0
2026/06/27,tokyo,15.72,15.29,21,13.28,tokyo,30.9,23.1,27,1,1,0
2026/06/28,chubu,7.68,0.76,14.71,0.01,osaka,33.4,24.5,28.9,2.9,1,0
2026/06/28,chugoku,5.81,0.01,12.51,0.01,osaka,33.4,24.5,28.9,2.9,1,0
2026/06/28,hokkaido,9.47,2.05,17.92,0.01,sapporo,23.3,15.2,19.3,0,1,0
2026/06/28,hokuriku,5.95,0.76,12.51,0.01,osaka,33.4,24.5,28.9,2.9,1,0
2026/06/28,kansai,5.81,0.01,12.51,0.01,osaka,33.4,24.5,28.9,2.9,1,0
2026/06/28,kyushu,5.28,0.01,12.51,0.01,nagasaki,33.3,25.3,29.3,3.3,1,0
2026/06/28,shikoku,5.62,0.01,12.51,0.01,nagasaki,33.3,25.3,29.3,3.3,1,0
2026/06/28,system,8.02,3.3,14.83,0.7,tokyo,31.4,22.5,26.9,0.9,1,0
2026/06/28,tohoku,9.04,0.18,17.92,0.01,tokyo,31.4,22.5,26.9,0.9,1,0
2026/06/28,tokyo,14.88,14.78,17.92,11.24,tokyo,31.4,22.5,26.9,0.9,1,0
2026/06/29,chubu,15.05,15.63,24.58,10.09,osaka,31.3,23.4,27.4,1.4,0,0
2026/06/29,chugoku,7.32,1.7,16,0.01,osaka,31.3,23.4,27.4,1.4,0,0
2026/06/29,hokkaido,13.96,11.07,24.58,3,sapporo,23.5,14.7,19.1,0,0,0
2026/06/29,hokuriku,9.59,9.38,16,1,osaka,31.3,23.4,27.4,1.4,0,0
2026/06/29,kansai,9.51,9.38,16,1,osaka,31.3,23.4,27.4,1.4,0,0
2026/06/29,kyushu,6.98,1.7,16,0.01,nagasaki,33,24.4,28.7,2.7,0,0
2026/06/29,shikoku,5.91,0.35,13.49,0.01,nagasaki,33,24.4,28.7,2.7,0,0
2026/06/29,system,11.37,10.3,20.84,0.7,tokyo,31.9,24,27.9,1.9,0,0
2026/06/29,tohoku,10.47,4.12,24.58,0.01,tokyo,31.9,24,27.9,1.9,0,0
2026/06/29,tokyo,15.38,15.68,24.58,10.09,tokyo,31.9,24,27.9,1.9,0,0
2026/06/30,chubu,16.23,19.8,23.26,11.58,osaka,32.2,23.9,28.1,2.1,0,0
2026/06/30,chugoku,11.26,10.76,15.33,9.42,osaka,32.2,23.9,28.1,2.1,0,0
2026/06/30,hokkaido,10.21,4.35,21.16,0.01,sapporo,25.3,16.3,20.8,0,0,0
2026/06/30,hokuriku,12.01,13.78,16.6,9.5,osaka,32.2,23.9,28.1,2.1,0,0
2026/06/30,kansai,12,13.78,16.6,9.42,osaka,32.2,23.9,28.1,2.1,0,0
2026/06/30,kyushu,11.24,10.64,15.33,9.42,nagasaki,31.8,23.6,27.7,1.7,0,0
2026/06/30,shikoku,7.72,10.76,13.23,3,nagasaki,31.8,23.6,27.7,1.7,0,0
2026/06/30,system,12.73,14.85,17.42,9.29,tokyo,32.8,24.5,28.6,2.6,0,0
2026/06/30,tohoku,10.78,4.35,22.42,0.01,tokyo,32.8,24.5,28.6,2.6,0,0
2026/06/30,tokyo,16.23,19.8,23.26,11.58,tokyo,32.8,24.5,28.6,2.6,0,0
2026/07/01,chubu,16.07,16.61,22.5,11.06,osaka,32.1,22.9,27.5,1.5,0,0
2026/07/01,chugoku,12.09,16.2,16.5,8.32,osaka,32.1,22.9,27.5,1.5,0,0
2026/07/01,hokkaido,12.16,10.02,20.9,3,sapporo,25.6,17.3,21.5,0,0,0
2026/07/01,hokuriku,12.09,16.2,16.5,8.32,osaka,32.1,22.9,27.5,1.5,0,0
2026/07/01,kansai,12.09,16.2,16.5,8.32,osaka,32.1,22.9,27.5,1.5,0,0
2026/07/01,kyushu,12.09,16.2,16.5,8.32,nagasaki,33.8,26.2,30,4,0,0
2026/07/01,shikoku,8.57,14.91,16.5,7.01,nagasaki,33.8,26.2,30,4,0,0
2026/07/01,system,14.02,16,20.87,9.62,tokyo,32.7,23.6,28.2,2.2,0,0
2026/07/01,tohoku,13.09,9.07,22.5,3,tokyo,32.7,23.6,28.2,2.2,0,0
2026/07/01,tokyo,16.06,16.52,22.5,11.06,tokyo,32.7,23.6,28.2,2.2,0,0
2026/07/02,chubu,16.58,16.05,22.54,10.93,osaka,32.6,24.4,28.5,2.5,0,0
2026/07/02,chugoku,11.29,10.99,14.75,9.34,osaka,32.6,24.4,28.5,2.5,0,0
2026/07/02,hokkaido,13.16,10.36,18.01,9.24,sapporo,24,15,19.5,0,0,0
2026/07/02,hokuriku,11.42,11.92,14.75,9.34,osaka,32.6,24.4,28.5,2.5,0,0
2026/07/02,kansai,11.41,11.92,14.75,9.34,osaka,32.6,24.4,28.5,2.5,0,0
2026/07/02,kyushu,11.29,10.99,14.75,9.34,nagasaki,33.5,25.2,29.4,3.4,0,0
2026/07/02,shikoku,6.81,9.31,10.69,0.01,nagasaki,33.5,25.2,29.4,3.4,0,0
2026/07/02,system,14.14,14.61,20,10.38,tokyo,30.6,22.4,26.5,0.5,0,0
2026/07/02,tohoku,16.72,16.6,22.54,13.81,tokyo,30.6,22.4,26.5,0.5,0,0
2026/07/02,tokyo,16.99,16.6,22.54,14.14,tokyo,30.6,22.4,26.5,0.5,0,0
2026/07/03,chubu,13.94,14.5,18.68,7.82,osaka,33,23.8,28.4,2.4,0,0
2026/07/03,chugoku,10.66,9.63,16.33,7.82,osaka,33,23.8,28.4,2.4,0,0
2026/07/03,hokkaido,13.83,11.84,18.68,9.24,sapporo,24.2,16.4,20.3,0,0,0
2026/07/03,hokuriku,10.68,9.71,16.33,7.82,osaka,33,23.8,28.4,2.4,0,0
2026/07/03,kansai,10.67,9.71,16.33,7.82,osaka,33,23.8,28.4,2.4,0,0
2026/07/03,kyushu,10.66,9.63,16.33,7.82,nagasaki,32.4,23.4,27.9,1.9,0,0
2026/07/03,shikoku,8.23,1.41,16.33,0.01,nagasaki,32.4,23.4,27.9,1.9,0,0
2026/07/03,system,12.09,11.63,16.01,7.82,tokyo,31.1,21.9,26.5,0.5,0,0
2026/07/03,tohoku,14.49,12.6,18.68,9.28,tokyo,31.1,21.9,26.5,0.5,0,0
2026/07/03,tokyo,15.24,15.34,18.68,13.19,tokyo,31.1,21.9,26.5,0.5,0,0
2026/07/04,chubu,11.85,9.58,14.38,8.5,osaka,33.5,25.3,29.4,3.4,1,0
2026/07/04,chugoku,9.62,9.42,11,8.32,osaka,33.5,25.3,29.4,3.4,1,0
2026/07/04,hokkaido,10.28,3.81,19.88,0.03,sapporo,25.1,16.6,20.9,0,1,0
2026/07/04,hokuriku,9.62,9.42,11,8.32,osaka,33.5,25.3,29.4,3.4,1,0
2026/07/04,kansai,9.62,9.42,11,8.32,osaka,33.5,25.3,29.4,3.4,1,0
2026/07/04,kyushu,9.62,9.42,11,8.32,nagasaki,33.8,26.1,29.9,3.9,1,0
2026/07/04,shikoku,9.62,9.42,11,8.32,nagasaki,33.8,26.1,29.9,3.9,1,0
2026/07/04,system,10.57,8.83,14.28,8.32,tokyo,31.5,23.3,27.4,1.4,1,0
2026/07/04,tohoku,10.28,3.81,19.88,0.03,tokyo,31.5,23.3,27.4,1.4,1,0
2026/07/04,tokyo,12.69,9.92,19.88,8.5,tokyo,31.5,23.3,27.4,1.4,1,0
2026/07/05,chubu,10.22,8.97,14.1,8.32,osaka,33.9,24.7,29.3,3.3,1,0
2026/07/05,chugoku,9.05,8.97,12,7.37,osaka,33.9,24.7,29.3,3.3,1,0
2026/07/05,hokkaido,10.02,6.19,18.5,0.01,sapporo,25.2,15.9,20.6,0,1,0
2026/07/05,hokuriku,9.11,8.97,12,7.37,osaka,33.9,24.7,29.3,3.3,1,0
2026/07/05,kansai,9.05,8.97,12,7.37,osaka,33.9,24.7,29.3,3.3,1,0
2026/07/05,kyushu,9.05,8.97,12,7.37,nagasaki,33.4,25,29.2,3.2,1,0
2026/07/05,shikoku,9.05,8.97,12,7.37,nagasaki,33.4,25,29.2,3.2,1,0
2026/07/05,system,10.05,9.14,14.07,8.32,tokyo,32,22.8,27.4,1.4,1,0
2026/07/05,tohoku,9.79,6.19,18.5,0.01,tokyo,32,22.8,27.4,1.4,1,0
2026/07/05,tokyo,14.61,15.68,19.5,10.1,tokyo,32,22.8,27.4,1.4,1,0
2026/07/06,chubu,15.52,18.7,21.54,9.39,osaka,31.9,23.6,27.8,1.8,0,0
2026/07/06,chugoku,11.11,10.25,16.39,8.39,osaka,31.9,23.6,27.8,1.8,0,0
2026/07/06,hokkaido,13.21,13.75,20.36,9.39,sapporo,26.1,18.1,22.1,0,0,0
2026/07/06,hokuriku,11.78,11.48,20,8.39,osaka,31.9,23.6,27.8,1.8,0,0
2026/07/06,kansai,11.78,11.48,20,8.39,osaka,31.9,23.6,27.8,1.8,0,0
2026/07/06,kyushu,11.02,10.25,16.39,8.39,nagasaki,32.3,23.2,27.8,1.8,0,0
2026/07/06,shikoku,9.32,2.64,16.39,1,nagasaki,32.3,23.2,27.8,1.8,0,0
2026/07/06,system,13.48,15.21,18.22,8.97,tokyo,32.4,24.2,28.3,2.3,0,0
2026/07/06,tohoku,13.06,14.06,20.36,9.39,tokyo,32.4,24.2,28.3,2.3,0,0
2026/07/06,tokyo,15.56,18.7,21.54,9.39,tokyo,32.4,24.2,28.3,2.3,0,0
2026/07/07,chubu,13.72,13.57,21.22,10,osaka,32.3,23,27.6,1.6,0,0
2026/07/07,chugoku,12.42,10.36,19.42,9.4,osaka,32.3,23,27.6,1.6,0,0
2026/07/07,hokkaido,12.53,10,21.22,5.6,sapporo,24.5,15.8,20.1,0,0,0
2026/07/07,hokuriku,12.95,12.89,19.42,9.99,osaka,32.3,23,27.6,1.6,0,0
2026/07/07,kansai,12.95,12.89,19.42,9.99,osaka,32.3,23,27.6,1.6,0,0
2026/07/07,kyushu,12.42,10.36,19.42,9.4,nagasaki,34.5,26.7,30.6,4.6,0,0
2026/07/07,shikoku,10.1,7.09,16.51,2,nagasaki,34.5,26.7,30.6,4.6,0,0
2026/07/07,system,12.65,11.65,20,8.4,tokyo,32.9,23.6,28.3,2.3,0,0
2026/07/07,tohoku,12.57,10,21.22,5.6,tokyo,32.9,23.6,28.3,2.3,0,0
2026/07/07,tokyo,13.75,13.65,21.22,10,tokyo,32.9,23.6,28.3,2.3,0,0
2026/07/08,chubu,13.87,14.38,16.99,10.32,osaka,32.7,24.4,28.6,2.6,0,0
2026/07/08,chugoku,11.29,9.98,15.83,9.4,osaka,32.7,24.4,28.6,2.6,0,0
2026/07/08,hokkaido,12.96,12.77,16.99,8.49,sapporo,24.7,15.2,19.9,0,0,0
2026/07/08,hokuriku,11.63,11.97,15.83,9.71,osaka,32.7,24.4,28.6,2.6,0,0
2026/07/08,kansai,11.61,11.87,15.83,9.71,osaka,32.7,24.4,28.6,2.6,0,0
2026/07/08,kyushu,11.28,9.98,15.83,9.4,nagasaki,33.4,24.9,29.1,3.1,0,0
2026/07/08,shikoku,6.25,0.01,10,0.01,nagasaki,33.4,24.9,29.1,3.1,0,0
2026/07/08,system,12.25,12.04,16.39,9.4,tokyo,33.3,25,29.1,3.1,0,0
2026/07/08,tohoku,12.96,12.77,16.99,8.49,tokyo,33.3,25,29.1,3.1,0,0
2026/07/08,tokyo,14.06,14.63,16.99,10.75,tokyo,33.3,25,29.1,3.1,0,0
2026/07/09,chubu,14.29,14.05,20,9.97,osaka,33.2,23.9,28.6,2.6,0,0
2026/07/09,chugoku,11.72,9.47,15.8,9.4,osaka,33.2,23.9,28.6,2.6,0,0
2026/07/09,hokkaido,13.91,12.48,20,8.84,sapporo,25.6,17.4,21.5,0,0,0
2026/07/09,hokuriku,12.38,13.14,15.8,9.4,osaka,33.2,23.9,28.6,2.6,0,0
2026/07/09,kansai,12.35,12.92,15.8,9.4,osaka,33.2,23.9,28.6,2.6,0,0
2026/07/09,kyushu,11.72,9.47,15.8,9.4,nagasaki,33,23.8,28.4,2.4,0,0
2026/07/09,shikoku,8.76,3.94,14.5,0.5,nagasaki,33,23.8,28.4,2.4,0,0
2026/07/09,system,13.07,12.78,19.42,9.4,tokyo,31.2,21.9,26.5,0.5,0,0
2026/07/09,tohoku,13.66,12.48,20,5,tokyo,31.2,21.9,26.5,0.5,0,0
2026/07/09,tokyo,15.28,16.21,20,10.19,tokyo,31.2,21.9,26.5,0.5,0,0
2026/07/10,chubu,15.34,15.06,22.12,10.11,osaka,34,26.2,30.1,4.1,0,0
2026/07/10,chugoku,13.61,10.78,21.77,8.32,osaka,34,26.2,30.1,4.1,0,0
2026/07/10,hokkaido,14.58,14.1,22.12,8.84,sapporo,24.9,16.6,20.8,0,0,0
2026/07/10,hokuriku,14.71,15.06,21.77,9.5,osaka,34,26.2,30.1,4.1,0,0
2026/07/10,kansai,14.68,14.79,21.77,9.5,osaka,34,26.2,30.1,4.1,0,0
2026/07/10,kyushu,13.6,10.78,21.77,8.32,nagasaki,34.2,25.4,29.8,3.8,0,0
2026/07/10,shikoku,10.82,10.78,21.77,3,nagasaki,34.2,25.4,29.8,3.8,0,0
2026/07/10,system,14.52,14.01,22.35,9.35,tokyo,32.1,24.4,28.3,2.3,0,0
2026/07/10,tohoku,14.45,14.1,22.12,7.63,tokyo,32.1,24.4,28.3,2.3,0,0
2026/07/10,tokyo,15.58,15.58,22.12,10.11,tokyo,32.1,24.4,28.3,2.3,0,0
2026/07/11,chubu,13.19,9.67,22.92,8.32,osaka,31.9,23.1,27.5,1.5,1,0
2026/07/11,chugoku,12.36,9.43,22.92,8.32,osaka,31.9,23.1,27.5,1.5,1,0
2026/07/11,hokkaido,14.58,15.15,30,7.56,sapporo,25,15.9,20.4,0,1,0
2026/07/11,hokuriku,12.39,9.67,22.92,8.32,osaka,31.9,23.1,27.5,1.5,1,0
2026/07/11,kansai,12.39,9.67,22.92,8.32,osaka,31.9,23.1,27.5,1.5,1,0
2026/07/11,kyushu,12.36,9.43,22.92,8.32,nagasaki,33.1,25.6,29.4,3.4,1,0
2026/07/11,shikoku,8.17,6.85,14,3,nagasaki,33.1,25.6,29.4,3.4,1,0
2026/07/11,system,13.87,11.33,25,8,tokyo,32.5,23.7,28.1,2.1,1,0
2026/07/11,tohoku,15.25,15.15,30,7.56,tokyo,32.5,23.7,28.1,2.1,1,0
2026/07/11,tokyo,16.52,16.43,30.2,10.28,tokyo,32.5,23.7,28.1,2.1,1,0
2026/07/12,chubu,13.99,12.11,22.92,8.58,osaka,32.3,24.5,28.4,2.4,1,0
2026/07/12,chugoku,12.89,9.04,22.92,8.32,osaka,32.3,24.5,28.4,2.4,1,0
2026/07/12,hokkaido,14.68,10.14,22.92,8.72,sapporo,25.9,18.1,22,0,1,0
2026/07/12,hokuriku,13.4,12.11,22.92,8.58,osaka,32.3,24.5,28.4,2.4,1,0
2026/07/12,kansai,13.29,11.9,22.92,8.58,osaka,32.3,24.5,28.4,2.4,1,0
2026/07/12,kyushu,12.89,9.04,22.92,8.32,nagasaki,32.7,24.5,28.6,2.6,1,0
2026/07/12,shikoku,8.27,7.03,17.89,1,nagasaki,32.7,24.5,28.6,2.6,1,0
2026/07/12,system,15,14.19,23.2,9.82,tokyo,32.9,25.1,29,3,1,0
2026/07/12,tohoku,15.23,11.47,22.92,10.01,tokyo,32.9,25.1,29,3,1,0
2026/07/12,tokyo,19.29,25.17,35.59,14.78,tokyo,32.9,25.1,29,3,1,0
2026/07/13,chubu,21.44,29.93,31.53,10.97,osaka,32.8,24,28.4,2.4,0,0
2026/07/13,chugoku,15.97,17.27,29.78,8.93,osaka,32.8,24,28.4,2.4,0,0
2026/07/13,hokkaido,17.32,19.73,29.78,8.73,sapporo,24.3,15.8,20.1,0,0,0
2026/07/13,hokuriku,20.87,29.93,31.53,8.93,osaka,32.8,24,28.4,2.4,0,0
2026/07/13,kansai,20.78,29.93,30.46,8.93,osaka,32.8,24,28.4,2.4,0,0
2026/07/13,kyushu,15.97,17.27,29.78,8.93,nagasaki,34.1,25.2,29.6,3.6,0,0
2026/07/13,shikoku,13.16,17.27,29.78,7.15,nagasaki,34.1,25.2,29.6,3.6,0,0
2026/07/13,system,19.11,25.94,30,10.57,tokyo,33.3,24.5,28.9,2.9,0,0
2026/07/13,tohoku,19.66,22.25,30,10.97,tokyo,33.3,24.5,28.9,2.9,0,0
2026/07/13,tokyo,21.57,29.93,31.53,10.97,tokyo,33.3,24.5,28.9,2.9,0,0
2026/07/14,chubu,19.94,19.52,36.21,11.36,osaka,33.2,25.4,29.3,3.3,0,0
2026/07/14,chugoku,18.19,12.96,36.21,9.71,osaka,33.2,25.4,29.3,3.3,0,0
2026/07/14,hokkaido,20.13,18.75,38.7,13.74,sapporo,24.4,15.1,19.8,0,0,0
2026/07/14,hokuriku,19.51,19.52,36.21,11,osaka,33.2,25.4,29.3,3.3,0,0
2026/07/14,kansai,19.46,19.52,36.21,11,osaka,33.2,25.4,29.3,3.3,0,0
2026/07/14,kyushu,17.4,12.93,36.21,9.4,nagasaki,33.7,26.1,29.9,3.9,0,0
2026/07/14,shikoku,10.61,1.89,20.54,0.01,nagasaki,33.7,26.1,29.9,3.9,0,0
2026/07/14,system,19.74,17.73,36.31,14.06,tokyo,31.2,23.4,27.3,1.3,0,0
2026/07/14,tohoku,20.58,19.52,38.7,14.66,tokyo,31.2,23.4,27.3,1.3,0,0
2026/07/14,tokyo,20.58,19.52,38.7,14.66,tokyo,31.2,23.4,27.3,1.3,0,0
2026/07/15,chubu,20.07,28.5,33.02,12.1,osaka,33.6,24.7,29.1,3.1,0,0
2026/07/15,chugoku,18.98,21.96,32.02,12.1,osaka,33.6,24.7,29.1,3.1,0,0
2026/07/15,hokkaido,17.39,19.34,33.02,9.44,sapporo,25.3,17.3,21.3,0,0,0
2026/07/15,hokuriku,20.03,28.5,33.02,12.1,osaka,33.6,24.7,29.1,3.1,0,0
2026/07/15,kansai,20.03,28.5,33.02,12.1,osaka,33.6,24.7,29.1,3.1,0,0
2026/07/15,kyushu,18.24,20.43,32.02,11,nagasaki,32.6,24.3,28.5,2.5,0,0
2026/07/15,shikoku,15.85,17.71,26,2.9,nagasaki,32.6,24.3,28.5,2.5,0,0
2026/07/15,system,20.13,25.59,33,14.29,tokyo,31.6,22.8,27.2,1.2,0,0
2026/07/15,tohoku,18.14,19.34,33.02,9.44,tokyo,31.6,22.8,27.2,1.2,0,0
2026/07/15,tokyo,20.88,27.91,33.02,16.3,tokyo,31.6,22.8,27.2,1.2,0,0
2026/07/16,chubu,20.47,23.14,32.04,15.25,osaka,34,26.1,30.1,4.1,0,0
2026/07/16,chugoku,18.66,20.24,32.04,10.69,osaka,34,26.1,30.1,4.1,0,0
2026/07/16,hokkaido,16.95,15.7,35,9.83,sapporo,25.4,16.7,21,0,0,0
2026/07/16,hokuriku,19.55,23.14,32.04,13.05,osaka,34,26.1,30.1,4.1,0,0
2026/07/16,kansai,19.53,23.14,32.04,13.05,osaka,34,26.1,30.1,4.1,0,0
2026/07/16,kyushu,18.01,18.73,32.04,10.69,nagasaki,34,25,29.5,3.5,0,0
2026/07/16,shikoku,14.98,20.24,28,7.22,nagasaki,34,25,29.5,3.5,0,0
2026/07/16,system,20.4,22,32.51,15.46,tokyo,32,24.1,28.1,2.1,0,0
2026/07/16,tohoku,18.71,19.11,35.5,9.83,tokyo,32,24.1,28.1,2.1,0,0
2026/07/16,tokyo,21.35,24.97,37.24,15.69,tokyo,32,24.1,28.1,2.1,0,0
2026/07/17,chubu,19.9,23.36,30,14.36,osaka,34.4,25.5,29.9,3.9,0,0
2026/07/17,chugoku,18.73,20.54,30,10.69,osaka,34.4,25.5,29.9,3.9,0,0
2026/07/17,hokkaido,16.02,19.01,26.97,8.73,sapporo,26.2,16.8,21.5,0,0,0
2026/07/17,hokuriku,19.41,23.36,30,10.69,osaka,34.4,25.5,29.9,3.9,0,0
2026/07/17,kansai,19.02,22.86,30,10.69,osaka,34.4,25.5,29.9,3.9,0,0
2026/07/17,kyushu,17.56,18.78,30,10.69,nagasaki,33.6,25.9,29.8,3.8,0,0
2026/07/17,shikoku,11.2,9.25,22,0.02,nagasaki,33.6,25.9,29.8,3.8,0,0
2026/07/17,system,19.77,22.71,30,15.06,tokyo,32.4,23.5,27.9,1.9,0,0
2026/07/17,tohoku,20.56,24.27,29.5,16.12,tokyo,32.4,23.5,27.9,1.9,0,0
2026/07/17,tokyo,20.92,24.68,29.5,16.12,tokyo,32.4,23.5,27.9,1.9,0,0
2026/07/18,chubu,19.3,17.48,28.01,13.34,osaka,32.2,24.3,28.3,2.3,1,0
2026/07/18,chugoku,16.63,14.01,26,13.34,osaka,32.2,24.3,28.3,2.3,1,0
2026/07/18,hokkaido,12.73,14.38,25.93,8.78,sapporo,24.6,16.5,20.6,0,1,0
2026/07/18,hokuriku,16.63,14.01,26,13.34,osaka,32.2,24.3,28.3,2.3,1,0
2026/07/18,kansai,16.63,14.01,26,13.34,osaka,32.2,24.3,28.3,2.3,1,0
2026/07/18,kyushu,14.29,9.47,26,8.7,nagasaki,34.9,26.5,30.7,4.7,1,0
2026/07/18,shikoku,14.04,7.37,26,3.51,nagasaki,34.9,26.5,30.7,4.7,1,0
2026/07/18,system,17.97,16.73,27.03,14,tokyo,32.8,24.9,28.8,2.8,1,0
2026/07/18,tohoku,20.56,21.3,30,15.56,tokyo,32.8,24.9,28.8,2.8,1,0
2026/07/18,tokyo,20.56,21.3,30,15.56,tokyo,32.8,24.9,28.8,2.8,1,0
2026/07/19,chubu,17.49,12.91,26.97,11.19,osaka,32.6,23.7,28.1,2.1,1,0
2026/07/19,chugoku,16.63,12.44,26.15,11.19,osaka,32.6,23.7,28.1,2.1,1,0
2026/07/19,hokkaido,12.34,9.9,26.61,8.78,sapporo,24.7,15.8,20.3,0,1,0
2026/07/19,hokuriku,16.63,12.44,26.15,11.19,osaka,32.6,23.7,28.1,2.1,1,0
2026/07/19,kansai,16.63,12.44,26.15,11.19,osaka,32.6,23.7,28.1,2.1,1,0
2026/07/19,kyushu,14.67,9.52,26.15,8.93,nagasaki,34.5,25.4,29.9,3.9,1,0
2026/07/19,shikoku,16.09,10.78,26.15,7.17,nagasaki,34.5,25.4,29.9,3.9,1,0
2026/07/19,system,16.51,11.23,26.61,9.83,tokyo,33.2,24.3,28.8,2.8,1,0
2026/07/19,tohoku,17.88,15.17,27.82,9.99,tokyo,33.2,24.3,28.8,2.8,1,0
2026/07/19,tokyo,18.6,15.75,27.82,13.04,tokyo,33.2,24.3,28.8,2.8,1,0
2026/07/20,chubu,20.8,21.85,31.5,13.49,osaka,33.4,24,28.7,2.7,0,0
2026/07/20,chugoku,19.32,18.24,31.5,12.99,osaka,33.4,24,28.7,2.7,0,0
2026/07/20,hokkaido,16.02,8.97,36.32,6,sapporo,26.4,17.4,21.9,0,0,0
2026/07/20,hokuriku,19.32,18.24,31.5,12.99,osaka,33.4,24,28.7,2.7,0,0
2026/07/20,kansai,19.32,18.24,31.5,12.99,osaka,33.4,24,28.7,2.7,0,0
2026/07/20,kyushu,17.02,11.32,31.5,8.82,nagasaki,33.2,24.5,28.9,2.9,0,0
2026/07/20,shikoku,19,17.96,31.5,12.99,nagasaki,33.2,24.5,28.9,2.9,0,0
2026/07/20,system,20.07,19,31.88,13.1,tokyo,31.5,22.1,26.8,0.8,0,0
2026/07/20,tohoku,18.64,14.54,36.32,6,tokyo,31.5,22.1,26.8,0.8,0,0
2026/07/20,tokyo,21.37,21.85,36.74,13.49,tokyo,31.5,22.1,26.8,0.8,0,0
2026/07/21,chubu,21.73,25.93,31.53,13.67,osaka,33.8,25.4,29.6,3.6,0,0
2026/07/21,chugoku,21.12,22.11,31.53,13.67,osaka,33.8,25.4,29.6,3.6,0,0
2026/07/21,hokkaido,16.54,14.33,35.52,8.78,sapporo,24.8,17.1,21,0,0,0
2026/07/21,hokuriku,21.63,25.93,31.53,13.67,osaka,33.8,25.4,29.6,3.6,0,0
2026/07/21,kansai,21.63,25.93,31.53,13.67,osaka,33.8,25.4,29.6,3.6,0,0
2026/07/21,kyushu,19.38,17.74,31.53,9.43,nagasaki,34.5,25.1,29.8,3.8,0,0
2026/07/21,shikoku,20.71,21.77,31.53,7.62,nagasaki,34.5,25.1,29.8,3.8,0,0
2026/07/21,system,21.57,23.16,31.92,14.74,tokyo,31.9,23.5,27.7,1.7,0,0
2026/07/21,tohoku,20.58,21.52,35.83,9,tokyo,31.9,23.5,27.7,1.7,0,0
2026/07/21,tokyo,22.77,26.92,35.83,15.56,tokyo,31.9,23.5,27.7,1.7,0,0
2026/07/22,chubu,22.14,26.68,36.13,13.73,osaka,34.2,24.8,29.5,3.5,0,0
2026/07/22,chugoku,20.23,14.9,36.13,9.56,osaka,34.2,24.8,29.5,3.5,0,0
2026/07/22,hokkaido,20.49,17.57,40.72,8.78,sapporo,25.6,17.2,21.4,0,0,0
2026/07/22,hokuriku,22.07,26.68,36.13,13.73,osaka,34.2,24.8,29.5,3.5,0,0
2026/07/22,kansai,22.07,26.68,36.13,13.73,osaka,34.2,24.8,29.5,3.5,0,0
2026/07/22,kyushu,18.62,12.15,36.13,9.4,nagasaki,34.1,26,30.1,4.1,0,0
2026/07/22,shikoku,19.43,12.74,36.13,7.22,nagasaki,34.1,26,30.1,4.1,0,0
2026/07/22,system,22.13,22.26,39.5,15.39,tokyo,32.2,22.8,27.5,1.5,0,0
2026/07/22,tohoku,23.45,23.46,40.72,16.69,tokyo,32.2,22.8,27.5,1.5,0,0
2026/07/22,tokyo,24.53,29.12,45,16.69,tokyo,32.2,22.8,27.5,1.5,0,0
2026/07/23,chubu,24.76,30.04,46.4,15.5,osaka,32.1,23.7,27.9,1.9,0,0
2026/07/23,chugoku,22.11,16.32,46.4,9.55,osaka,32.1,23.7,27.9,1.9,0,0
2026/07/23,hokkaido,19.66,13.68,45.01,8.78,sapporo,25.7,16.5,21.1,0,0,0
2026/07/23,hokuriku,24.76,30.04,46.4,15.5,osaka,32.1,23.7,27.9,1.9,0,0
2026/07/23,kansai,24.76,30.04,46.4,15.5,osaka,32.1,23.7,27.9,1.9,0,0
2026/07/23,kyushu,20.75,14.44,46.4,9.55,nagasaki,32.9,24.1,28.5,2.5,0,0
2026/07/23,shikoku,20.3,10.11,45.02,2,nagasaki,32.9,24.1,28.5,2.5,0,0
2026/07/23,system,24.78,26.59,46.88,16.99,tokyo,32.6,24.2,28.4,2.4,0,0
2026/07/23,tohoku,23.66,23.66,45.01,17.65,tokyo,32.6,24.2,28.4,2.4,0,0
2026/07/23,tokyo,27.38,38.87,50.01,17.65,tokyo,32.6,24.2,28.4,2.4,0,0
2026/07/24,chubu,24.79,28.19,45.32,14.96,osaka,32.4,22.9,27.6,1.6,0,0
2026/07/24,chugoku,24.14,18.75,58.38,12.71,osaka,32.4,22.9,27.6,1.6,0,0
2026/07/24,hokkaido,12.71,13.81,28,8.78,sapporo,26.5,18.6,22.6,0,0,0
2026/07/24,hokuriku,24.79,28.19,45.32,14.96,osaka,32.4,22.9,27.6,1.6,0,0
2026/07/24,kansai,25.36,28.19,58.38,14.96,osaka,32.4,22.9,27.6,1.6,0,0
2026/07/24,kyushu,22.1,16.86,58.38,10.14,nagasaki,35,25.5,30.3,4.3,0,0
2026/07/24,shikoku,21.71,13.13,58.38,7.03,nagasaki,35,25.5,30.3,4.3,0,0
2026/07/24,system,22.81,23.41,45.12,15.7,tokyo,33,23.6,28.3,2.3,0,0
2026/07/24,tohoku,21.91,25.76,32.5,16.35,tokyo,33,23.6,28.3,2.3,0,0
2026/07/24,tokyo,22.79,27.6,45.31,16.35,tokyo,33,23.6,28.3,2.3,0,0
2026/07/25,chubu,22.9,21.58,32.02,15.71,osaka,32.8,24.3,28.5,2.5,1,0
2026/07/25,chugoku,17.89,14.49,32.02,9.55,osaka,32.8,24.3,28.5,2.5,1,0
2026/07/25,hokkaido,9.6,7.1,17,2,sapporo,26.6,17.9,22.3,0,1,0
2026/07/25,hokuriku,19.7,21.58,32.02,13.7,osaka,32.8,24.3,28.5,2.5,1,0
2026/07/25,kansai,19.7,21.58,32.02,13.7,osaka,32.8,24.3,28.5,2.5,1,0
2026/07/25,kyushu,16.44,9.48,32.02,8.32,nagasaki,33.8,25.6,29.7,3.7,1,0
2026/07/25,shikoku,15.39,6.33,32.02,2.5,nagasaki,33.8,25.6,29.7,3.7,1,0
2026/07/25,system,20.61,17.88,32.02,13.7,tokyo,33.3,24.8,29,3,1,0
2026/07/25,tohoku,24,21.58,50.01,17.67,tokyo,33.3,24.8,29,3,1,0
2026/07/25,tokyo,24.1,21.58,50.01,17.67,tokyo,33.3,24.8,29,3,1,0
2026/07/26,chubu,20.66,20.37,29.98,12,osaka,33.1,25.6,29.4,3.4,1,0
2026/07/26,chugoku,16.16,10.08,29.98,8.54,osaka,33.1,25.6,29.4,3.4,1,0
2026/07/26,hokkaido,10.44,7.22,27.47,0.01,sapporo,24.9,15.5,20.2,0,1,0
2026/07/26,hokuriku,16.32,11.38,29.98,9.81,osaka,33.1,25.6,29.4,3.4,1,0
2026/07/26,kansai,16.32,11.38,29.98,9.81,osaka,33.1,25.6,29.4,3.4,1,0
2026/07/26,kyushu,15.07,9.26,29.98,8.32,nagasaki,32.7,23.8,28.3,2.3,1,0
2026/07/26,shikoku,14.28,6.42,29.98,3.5,nagasaki,32.7,23.8,28.3,2.3,1,0
2026/07/26,system,19.32,15.5,30,13.9,tokyo,33.7,24.2,29,3,1,0
2026/07/26,tohoku,22.41,21.99,27.47,18.22,tokyo,33.7,24.2,29,3,1,0
2026/07/26,tokyo,22.74,21.99,29.98,18.22,tokyo,33.7,24.2,29,3,1,0
2026/07/27,chubu,24.1,28.71,31.54,16.22,osaka,33.5,25,29.3,3.3,0,0
2026/07/27,chugoku,19.25,20.75,31.54,10.16,osaka,33.5,25,29.3,3.3,0,0
2026/07/27,hokkaido,13.89,8.01,30.55,1,sapporo,25,16.8,20.9,0,0,0
2026/07/27,hokuriku,22.69,28.71,31.54,12.54,osaka,33.5,25,29.3,3.3,0,0
2026/07/27,kansai,22.55,28.71,31.54,12.54,osaka,33.5,25,29.3,3.3,0,0
2026/07/27,kyushu,17.89,15.93,31.54,10.16,nagasaki,34.7,27.1,30.9,4.9,0,0
2026/07/27,shikoku,17.92,13.63,31.54,7.15,nagasaki,34.7,27.1,30.9,4.9,0,0
2026/07/27,system,22.87,26.34,33.96,13.9,tokyo,31.5,23,27.3,1.3,0,0
2026/07/27,tohoku,23.66,26.85,30.8,16.22,tokyo,31.5,23,27.3,1.3,0,0
2026/07/27,tokyo,24.81,28.38,50.01,16.22,tokyo,31.5,23,27.3,1.3,0,0
2026/07/28,chubu,24.02,28.37,34,18.58,osaka,33.8,26.3,30,4,0,0
2026/07/28,chugoku,21.78,21.82,34,13.86,osaka,33.8,26.3,30,4,0,0
2026/07/28,hokkaido,13.84,9.49,30,8.86,sapporo,25.8,16.9,21.4,0,0,0
2026/07/28,hokuriku,22.94,28.17,34,13.86,osaka,33.8,26.3,30,4,0,0
2026/07/28,kansai,22.83,28.17,34,13.86,osaka,33.8,26.3,30,4,0,0
2026/07/28,kyushu,19.25,16.13,34,10.16,nagasaki,33.5,25.2,29.4,3.4,0,0
2026/07/28,shikoku,20.35,12.48,34,7.5,nagasaki,33.5,25.2,29.4,3.4,0,0
2026/07/28,system,23.06,26.34,32.7,17.92,tokyo,31.9,24.4,28.1,2.1,0,0
2026/07/28,tohoku,22.05,26.33,31.78,11,tokyo,31.9,24.4,28.1,2.1,0,0
2026/07/28,tokyo,23.87,28.7,32.5,18.7,tokyo,31.9,24.4,28.1,2.1,0,0
2026/07/29,chubu,23.25,27.21,35.83,15,osaka,34.2,25.6,29.9,3.9,0,0
2026/07/29,chugoku,20.16,19.85,35.83,14,osaka,34.2,25.6,29.9,3.9,0,0
2026/07/29,hokkaido,15.53,17.16,30,8.86,sapporo,24.1,16.5,20.3,0,0,0
2026/07/29,hokuriku,21.2,24.33,35.83,14,osaka,34.2,25.6,29.9,3.9,0,0
2026/07/29,kansai,20.88,24.33,35.83,14,osaka,34.2,25.6,29.9,3.9,0,0
2026/07/29,kyushu,19.82,19.85,35.83,10.69,nagasaki,33.1,24.1,28.6,2.6,0,0
2026/07/29,shikoku,18.48,10.61,35.83,7.28,nagasaki,33.1,24.1,28.6,2.6,0,0
2026/07/29,system,22.4,22.96,32.9,17.28,tokyo,32.2,23.7,28,2,0,0
2026/07/29,tohoku,21.56,21.25,35.83,10.38,tokyo,32.2,23.7,28,2,0,0
2026/07/29,tokyo,23.62,27.22,35.83,19.04,tokyo,32.2,23.7,28,2,0,0
2026/07/30,chubu,23.88,27.97,37,16,osaka,34.2,25.1,29.7,3.7,0,0
2026/07/30,chugoku,18.85,13.91,37,9.71,osaka,34.2,25.1,29.7,3.7,0,0
2026/07/30,hokkaido,11.62,17.02,17.58,8.86,sapporo,25.8,18.1,22,0,0,0
2026/07/30,hokuriku,22.43,27.88,37,13,osaka,34.2,25.1,29.7,3.7,0,0
2026/07/30,kansai,21.39,27.88,37,13,osaka,34.2,25.1,29.7,3.7,0,0
2026/07/30,kyushu,18.62,13.91,37,9.55,nagasaki,34.2,25.6,29.9,3.9,0,0
2026/07/30,shikoku,18.43,11.59,37,7.79,nagasaki,34.2,25.6,29.9,3.9,0,0
2026/07/30,system,22.74,23.62,37,16.17,tokyo,32.2,23.1,27.7,1.7,0,0
2026/07/30,tohoku,19.87,21.27,37,9,tokyo,32.2,23.1,27.7,1.7,0,0
2026/07/30,tokyo,23.78,27.97,37,18.44,tokyo,32.2,23.1,27.7,1.7,0,0
2026/07/31,chubu,23.83,30.47,37,14,osaka,32,23.9,27.9,1.9,0,0
2026/07/31,chugoku,18.78,12.22,31.4,9.4,osaka,32,23.9,27.9,1.9,0,0
2026/07/31,hokkaido,14.86,15.03,37,8.86,sapporo,25.9,17.4,21.6,0,0,0
2026/07/31,hokuriku,22.32,30.47,37,11.94,osaka,32,23.9,27.9,1.9,0,0
2026/07/31,kansai,22.13,30.47,37,11.94,osaka,32,23.9,27.9,1.9,0,0
2026/07/31,kyushu,17.46,12.22,31.4,9.4,nagasaki,33,23.7,28.4,2.4,0,0
2026/07/31,shikoku,16.74,10.02,31.4,7.1,nagasaki,33,23.7,28.4,2.4,0,0
2026/07/31,system,23.48,26.14,36.5,16.84,tokyo,32.6,24.5,28.6,2.6,0,0
2026/07/31,tohoku,18.04,21.94,37,7.56,tokyo,32.6,24.5,28.6,2.6,0,0
2026/07/31,tokyo,23.85,30.27,37,18.22,tokyo,32.6,24.5,28.6,2.6,0,0
2026/08/01,chubu,22.04,18.59,33.18,11.49,osaka,34,26.1,30.1,4.1,1,0
2026/08/01,chugoku,16.71,12.19,29.44,9.94,osaka,34,26.1,30.1,4.1,1,0
2026/08/01,hokkaido,10.3,9.26,20,9.01,sapporo,25.2,16,20.6,0,1,0
2026/08/01,hokuriku,17.7,15.35,29.44,10.17,osaka,34,26.1,30.1,4.1,1,0
2026/08/01,kansai,17.7,15.35,29.44,10.17,osaka,34,26.1,30.1,4.1,1,0
2026/08/01,kyushu,16.68,12.19,29.44,9.94,nagasaki,33.6,25.6,29.6,3.6,1,0
2026/08/01,shikoku,14.66,8.26,29.44,6.93,nagasaki,33.6,25.6,29.6,3.6,1,0
2026/08/01,system,19.36,16.76,32.02,11.84,tokyo,32,24.1,28.1,2.1,1,0
2026/08/01,tohoku,12.9,9.64,22.99,9.01,tokyo,32,24.1,28.1,2.1,1,0
2026/08/01,tokyo,25.81,24.46,50.01,19.11,tokyo,32,24.1,28.1,2.1,1,0
2026/08/02,chubu,18.76,16.8,30.31,11.12,osaka,31.8,22.9,27.4,1.4,1,0
2026/08/02,chugoku,17.27,15.43,27,11.12,osaka,31.8,22.9,27.4,1.4,1,0
2026/08/02,hokkaido,7.5,3.01,21,0.01,sapporo,26,18.1,22.1,0,1,0
2026/08/02,hokuriku,17.27,15.43,27,11.12,osaka,31.8,22.9,27.4,1.4,1,0
2026/08/02,kansai,17.27,15.43,27,11.12,osaka,31.8,22.9,27.4,1.4,1,0
2026/08/02,kyushu,15.52,9.44,27,8.53,nagasaki,33.1,24.5,28.8,2.8,1,0
2026/08/02,shikoku,14.67,10.38,27,2.5,nagasaki,33.1,24.5,28.8,2.8,1,0
2026/08/02,system,17.43,14.72,28,9.82,tokyo,32.3,23.4,27.8,1.8,1,0
2026/08/02,tohoku,12.5,10.1,21,9.62,tokyo,32.3,23.4,27.8,1.8,1,0
2026/08/02,tokyo,23.41,26.6,30.31,20.07,tokyo,32.3,23.4,27.8,1.8,1,0
